가구/인테리어 > 인테리어소품 > 디자인문패,생활/건강 > 문구/사무용품 > 사무용품 > 명패,생활/건강 > 공구 > 포장용품 > 테이프,생활/건강 > 공구 > 설비공구 > 컷터기,가구/인테리어 > DIY자재/용품 > 접착제/보수용품,생활/건강 > 문구/사무용품 > 사무용품 > 현수막,가구/인테리어 > DIY자재/용품 > 시트지 > 단색시트지,가구/인테리어 > DIY자재/용품 > 가구부속품 > 기타가구부속품,생활/건강 > 공구 > 안전용품 > 기타안전용품,가구/인테리어 > 인테리어소품 > 조명 > 인테리어조명,가구/인테리어 > 인테리어소품 > 기타장식용품,가구/인테리어 > 서재/사무용가구 > 사무/교구용가구 > 교구용가구/소품
아크릴간판,명패,박스테이프,리지,마루바닥보수,입간판,투명시트지,도어스토퍼,야자매트,무드등,패브릭포스터,교구장
캠핑문패,크리스탈명패,방수테이프,파이프커터,물도깨비리폼박사,착한배너입간판,칠판시트지,슬라이딩도어,고무판,식탁등,드림캐쳐,몬테소리교구장
돌출간판,아크릴명패,3m양면테이프,디월트멀티커터,코멜리슬라임,케이배너입간판,화이트보드시트지,폴딩도어,그물망,선셋조명,썬캐쳐,아기교구장
led간판,나무명패,실리콘테이프,파이프커터기,줄눈테이프,환갑현수막,책상시트지,흡음재,휀스,식탁조명,마크라메,원목교구장
문패,자개명패,초강력양면테이프,파이프절단기,물도깨비방수테이프,현수막,시트지,방문교체,폴리카보네이트,조명,촬영소품,2단교구장
화장실표지판,명패제작,양면테이프,동파이프커터,가죽스티커,칠순현수막,무광시트지,방문,펜스,레일조명,자개모빌,원목교구
현판,대표이사명패,몬스터클리어겔,멀티커터,강마루보수,배너,방수시트지,인조대리석상판,대문,바다무드등,인테리어모빌,유아교구장
미니간판,교장명패,테프론테이프,로덴베르거,타일메꾸미,현수막제작,아프로시트,와이어액자걸이,렉산,만달라키조명,벽장식,한샘교구장
도어사인,책상명패,벨크로,전산볼트커터,장판본드,철제입간판,인테리어필름,액자레일,미끄럼방지테이프,레일등,아기방꾸미기,어린이집책상
나무간판,원목명패,투명박스테이프,pvc파이프커터,못자국스티커,생일현수막,하이그로시시트지,스펀지,메쉬휀스,미러볼,인테리어소품,3단교구장
간판,대표명패,욕실방수테이프,강관커터,frp보수,카페입간판,유광시트지,미닫이문,현관문말발굽,펜던트조명,인테리어벽장식,이케아교구장
호실판,미니명패,강력양면테이프,동커터,마루보수키트,배너거치대,싱크대시트지,abs도어,실리콘패드,수유등,대형패브릭포스터,유치원책상
아파트호수판,메탈명패,벨크로테이프,크니펙스볼트커터,타일줄눈마카,팔순현수막,접착시트지,자석도어스토퍼,계단미끄럼방지패드,인테리어조명,대리석트레이,오노홈교구장
현관문패,삼각명패,전기테이프,동관커터기,타일보수,실사출력,단색시트지,체어매트,깔깔이바,캠핑전구,모형책,양지가구교구장
영업중간판,투명아크릴명패,바치리폼박사방수테이프,파이프커터날,강화마루보수,미니배너,접착아스테이지,화장실문교체,칼라강판,썬셋조명,아이방꾸미기,일룸교구장
아크릴스카시,명폐,부직포테이프,타일컷팅기,월패치,pop글씨,화이트보드시트,예림도어,주차차단기,라인조명,유리구슬,유치원의자
현관문호수,사장명패,절연테이프,아레나토리,욕실타일보수,아크릴입간판,자석벽지,선반브라켓,차량진입판,구름조명,마크라메월행잉,비노즈
관계자외출입금지,대표이사명판,커버링테이프,튜브커터,줄눈마카,a형입간판,화이트시트지,말발굽,각반,네온사인,스테인드글라스,낮은교구장
캠핑간판,교감명패,투명테이프,타일절단기,욕조보수,철제배너,방염필름,화장실문,지붕판넬,수면등,드림캐쳐만들기,한샘모모로교구장
실내간판,고급명패,야광테이프,동파이프커터기,b7000,에어간판,템바보드시트지,침대헤드보드,철망울타리,앵두전구,헌팅트로피,비카
간판제작,대표명판,찍찍이,동커터기,장판보수,베너,방염시트지,텍스,항균필름,인테리어소품,인테리어책,장난감교구장
표지판,디자인명패,강력접착테이프,스텐파이프커터,금간타일보수,나무입간판,함석판,점검구,계단미끄럼방지,루이스폴센조명,나비썬캐쳐,4단교구장
고무스카시,골드명패,찍찍이테이프,타일컷터기,강마루보수제,배너제작,컬러시트지,의자매트,휠체어경사로,간접조명,태피스트리,비노즈교구장
스카시간판,승진명패,종이박스테이프,만능커터,벽메꾸미,지시봉,보조시트지,자석스토퍼,철조망,라탄조명,썬캐쳐만들기,이케아스투바
캠핑입간판,금속명패,깔끔대장방수테이프,파이프커팅기,석고보드보수,베너거치대,s176,액자걸이,고무패드,집들이선물,아크릴모빌,리바트교구장
아이방문패,퇴직명패,덕트테이프,동파이프절단기,깨진타일보수,미니현수막,블랙시트지,스폰지,방진고무,오로라무드등,라탄소품,어린이집교구장
아크릴현판,변호사명패,다용도방수테이프,크니펙스코볼트,튜브보수,플랜카드제작,신발장시트지,방음벽,안전방범창,led조명,마크라메가랜드,하우디가구
영업중,종이명패,청테이프,크니펙스커터,대리석보수,퇴직현수막,칼라시트지,문,고임목,이케아조명,선캐쳐,자작나무교구장
아트시스,황동명패,깔끔대장,강관커터기,피스스티커,등신대,씽크대시트지,식탁유리,논슬립,led간접조명,장미곰돌이,피노키오교구장
호수판,블랙크리스탈명패,블랙박스양면테이프,멀티컷터,록타이트리뉴,메뉴판거치대,월플랜,욕실문보호대,고무발,식탁등인테리어,곰돌이꽃,나무아이
잠시외출중,스텐명패,덕테이프,파이프컷팅기,마루커버시트,플랜카드,칠판벽지,문짝,안전손잡이,네온사인주문제작,무지개마크라메,엘피스교구장
스카시,사장님명패,박스테이프제작,엑셀커터,에폭시줄눈,배너친구디자인제작출력,핑크시트지,빈백충전재,상체식안전벨트,파티라이트,월행잉,꼬메모이교구장
안내판,책상명판,라인테이프,컷터기,가죽보수테이프,배너입간판,붙박이장시트지,와이어,흡연부스,감성캠핑전구,유리돔,장난감수납장
현판제작,명패만들기,실리콘양면테이프,강관파이프커터,강화마루보수제,카페배너,롤시트지,유리,계단손잡이,바다조명,오크통,양지가구
팻말,공인중개사명패,블랙박스테이프,전산볼트커터기,테낙스,x배너,하이그로시필름,현관말발굽,반사경,달무드등,인테리어소품샵,교구용가구/소품
디자인문패,ceo명패,3mvhb,로덴베르거파이프커터,가죽패치,포스터스탠드,낙서벽지,방문자석스토퍼,탄력바,만달라키,진자운동,아기전면책장
도로명주소판,알미늄삼각명패,3m테이프,동관커터,주방실리콘,고희연현수막,주방싱크대시트지,방문고정,경사로,전등갓,인테리어벽난로,룸앤홈교구장
아크릴글자,대표님선물,고무테이프,엑셀파이프커터,타일선새롬이,자이언트배너,현대s176,액자와이어,향균필름,취침등,드림캐처,미술교구장
오픈팻말,메탈스텐명패,면테이프,파이프컷터,바치리폼박사,배너출력,슈퍼매트,다보,안전각반,소싱무드등,전시다이,토리책상
화장실표시,알루미늄명패,opp테이프,스텐파이프절단기,매꾸미,미용실가격표,야광시트지,베이스트랩,방염포,화장대조명,소품샵,5단교구장
방문패,예쁜명패,크라프트테이프,pvc커터기,메꿈이,배너닷컴물통x배너실외용,다이소띠벽지,전선캡,계단논슬립,카르텔조명,장미꽃곰돌이,리바트아기책상
브레이크타임,마스크착용안내문,알루미늄테이프,tc-105,화장실타일보수,세일현수막,아이보리시트지,천장점검구,보온덮개,무선조명,샤넬책,우트리교구장
cctv녹화중,환갑명패,접착증진제,몬토리트,벽보수,졸업현수막,욕실천장시트지,슬라이딩도어레일,넥산,캠핑알전구,스테인드글라스썬캐쳐,토리원목책상
나무메뉴판,회장명패,은박테이프,dcs355d2,오공우드픽스,실외배너,투명접착시트지,가스쇼바,논슬립테이프,프리모리파티라이트,불독트레이,1단교구장
당기세요,탁상명패,초강력붙여보게,pvc컷터,겔코트,생일축하현수막,smt01,유리문,차단봉,고양이무드등,키네틱아트,소르니아교구장
카페간판,이쁜명패,보호테이프,전산볼트절단기,용착제,환갑플랜카드,lg인테리어필름,욕실문,안전난간대,led무드등,깃털,프뢰벨영아테마동화
간판만들기,호두나무명패,포장테이프,호스커터,장판용착제,pop스탠드,물칠판시트지,문짝교체,문턱,아크릴무드등,자개,이케아스투바벤치
큐브간판,명패가격,고릴라테이프,tcb105,욕실타일깨짐,아크릴스탠드제작,현대보닥,도어,화물차그물망,캠핑파티라이트,마크라메화분걸이,교연교구
오픈간판,세무사명패,캡톤테이프,동관절단기,가구스크래치,미니등신대,가죽시트지,문교체,전체식안전벨트,팬던트조명,니트레터링,미르가구
회사명판,상패리아,단열테이프,디월트,쇼파수선,물통배너,베이지시트지,함석판,과속방지턱,붙이는조명,라탄인테리어,오르다교구장
화장실안내판,아트시스명패,고스트겔,dcs355,바치방수테이프,현수막가격,식탁시트지,싱크대쇼바,정화조뚜껑,led식탁등,조개트레이,밀크호마이카
간판천갈이,명패크리스탈,강력테이프,pvc절단기,줄눈보수,철재배너,한샘시트지,욕실문교체,k2안전벨트,라탄갓,썬캐처,어린이집사물함
나무문패,삼각종이명패,밸크로,전산볼트컷터기,원목마루보수,포토월,블랙보드시트지,회전판,노루망,오로라조명,감성소품,교구장1000
미세요당기세요,향나무명패,3m듀얼락,튜빙커터,리폼박사,시트지인쇄,무광투명시트지,문짝교체비용,그물,알전구,디스플레이박스,아이교구장
아크릴명판,계좌번호판,테이프제작,pvc파이프절단기,배관보수테이프,등신대제작,주방시트지,가구받침대,단독주택현관문,줄조명,마블트레이,어린이집테이블
채널간판,명패케이스,내열테이프,가따,벽수선제,오픈현수막,고광택시트지,폴딩도어가격,pp로프,스테인드글라스조명,썬캐쳐diy,하우디교구장
우드간판,회장님명패,투명양면테이프,파이프컷터기,가죽수선,임대현수막,자석보드시트지,목모보드,팬스,우주무드등,차량용드림캐쳐,교구장2단
미시오당기시오,msds경고표지,원형양면테이프,엑셀파이프절단기,천장구멍,대형현수막,현대시트지,문틀,야자매트가격,캠핑앵두전구,마크라메휴지걸이,일룸에디키즈교구장
대문문패,가격표,필라멘트테이프,전산볼트컷팅기,쇼파보수,전역현수막,현대인테리어필름,접이식선반대,계단난간,경수진조명,라크라메,한샘미술교구장
사무실간판,led명패,부틸테이프,와이어커터기,마루바닥찍힘,led배너,a4시트지,선반다보,메쉬펜스,아르떼미데조명,유리공예,나무아이교구장
안내표지판,나전칠기명패,보온테이프,pvc파이프커터기,못자국,실내실외배너거치대모음x배너거치대제작출력매장가게광고카페입간판,재단자,자석말발굽,렉산골판,아이방조명,자개모빌만들기,하우디가구교구장
철제간판,대리석명패,천테이프,타일커터날,화인퍼티,예쁜입간판,딥그린시트지,오도시,자동바,베르판조명,우드소품,가베교구장
캠핑팻말,사장명판,보양테이프,t커터,마페이줄눈,베너제작,lxzin,문장군,주택대문,주방조명,대형마크라메,jd홈드레싱
화장실표시판,아크릴팩토리,보양비닐,dcs350,삼중지,윈드배너,s115,목다보,안전망,감성캠핑조명,가짜책,몬테교구장
나무팻말,원장명패,테프론,동컷터,인조대리석보수,엑스배너,인테리어필름지,슬라이딩레일,주상안전대,네온조명,벽난로모형,어린이집이불장
포인트간판,임원명판,카본테이프,배관커터,네바리,스틸물통실외배너거치대철제입간판실내철재배너카페입간판제작인쇄가게매장입구,다이소아스테이지,이케아상판,고무캡,테이블조명,쿠사마야요이,벤치수납장
나무현판,임원명패,몬스터테이프,로덴베르거커터,가구흠집,우드입간판,가구용시트지,천장텍스,울타리망,led가정용미러볼노래방조명,벽난로인테리어,교구장800
포맥스간판,어워드닷컴,신박하게방수테이프,블랙다이아몬드커터기,연성메꿈제,졸업식현수막,백색시트지,큐비클,실리콘판,카페조명,드림캐쳐diy,리바트로넌
오픈클로즈팻말,명패디자인,블랙박스접착,파이프캇타,쇼파스티커,미니입간판,인테리어시트지,선반지지대,타포린,아고라이팅,소품트레이,1400교구장
입체글자,요즘명패,초강력테이프,디월트만능커터,타일구멍,입간판제작,냉장고시트지,책상유리,방수갑바,당기는전구,우드모빌,복합교구장
입체간판,테이블명패,축광테이프,동카타기,마루본드,칠순플랜카드,비스포크시트지,현관문교체,갑바,라탄전등갓,열기구모빌,유치원칠판
아크릴표지판,msds그림문자,다목적방수테이프,렉스커터기,고려풀,플래카드,형광시트지,찬넬,양계망,미피수유등,홀로그램장미,책장교구장
셀프간판,대표선물,부틸방수테이프,배관절단기,타일매지,스탠드안내판,민트색시트지,히든도어,차량고임목,간접등,가짜창문,프뢰벨교구장
현관호수,사무실선물,우림테이프,tc-105h,마루찍힘,근조기,pvc시트,의자수리부품바퀴중심봉오발기타부속품,쇠사슬,led미러볼,스탠딩모빌,회전책장
금연표지판,사장자개명패,취급주의테이프,디월트전산볼트,못구멍,광고,리무버블시트지,리빙보드,진동방지패드,lexon미니램프,공기권총,교구수납장
강아지문패,스테인레스명패,신선식품테이프,tc105,줄눈메꾸미,a형간판,슈퍼매트시트지,미닫이문레일,핸드레일,스트링라이트,아기방인테리어,파랑새교구
cctv표지판,아크릴명패제작,실리콘방수테이프,렉스동커터,강마루메꾸미,pop거치대,보드시트지,호차,철망휀스,빈티지조명,빈티지소품,유치원교구장
소화기점검표,명패주문,망사테이프,시그마커터기,강화마루찍힘,아크릴등신대,현대s115,조절좌,난간,라탄등,결혼작사이혼작곡2,스투바
출입금지표지판,사장님명판,양면벨크로,컷쏘,가죽보수,포맥스인쇄,접착시트,현관스토퍼,공사용부직포,led줄조명,인테리어트레이,카리스교구장
고정문,알루미늄삼각명패,형광테이프,쇠파이프절단기,쇼파테이프,미용실배너,책상리폼,의자중심봉,텐텐지,가정용미러볼,기와,튜즐교구장
회전간판,투명명패,방열테이프,공성파이프커터,나무바닥보수,생일플랜카드,가구시트지,무타공말발굽,펜스가격,주방식탁등,아기방소품,도토리교구장
나무이름표,사장님선물,친환경테이프,동파이프캇타,도배용풀,led입간판,민트시트지,행거도어,주차장차단기,무선무드등,월레스와그로밋,미르가구교구장
금속간판,스탠드명패,곰팡이방지테이프,튜브커터기,매직픽스,롤업배너,토퍼시트지,레일,바리게이트,와이어전구,플라즈마볼,반달책상
회사간판,자개명판,차량용양면테이프,알루미늄커터,도배부자재,생신현수막,성심공방,원형상판,안전바,무지개무드등,소품책,교구장600
건물번호판,크리스탈삼각명패,폼양면테이프,크니펙스71-12-200,바닥보수,부동산현수막,삼성필름,덤퍼,렉산지붕,크리스탈조명,홈포차,깊은교구장
표찰,호텔문고리,오공테이프,파이프커터both,마이텍스,플랭카드,다이소시트지,유리브라켓,경사판,불멍무드등,썬캐쳐재료,책상테두리
외출중,계좌번호명패,투명실리콘테이프,강관절단기,아스팔트보수,현수막천,화이트보드벽지,쇼바,방문턱,led전광판,크리스탈썬캐쳐,스케치북장
오픈클로즈,교장명패가격,스펀지테이프,에어컨공구,붙이는줄눈,프로포즈현수막,접착식화이트보드,말굽,3m미끄럼방지,루이스폴센,말편자,프라이드리빙교구장
아크릴글씨,교회명패,박스테이프80m,호스절단기,경성메꿈제,미니배너거치대,삼성인테리어필름,방음판,렉산폴리카보네이트,미피무드등,벌룬독,심플룸
수목장명패,대표자명패,붙여보게,동컷터기,가죽소파수선,스탠드간판,시트지롤,고탄성스펀지,지붕,라바램프,라탄유모차,안지가구
openclose,사무실명패,튜브테이프,시그마타일,재단자,현수막거치대,필름지,흡음판,방지턱,미용실싸인볼,물수정,에디키즈교구장
글자간판,아크릴팝업,장판테이프,케이블절단기,온돌마루보수,애니데이파티,벽지시트지,싱크대가스쇼바,골판렉산,루이스폴센ph5,바다유리,우성아크릴
돌출표찰,원장님선물,틈새테이프,동파이프컷터,초배지,원목입간판,자석벽,화장실문보수,복층렉산,스누피무드등,아이방소품,마름모책상
미세요,cctv촬영중,카바링테이프,강관파이프커터기,욕조보수제,스틸배너,영림시트지,베란다창고문,대문제작,경수진램프,인테리어잡지,모던룸교구장
원형간판,넘버링n6,컬러테이프,블랙다이아몬드커터,하드필키트,티그램,es69,유리다보,안전로프,광섬유,소담작업실,고무나무교구장
오픈클로즈문패,삼각아크릴명패,싱크대방수테이프,주철관절단기,가죽리폼,족자현수막,현대필름s176,접이식브라켓,주차차단기리모컨,부케유리돔,크리스탈,땅콩책상
오픈led,순금명패,픽스테이프,디월트멀티컷터,걸레받이보수,사진현수막,보드마카시트지,베란다문,고무,포인트조명,쿠사마야요이호박,모모로미술교구장
준공표지판,커플민증,개퍼테이프,디월트전산볼트커터,마루실리콘,누어뷰포스터스탠드,그레이시트지,화장실문짝,렉산캐노피,무지개조명,수정구슬,교구장3단
아크릴간판제작,otto명패,줄눈방수테이프,마닉스열선,세면대깨짐,스탠드메뉴판,영림필름,선반대,창문빗물받이,렉슨미니램프,자개썬캐쳐,코너교구장
led돌출간판,공인중개사명판,플렉스테이프,스텐파이프커터기,강화마루메꾸미,칠순잔치현수막,한샘인테리어필름,대형아크릴판,능형망,플라워팟,족자봉,로이교구장
아크릴숫자,명패선물,누수테이프,철근절단기,가루풀,풍선간판,광확산필름,까치발,해태망,천장조명,대형드림캐쳐,어린이집책꽂이
조명간판,명패아크릴,색테이프,크니펙스7112200,강마루찍힘,안심콜스티커,장덕수시트지연구소,현관문클로저,안전띠,신생아수유등,거실벽면인테리어,유치원테이블
현관문번호판,우편함스티커,3m벨크로,리지드,천장보수,깃발배너,한화인테리어필름,수대,화물차용품,달조명,인테리어북,교구선반
원목간판,자석스티커,싱크대테이프,dcs350n,대리석줄눈,퇴임현수막,es56,매트리스밀림방지패드,닭장망,rgb조명,행잉레더스트랩,뮤리엘교구장
간판디자인,탁상용명패,폼테이프,라쳇동파이프커터,소파보수,실외배너거치대,smt10,유리제작,자동문스위치,노을조명,셰이커박스,현대교구
cctv스티커,개업명패,자국안남는테이프,링쏘,가죽보수스티커,네일샵가격표,한샘필름,mds도어스토퍼,고무받침,아크릴무드등만들기,차키트레이,800교구장
기업부설연구소현판,금명패,곰팡이테이프,엑셀가위,인조가죽스티커,대형배너,kcc인테리어필름,도어씰,대문가격,주방식탁조명,라탄열기구,어린이집좌식책상
까치발간판,대표님명패,욕실테이프,7122200sb,강마루본드,시트지출력,파스텔시트지,가구스티커,자동문센서,산리오무드등,마크라메행잉,600교구장
오픈클로즈안내판,멀티넘버링,양면테이프프라이머,강관커팅기,못구멍스티커,하와,몰딩시트지,의자부품,처마,케어베어무드등,미니드림캐쳐,아기책상
외부인출입금지,문고리안내판,바닥라인테이프,동배관커터기,미홈보수키트,어깨띠제작,인조가죽시트지,무타공도어스토퍼,3m귀덮개,led간접등,마크라메부엉이,양지가구전면책장
안내판제작,블랙명패,무소음테이프,만능컷터기,샤시구멍마개,x배너거치대,인테리어필름샘플,매트밀림방지,고라니망,라탄갓등,곰돌이장미,다인교구
사무실현판,숫자판,우벤테이프,커터칼,인조잔디본드,물통배너거치대,화이트보드필름,게제힌지,전선보호덮개,네온간판,빨강머리앤,교구장4단
강아지도어사인,예약석,울트라테이프,동파이프컷팅기,벽구멍,축하현수막,외부용시트지,슬라이딩도어댐퍼,알루미늄논슬립,우주조명,테피스트리,교구장추천
입체글씨,이사장명패만들기,다이소방수테이프,7122200,콘크리트보수,pop대,kcc필름,현관말굽,휀스대문,꽃무드등,아이방인테리어,데코앤비
와이파이안내판,커플증,듀얼락,pb가위,배관보수,에어풍선간판,smt03,무타공스토퍼,안전발판,북유럽식탁등,패브릭포스터대형,심플룸교구장
수목표찰,통크리스탈명패,투명방수테이프,엑셀파이프커터기,줄눈닷컴,안심콜배너,무광화이트시트지,계란판방음재,침대안전바,침대조명,아이방벽장식,은물교구장
아크릴표찰,화장실표시판,모자테이프,테이프디스펜서,스타본드,카페베너,방문시트지,현관문고정,범폰,감성조명,카페소품,가베장
지주간판,화장실표지,비닐테이프,dw-105,칼라메꾸미,스탠드배너,방수투명시트지,문틀교체,계단난간대,소싱센서무드등,슈가슈가룬,어린이책상세트
미용실간판,2단자개명패,스폰지테이프,배관커터기,흠집스티커,안전현수막,시트지벽지,인조대리석,플라스틱체인,생일선물,썬라이트,장난감정리장
아크릴문패,계좌명패,조인트테이프,갓따,구멍스티커,현수막인쇄,붙이는템바보드,쇼파밀림방지,캠버클,플라워팟조명,벽꾸미기,책장
화장실팻말,공무원명패,물테이프,비올라,도배초배지,네일샵배너,인테리어필름롤,베란다폴딩도어,엘리베이터보양,버섯조명,조개모빌,교구장원목
지싸인,교수님명패,청랩,스텐커터,벽지구멍,이벤트현수막,es86,침대밀림방지,아시바발판,조명등,옛날티비,교연교구책상
회사현판,교수명패,몬스터겔,아레나토리나일론커터,가구흠집스티커,반영구배너,극동공업,밀림방지패드,엘리베이터보양재,렉슨미나,우드오브제,반원책상
사무실표지판,다루다명패,필모룩스,엣지밴딩기,타일줄눈보수펜,마스크착용안내문,대리석시트지,화장실큐비클,미끄럼방지고무,똑소녀led무선나무무드등,인테리어천,양지교구장
사무실명패,대구명패,당일배송테이프,tcb-105,페인트보수,속눈썹배너,싱크대필름,쇼파스펀지,논슬립큐,유리돔,벽장식소품,어린이집책장
화장실문패,로고디자인,서통전기테이프,tcb-107,3m순간접착제,필라테스배너,템파보드시트지,화장실문방수,점자블럭,노래방조명,킨포크잡지,자작나무가구
openled,메탈글라스명패,오공박스테이프,tcb107,샷시구멍,배너광고,화이트보드지,스파이더락도어스토퍼,미끄럼방지스프레이,아이방수면등,라탄벽장식,장난감정리대
자석간판,미용실로고,택배테이프,밀워키동파이프커터,가죽수선테이프,배너물통,패브릭시트지,모루유리,바리케이트,선셋무드등,월데코,플레이팩토교구장
산업안전표지판,박사명패,만능테이프,쇠파이프절단,못스티커,프레임배너,현대l&c슈퍼매트,아파트현관문교체,주차차단기바,조개무드등,벽걸이장식,아이방교구장
영업중led,삼각이름표,벨크로찍찍이,스텐파이프커터날,프로마,현수막사이즈,무광화이트보드시트지,천장마감재,안전그물망,조명갓,제프쿤스벌룬독,일룸에디
주소판,실버삼각명패,자동차양면테이프,용수타일절단기,비즈접착제,현수막시안,lg시트지,방문짝,위험물저장소,은하수무드등,소품,1200교구장
푯말,아크릴금속명패,컬러박스테이프,찬넬절단기,파이프누수,퇴사현수막,시트지샘플,슬라이딩문,맨홀뚜껑,갓등,홈카페소품,교구장바구니
간판가격,아크릴네임택,3m박스테이프,핸드타일커터,피스커버,포토존현수막,울트라시트,식탁강화유리,울타리철망,네온사인만들기,쉐이커박스,샘키즈교구장
회의중,앉지마세요,아크릴테이프,c12ppc,가죽수선패치,인셀덤배너,홀로그램시트지,문소음방지,철대문,코튼볼조명,모형과일,우드벤치
벽간판,저렴한명패,얇은양면테이프,동관컷팅기,가죽쇼파수선,포토프롭,매트시트지,몬스터락,넥산가격,인테리어주방등,차키보관함,책꽂이쇼파
원형돌출간판,골드번호,다이소종이테이프,로덴베르거동파이프커터,다이소우드픽스,현수막주문제작,벨벳시트지,이케아테이블상판,방진고무판,크리스탈무드등,솔방울,1000교구장
간판종류,교패,리폼박사방수테이프,밀워키전산볼트,창문형에어컨틈새,포토현수막,토리1004,석고텍스,쇠사슬체인,건전지조명,레터보드,다빈치책상
갈바간판,다이소명패,보수테이프,슈퍼파이프커터,타일줄눈테이프,배너디자인,화이트보드스티커,가구부속품,제전매트,무선등,스튜디오201,유치원사물함
골드간판,대표,테이프,컷소,석고보드구멍,포스터거치대,현대엘엔씨필름,미닫이레일,안전대,led고급형무드등,웨딩아치,700교구장
아파트호수,명패원,3m초강력양면테이프,케이블컷터기,오공마루커버시트,카페개업선물,pp필름,방문가격,메쉬휀스가격,우드조명,자개모빌재료,스케치북정리함
cctv작동중,문고리팻말,포장용테이프,rb22,욕조크랙,파티붕붕,smt02,선반고정,흡착포,led레일등,카페인테리어소품,코아코아교구장
개업선물,문고리표지판,우림박스테이프,동카타,줄눈페인트,피오피글씨,다이소투명시트지,smc,문턱경사로,led취침등콘센트플러그일체형220v직결침실아이방무드등수유등수면등,자개드림캐쳐,누누교구장
문패제작,물을아껴씁시다,동테이프,디월트충전멀티커터,장판논슬립,코로나배너,무광블랙시트지,아파트문교체,계단매트,별무드등,마크메라,어린이집책상다리
아크릴번호,받침크리스탈명패,실링테이프,밀워키동파이프,타일사이,미용실입간판,싱크대상판시트지,재현하늘창,귀덮개,무드등제작,로즈베어,한샘아기책상
출입금지,법무사명패,변기테이프,스마토파이프커터,메가픽스,광고판,현대보닥인테리어필름,가구수평,디자인휀스,별조명,말발굽편자,교구장1400
화장실사인,신주명패,원형벨크로,앵글커터,가죽의자리폼,a4거치대,pvc시트지,유압쇼바,벨트차단봉,라인등,운석,교구장모서리보호대
오픈사인,아크릴상장a4,겔테이프,호스가위,가구보수제,현수막게시대,간판시트지,홀캡,지붕빗물받이,붙이는led,홈포차인테리어,리바트로넌교구장
후광간판,아크릴이름표,젤테이프,arm볼트커터,샤시구멍,미니배너제작,무광필름지,자동차흡음재,바닥고무매트,아이리스7등,메쉬보드,시내그린
사무실문패,유리명패,3m방수테이프,동커터날,dr-100,깃발제작,반사시트지,하나로보드,주차장코너보호대,앤트레디션,빈티지페이퍼,유아벤치
금연구역,자리명패,커버링,동파이프커터사용법핵심요약,메지칼,수박현수막,옥외용시트지,고탄성스폰지,러셀망,diy,조니워커블루라벨,유아좌식책상
스텐간판,편지각인,구리테이프,동파이프커팅기,줄눈마카펜,폼보드인쇄,lxzin인테리어,고경도스펀지,자바라대문,코어링크led미피등토끼무드등,나비장식,토리유아책상
팻말제작,화이트크리스탈명패대,수광양면테이프,pvc컷팅기,퍼티필러,에어풍선,영림중백색,리빙우드,무늬철판,제일조명,브릭나인벽난로,모모로교구장
안심콜스티커,t자형아크릴꽂이,양면찍찍이,동파이프커터날,강화마루수리,에어간판가격,접착투명시트지,대형아크릴,지붕재료,아모램프,아크릴볼,파랑새교구장
예쁜현판,관계자외출입금지,나노테이프,디월트만능컷터,다이소마루보수,환갑현수막제작칠순팔순이벤트생신퇴임축하부모님플랜카드,축광시트지,아스텍스,처마물받이,핀조명,철제벽장식,로넌교구장
감성간판,교장명패할인,천막보수테이프,디월트컷소,쇼파가죽스티커,여름현수막,데코타일,다용도실문,칼라강판가격,무선led등,빨간머리앤,영아책상
스텐현판,교장선생님명패,마감테이프,로덴베르거pvc,장판부자재,에어간판천갈이,영림인테리어필름,도어범퍼,충격방지패드,베르판글로브,얼음모형,크레아큐브
문패만들기,기관장명패,벽지테이프,스티로폼절단,테라코화이바테이프,바다현수막,벽지오염방지,현관문도어스토퍼,파이프마개,무드등만들기,여름소품,e0교구장
소형간판,디자인글꽃,칼라테이프,알루미늄파이프커터,마루보수칼라스틱,빙수배너,접착식아스테이지,문말발굽,안전용품,똑소녀불멍무드등벽난로조명,고스트우드,하이솔로몬스위티
호실번호판,멀티넘버링n6,asf110,파이프커터튜빅스,소파수선,피켓,조명시트지,씽크대쇼바,안전그네,펜던트등,손모형뜨기,우드교구장
아크릴박스간판,명패삼각,천막보수,rothenberger,쇼파가죽패치,메뉴판스탠드,카키시트지,가정용방음벽,pc판,커튼조명,아크릴썬캐쳐,교구장5단
벨을눌러주세요,방향표시,벽에붙이는테이프,tc-107,타일마카,실내배너거치대,es130,방문자석,대성부품,네온바,세계국기,전면교구장
테이블번호,병원명패,끈적임없는테이프,강관파이프절단기,엘머스우드필러,출산현수막,띠벽지,방문인테리어,벽부형핸드레일,led라인조명,불가사리,프라이드리빙
정기휴일,부모님감사패,3m폼양면테이프,에어컨배관커팅기,우드펜슬,플래카드제작,시트지프라이머,바닥보호매트,크린룸가방,미니조명,펜트하우스굿즈,헝겊책꽂이
주소표지판,삼가고인의명복을빕니다봉투,접착테이프,동배관절단기,주방용실리콘,네일가격표,인테리어필름1롤,강화유리제작,휀스가격,필립스휴싱크박스,크리스탈볼,흰색교구장
아파트동호수,소방약장,pvc테이프,동카터,타일줄눈마카펜,커피배너,몰딩시트,유리도어,앤드캡,수입조명,우드이니셜,낮은책장
led아크릴간판,소화기표시,화장실방수테이프,렉스동커터기,벽못자국,고희현수막,핀스,의자럭킹,휀스기둥,한지등,소라껍질,세레스홈교구장
소화기표지판,손대지마시오,은박지테이프,밀링커터,소파테이프,메쉬배너,화장실문시트지,중문스토퍼,용접각반,무드조명,스톤오브제,양지가구교구장3단
아파트호실판,스틸명패,3m전기테이프,kftac-8,피스마개,추석현수막,그린시트지,아크릴다보,안전블럭,인테리어등,종이모빌,원목교구장3단
예쁜led간판,심플명패,색깔테이프,tc-103,다용도메꾸미,a형철제입간판,벽시트지,소파스펀지,산업용안전벨트,가랜드조명,거실벽장식,유치원책상의자
오픈문패,아크릴대표명판,타이탄겔,강관컷팅기,몰딩자,정년퇴임현수막,주방하부장시트지,다보볼트,처마차양,식탁조명등,아이방인테리어소품,한국몬테소리교구장
현관문호수판,아크릴삼각이름표,3m찍찍이,수동파이프절단기,베어링오일,칠순배너,필름칼,헤드보드,방문턱제거,주방등,방꾸미기,한샘모모로미술교구장
미용실회전간판,알미늄명패,삼우테이프,스텐커터기,타일깨짐보수,회갑현수막,단열시트지,식탁유리가격,태양자동문,스테인글라스조명,스윙잉스틱,한샘미술장
예쁜간판,에코메이커스,몬스터양면테이프,알덴라쳇,대리석보수제,팥빙수배너,미니롤시트지,가마찌도어,고무깔판,석양조명,아이스크림모형,교구장1100
화장실문구,음각명패,석면테이프,이시이타일커터,인테리어테이프,상패의신화환갑현수막제작,슈퍼매트필름,그림걸이,분진망,캠핑무드등,마크라메드림캐처,라운드교구장
사용중,의학박사명패,3m투명양면테이프,전선컷터기,가구마카,가로등배너거치대,시트지함석판,유리슬라이딩도어,휀스종류,특이한무드등,마크라메드림캐쳐,유치원책상세트
미용실싸인볼,자개사장명패,asf-110,크니펙스파이프커터,도배용품,입구간판,장농시트지,액자레일걸이,진동패드,감성전구,아이방모빌,일룸
오픈안내판,직원명패,원형찍찍이,페이스커터,마루보수스틱,포도따기체험,하부장시트지,욕실선반브라켓,구갑망,예쁜식탁조명,백화수복,초등책장
호수스티커,진급선물,flextape,montolit,크랙실란트,골드입간판,rs51,욕실문방수,옥상난간대,국민수유등,세계지도패브릭,하이솔로몬
머리조심,탕비실표지판,카바링,pvc컷터기,가구구멍스티커,안심콜,rs69,유리키스,칼라강판지붕,조지넬슨버블램프,플렌스테드,미술책상
쓰레기무단투기금지안내문,통신사로고,라이프레시피,갓다,보수페인트,현수막출력,블랙유광시트지,강화유리난간,주차장기둥보호대,별자리무드등,어번던스,아기책장
staffonly,투명아크릴명판,깔끔대장다용도방수테이프,드라이월커터,쇼파패치,현수막원단,엘지시트지,수맥차단매트,타포린천막,라이언무드등,드림캐쳐재료,어린이좌식테이블
목간판,트루먼명패,소이텍스,로덴베르거커터날,아트월구멍,미용실베너,테이블시트지,타공도어,안전보호구함,탁상조명,오브제소품,오르다
영업시간안내판,파티션a2045,아크릴양면테이프,밀워키전산볼트커터,아덱스dg3,소량굿즈제작,화이트필름,고밀도스펀지,스피커방진패드,줄전구,빈티지책,우드웰교구장
물은셀프입니다,학교장명패,기밀테이프,배관커팅기,쇼파가죽수선,스탠드입간판,블루시트지,화장실도어,주물대문,전광판,led드림캐쳐,프라이드리빙매직2단교구장
사인보드,호두나무명패가격,주방방수테이프,허스크바나파트너,실크벽지보수,실내배너,엘지인테리어필름,가구고정,그네식안전벨트,디지우드만달라키노을석양선셋,감성인테리어,한샘책장
엘이디간판,a4아크릴꽂이,3m원형양면테이프,pvc파이프컷터,퍼티테이프,약국입간판,화이트펄시트지,소파밀림방지,이탈방지끈,조명레일,매거진b,거실교구장
숫자판,pvc2단택케이스1세트100개명찰케이스투명비닐투명명찰,eva테이프,로덴베르거날,보수스티커,금연현수막,네이비시트지,접이식선반브라켓,단차해소기,침실조명,드리프트우드,몬테소리책장
led실내간판,sq-st798-1,튜브보수테이프,로덴베르거동커터,마루보수인두,대형인쇄,붙박이장필름,차음시트,대문종류,헬로키티무드등,크리스마스리스,양지가구3단교구장
화장실사용중,계좌번호,3m절연테이프,멀티컷터기,보수리페어키트,임대문의현수막,삼성시트지,천장와이어,비계발판,비츠조명,오너먼트,어린이집신발장
현관번호판,고급명패제작,북테이프,블랙다이아몬드11116,마루보수인두기,매쉬배너,옷장시트지,나무문,논슬립q,led스트랩,빈티지종이,유치원책상다리
계단조심,골드번호가격,튜브방수테이프,이시이타일컷터기,에라스코,가격표제작,인테리어필름칼,슬라이딩도어부속,pe로프,눈꽃조명,스팽글,다인교구의자
나무간판제작,공인중개사책상,종이양면테이프,케이블캇타,가구색칠,꽃집배너,자석시트지,찬넬기둥,간이리프트,캐릭터무드등,기와가격,리바트로넌2단교구장
금손간판,교감명패서각,차량용테이프,pvc커터날,도배풀제거제,배너간판,투명방수시트지,책상강화유리,미끄럼방지페인트,야외조명,벽면인테리어,모둠책상
호실,나무자개명패,천막테이프,로덴베르거7.0045,욕실메꾸미,세계지도,필름시공칼,레일문,자동문,라탄조명갓,가을소품,미술학원수납장
led영업중,대표이사크리스탈명패,타일테이프,배관컷팅기,타일틈새메꾸미,현수막걸이,현대필름s115,밀림방지,화물차갑바,깃털조명,레트로tv,비카책상다리
소방안전관리자현황표,디자인아크릴개인명패,위장테이프,블랙다이아몬드동커터,방화패드,가로등배너,카메오시트지,창고문,옥상난간,인테리어조명등,텐세그리티,아이꿈터교구장
사무실표찰,명패나무,삼성테이프,스테인리스커터,데코타일보수,피켓제작,거실인테리어시트지,천정고리,화물차깔깔이,팬던트등,레트로소품,학원책상
사이드간판,명패세무사,페인트마스킹테이프,시그마타일커터,메도칠,환갑배너,문틀시트지,천장액자걸이,고소작업렌탈,라탄등갓,데스크모빌,4단책장
close,명패알루미늄,무소음박스테이프,알루미늄파이프커터날,몰딩보수,대형현수막제작,싱크대필름지,테이블유리,죔줄,디지우드아크릴led무드등제작,레인보우메이커,교구용나무
아크릴돌출간판,목각명패,청보호테이프,전산봉커터기,오공틈새메꾸미,상가임대현수막,에어컨시트지,와이어걸이,스텐체인,아이방등,만다라패브릭,교구의자
층별안내판,미니나무명패,내열양면테이프,플라스틱커팅,타일줄눈제,철제배너거치대,벽지칠판,책장고정,지붕강판,앤트레디션플라워팟,움직이는선인장,리코모듈
미시오,법무사명판,마스킹비닐,7.0045,피스캡,반영구가격표,시트지화이트,9mm문선,화물차아대,캠핑감성조명,레트로티비,색지정리함
메탈현판,부산대표이사명판제작,우레탄테이프,b-tc600,sealantfix,뷰티샵배너,욕실시트지,도어레일,방충망잠금장치,달콤말9등아이방조명샹들리에아이방등,루일리모빌,슬림교구장
도로명표지판,부착형명패,난연테이프,강관컷터,가구기스,실사출력스티커,워터초크시트지,레일도어,3m범폰,나노리프,마크라메선반,오르다가베장
간판글씨,블랙크리스탈명패심플,무로멀티콘테이프,공성/ksu/파이프커터,소파가죽패치,양면배너,신발장필름,의자바닥매트,도로반사경,led레일조명,나자르본주,토리원목
포맥스제작,샌미포토,신선테이프,동커팅기,장판수리,샌드위치배너,크림화이트시트지,렉스판,윤형철조망,키즈조명,인스타소품,강의대
메탈간판,선반가격표,신일테이프,로덴베르거커터날70051d,지붕마감재,캠핑현수막,현관문도색,유리난간,가시철조망,조명의신,일본지도,교구장세트
인테리어간판,소형명패,텐트보수테이프,슈퍼동파이프커터,마루수리,피부샵메뉴판,가구필름지,유리타공도어,가시철망,네온무드등,옛날tv,교구장화이트
주행연습표지,스프링화일,친환경박스테이프,알루미늄파이프커터기,방문보수,어린이집현수막,무늬목시트지,현관문말굽,방진고무패드,오리무드등,시나몬가랜드,북카트
open간판,아크릴고급명패,크라프트종이테이프,주름관절단기,화이바테이프,x베너,문시트지,바닥스토퍼,안전펜스,라이트패널,명품책,엘피스고무나무
층별안내,알미늄삼각명패10*50cm,서통절연테이프,철밴드거치대,형제pvc철물,카페현수막,벽지화이트보드,유리미끄럼방지,egi휀스,무선led,알라딘램프,영아교구장
작은간판,엘리트교장나무명패판매,친환경종이테이프,크니펙스동커터,강화마루보수키트,스텐입간판,보닥필름,모듈가구만들기,논슬립페인트,크리스탈식탁등,방연당,유치원탁자
화장실안내문,오석명패,3m8067,크니펙스튜빅스,매지,아메리카노배너,시트몰이,접이식도어,꿩망,개업선물,유리썬캐쳐,한샘모모로1500
아파트번호판,옥명패,3m실리콘테이프,타일용홀커터,장판보수테이프,미용실현수막,외부시트지,거울받침대,견인바,코튼볼,자개모빌diy,교구장810
텃밭팻말,이름표,인쇄테이프,플라스틱파이프커터,제스트폼건,스튜,유광필름지,방음벽설치,미끄럼방지실리콘,태양노을일몰만달라키조명,부엉이마크라메,교구장완제품
화장실간판,이사명패,바치리폼박사,동배관커터,파이프보수,기념일현수막,인테리어필름시트지,원형계단,주차라인,오징어등,곰돌이포스터,교연교구의자
실내led간판,전문직명패,타이탄겔양면테이프,만능컷터,가구까짐,세우는간판,코팅시트지,폴딩도어레일,전원주택휀스,무선전등,고래모빌,다인교구의자33
아파트문패,종이삼각명패,방수실리콘테이프,볼트절단기,나사스티커,전역플랜카드,현대l&c시트지,tv회전판,침대떨어짐방지,자개조명,벽걸이소품,벌코책상
청소중표지판,주문제작명패,바닥테이프,스텐파이프컷터,밀가루풀,예쁜현수막제작,검정무광시트지,가스스프링,엔드캡,무선led바,슬레이트,아동책상세트
흡연금지표지판,주차금지,일상공감,시그마컷팅기,벽메꾸미세트,반영구메뉴판,로즈로사시트지,와이어고리,펜스종류,led네온,포장마차인테리어,어린이집가구
룸넘버,중개사명패가격,방수양면테이프,신용타일컷팅기,타일매직터치원,입간판만들기,밥상시트지,아파트방문교체,계단핸드레일,램프,라탄모빌,오픈형사물함
사무실명판,진급선물자개,랩테이프,아임삭멀티커터,가죽소파보수,청귤배너,시트지아이보리,아미텍스,화물차발판,diy키트,벽인테리어,의자책꽂이
open팻말,크리스탈명판,3m강력양면테이프,열선컷터기,균열보수,테이블배너,인테리어필름화이트,현관도어스토퍼,데크난간,마인크래프트무드등,공중전화부스,이케아벤치수납장
led오픈,크리스탈학교장명패구입,박스종이테이프,와이어절단기,소파가죽스티커,네일배너,페인트팜시트지,환기창,추락방지망,포인트등,편자,전면책꽂이
당기세요미세요,트로피,씽크대테이프,전동파이프커터,실리콘보수,생일파티현수막,화이트필름지,abs문,사각맨홀뚜껑,터치등,차량용썬캐쳐,전면책장
간판조명,포인트pop,플로랄테이프,튜브컷터기,아크졸,전교회장포스터,흰색시트지,레일액자,폴리스라인,아크릴조명,페브릭포스터,프라이드리빙3단
도로명주소,피부샵로고,두꺼운양면테이프,호스커터기,마루흠집,코로나포스터,lg하우시스시트지,수맥차단,제설함,싸이키조명,와이어레터링,프라이드리빙3단교구장
디자인간판,호실판,두꺼운테이프,hcp200,목공오일,퇴임식현수막,smt시트지,천장석고보드,단열방화문,미니무드등,행잉포스터,한스교구장
명패디자인,화이트크리스탈명패,수도테이프,밀워키동커터기,석고보드땜빵,등신대만들기,고광택펄시트지,천장레일,라쳇바,모던미드센추리조명,물고기모형,1인용유아책상
미끄럼주의표지판,화장실그림,열전도테이프,볼트컷터기,접착가죽,근조기제작,메탈시트지,유리주문,트럭그물망,샤오미무드등,아기포토존,높은교구장
아크릴레터링,화장실돌출간판,까슬이보슬이,블랙다이아몬드커터기11218,가구보수페인트,밴딩입간판,비닐시트지,상판,장애인경사로,해방타운선셋조명,포스터커튼,레이교구장
우드레터링,화장실표시,벽테이프,스크류그랩,변기보수,아이스크림에어간판,시트지제작,천정점검구,전선거치대,콘센트플러그일체형취침등,드림캐처만들기,모모로미술교구장900
원목문패,회의명패,유리섬유테이프,엑셀컷팅기,석고보드메꿈,현수막걸이대,올리브시트지,패브릭보드,전선보호대,충전식무드등,라디오미터,몬테소리수납장
오픈표지판,흡연구역,화장실테이프,전산커터,원목스티커,공부방현수막,울트라시트지,방음아트보드,창문안전바,토끼무드등,영문페이퍼,몬테소리한글
현관문문패,cctv감시중,갑을테이프,크니펙스볼트컷터,타일줄눈보수,x배너제작,조명용시트,유리선반다보,갑빠,엘사조명,인테리어새장,비즈노교구장
주택문패,great종이제본표지,공업용양면테이프,타일커터기,갤코트,대형스티커제작,직물시트지,인테리어문,고무받침대,헤일로조명,오브제트레이,어린이집2단교구장
철제돌출간판,pvc번호표,누수방지테이프,7112200sb,들뜬타일,크로플배너,sg113,유리선반브라켓,화물아대,아기수면등,하이큐태피스트리,어린이집탁자
led채널간판,t자명패,다이소찍찍이,단열재열선,풀자국제거제,배너사이즈,가구시트지리폼,자작나무상판,화물바,등,라탄볼,원목책장
아크릴사인,검정색자괴명패,실크벽지테이프,동절단기,대리석수리,배너폴대,논슬립시트지,포켓도어,안전휀스,애시드무드등,주기율표,원목칠판
골드현판,계좌번호명함,글루픽,디월트전산볼트커터기,브이텍우드필러,굿즈샤인,단열문,키보드흡음재,용접포,인기셀프레일조명레일등모음딜,고래썬캐쳐,일룸에디키즈수납교구장
재실표찰,골드메탈명패제작,나노양면테이프,디월트컷쏘,석고보드수리,출력피오피,도안지,욕실문보수,고무논슬립,카카오무드등,현관문장식,책장겸교구장
알루미늄명판,골드미니명패,다이소테이프,리지드커터,소파스티커,경작금지,무광실버시트지,일자도어스토퍼,건설안전벨트,네온사인간판,모빌인테리어,친환경교구장
젤리키,광주명패제작,소음방지테이프,밀워키pvc,강마루보수키트,배너부품,벨크로시트지,디아월,알루미늄대문,아모램프수유등,수정구,키즈수납장
철제스카시,교장명패원목,양면폼테이프,블랙다이아몬드파이프커터,강마루찍힘보수,뷰티샵메뉴판,올리브그린시트지,목문,실리콘고무판,원통직부등,진자,토리책상의자
브레이크타임팻말,교장선물,전선테이프,스마토pvc파이프캇터기,배관누수테이프,팔순잔치현수막,우드시트지,마블스펀지,철판패킹,도자기조명,모빌재료,호마이카교구장
인피니티미러,기대지마세요,블랙박스스티커,스마트스프링파이프커터날,인포벨물도깨비,smp배너,칠판필름,주방문,카업,식탁조명인테리어,빨간머리앤소품,데코앤비교구장
글씨간판,나무명패제작,3m커버링테이프,시그마타일커터기,칼받이,배너대,침대헤드시트지,쇼파밴드,화물스트랩,후렌치,수정,모모로
와이파이표지판,당기세요,까슬이,엠바절단기,달팽이줄눈,웨딩포토월,태양광반사필름,smc천정재,나무아대,불타는무드등,인테리어나뭇가지,몽프로제
open,대구명패제작,배관방수테이프,용수타일,멀티가드,케이배너,현대엘앤씨인테리어필름,슬라이딩도어스토퍼,닭장철망,말랑하니수유등,조개모형,사물함8인
호실번호,대표명패디자인,인포벨방수테이프,원더커터,백곰본드,환갑상차림,lg조명용시트,가구부속,경사로진입판,코르크전구,오페르툼,스케치북정리
나무현판제작,대표이사메탈명패,자동차테이프,유리컷터기,가구보수펜,롤배너,smt04,슬라이딩댐퍼,네파안전벨트,야외전구,사슴뿔,양지가구교구장1200
층표시,돌출표찰,페인트테이프,주름관커터,마루수리키트,은방이네,기포없는시트지,계란판,유신주상안전대,이케아라탄조명,행잉패브릭포스터,유치원신발장
안내문구,마스크안내문,372ks,지관컷팅기,몰딩접착제,가게입간판,실루엣시트지,방문교체비용,미니깔깔이바,침실무드등,종이학1000마리,유치원좌식책상
깃발간판,마스크착용안내문(코로나19),노턴테이프,kxp-230,벽메꿈이,생일현수막제작,현대l&c,선반받침대,고정바,누마램프,마크라메무지개,책꽂이벤치
우드문패,메달제작,신일박스테이프,pe절단기,팀버메이트,배달의민족배너,화이트우드시트지,ㄷ자,주차턱,스마트조명,홀마크오너먼트,키즈파라솔
집호수,메탈고급명패,알미늄테이프,다이소파이프커터,마루찍힘보수,은퇴현수막,lg수성프라이머,ㄷ형강,3m미끄럼방지테이프,천장매립등,미니마크라메,퍼시스유아책상
펜션간판,메탈명패제작,다이소부직포테이프,모세관커터,벽메꿈이세트,반영구베너,눈금시트지,벽선반브라켓,안전블록,네온,천장모빌,프뢰벨책장
openclosed,메탈스탠드명패,인덕션테이프,밀워키컷터기,삼광도배,캘리그라피현수막,시트박사,레일액자걸이,고소작업대렌탈,만들기,쉬폰패브릭포스터,하우디가구3단교구장
글씨,문고리알림판,접착스티커,수축튜브절단기,mohawk,정년퇴직현수막,싱크대문짝시트지,폴리몰리충전재,볼트방진고무,공간조명,홀로그램꽃,고무나무책상다리
오픈,반누보,게퍼테이프,스마토smp0350,가구펜,커피숍배너,현대보닥s115,벽선반받침대,주택울타리,자기부상무드등,기와지붕,꼬메모이로이교구장
간판업체,반려동물수목장명패,모자사이즈테이프,엑셀파이프컷터,덧바르는실리콘,이삼애드,홀로그램비닐,스프링도어스토퍼,코오롱안전벨트,스마일조명,라탄가랜드,리바트뚜뚜고양이
호수번호판,변호사명패폰트,박스테이프80m50개,전산볼트컷터,도배칼,물놀이현수막,화이트무광시트지,중문롤러,패킹,잭다니엘,미스모네,마름모테이블
표시판,사무실책상명패,넓은테이프,초음파커터,장판땜빵,속눈썹메뉴판,lg필름,현관문스토퍼,경사발판,led와이어전구,마크라메화분,미르가구일반형교구장4단810형
방번호,사장님이름표,초강력방수테이프,타일컷팅기대여,타일구멍메우기,식당현수막,sl516,abs도어문틀,주차장바리게이트,여신파우더룸10단계밝기조절led10구3색붙이는전구화장대조명,집들이선물,복합교구장1000
부식간판,세련된명패,열에강한양면테이프,파이프커터휠,벽지못자국,워킹배너,다크그레이시트지,환기구커버,수직보호망,유리조명,사진거치대,사물함
플렉스간판,손대지마시오표시,크라프트박스테이프,파트너컷팅기,쇼파가죽시트지,환갑현수막제작,인테리어필름색상,가구미끄럼방지,3m헤드셋,아기방조명,마끄라메,삼성교구
led글자,숫자돌림판,한국테이프,kk-032,시바툴,브라이덜샤워현수막,고광택인테리어필름,고정브라켓,자동차고임목,노래방미러볼,조개껍데기,어린이집가방장
금연구역스티커,숫자명패,박스테잎,sm-127a,육각슁글,엑스배너거치대,브라운시트지,다이소도어스토퍼,투명지붕,스테인드글라스빈티지레트로유리펜던트조명식탁등,손석고,원목신발장
대문명패,실내형대형배너,자국없는테이프,ts-pc-603d,장판찍힘,y배너,시트벽지,실내방음벽,논슬립스프레이,구름무드등,가짜얼음,유아수납장
빈티지간판,심사위원명패,씽크대방수테이프,ytc-600,조색실리콘,미니깃발제작,유광펄시트지,로봇청소기문턱,웨빙띠,원목조명,무지개모빌,유치원교구책상
아크릴현판제작,아크릴명패주문제작,3m강력테이프,z-v63n,가죽소파스티커,현수막주문,장폭시트지,중문바퀴,발포실리콘,충전식조명,플라스틱기와,토리책상세트
실내아크릴간판,아크릴회의명패,멀티콘테이프,동관컷터기,깨진타일,포토월제작,조명필름,현관문말발굽,rt-321a,마르셋진저,스톰글라스,한샘모모로미술교구장세트1500
어린이보호,앉지마시오,신흥테이프,디월트커터,도배네바리,무선에어간판,침대헤드보드,도어교체,수직망,버블램프,짱구아크릴,호마이카책장
금속현판,알류미늄명패,매직양면테이프,라쳇파이프커터,쇼파가죽보수,병원놀이현수막,칼라시트,유리가격,닭망,침대무드등,드림캐쳐무드등,화이트보드판
남녀표시,양면명패,원스테이프,리지드파이프커터,타일눈,코로나현수막,핫핑크시트지,흡음파티션,유공발판,실리콘무드등,커피벽돌,교구책상다리
사무실안내판,양면아크릴명패,칼라박스테이프,마닉스열선커터기,구멍메꾸미,뉴마커스,현대l&cs176,epp충전재,받침목,콘센트조명,스톤트레이,꼬메모이북웨건
실외간판,엘리트명패,루디루디,스마토동파이프커터107,도배부직포,웰컴보드,현대보닥s176,pvc점검구,슬로프,led바다조명,아기방모빌,돌아기교구장
아파트호실,예쁜대표명패,본디지테이프,엑셀절단기,아스콘보수,탁상용배너,esh01,차음판,낙하물방지망,led책상등,포토행거,모모로교구장1500
우드사인,옥돌명패,라바테이프,열선커터기,푸가프레스카,a3거치대,실루엣카메오시트지,매직3구말굽스티커,pe방호벽,이케아전등갓,철재벽장식,솔로몬책상
도로명주소표지판,온아데이,변기방수테이프,와이어컷터기,나무보수,미용실요금표,차콜시트지,행거레일,불티방지포,네온플렉스,글라스돔,양지가구4단교구장
외부간판,원사진급선물,불연테이프,전산봉커터,가구찍힘,철제베너,천정몰딩시트지,미니픽스,차량차단기,레일,스튜디오소품,어린이집좌식테이블
개조심팻말,인천명패,전기절연테이프,주름관커팅기,거실바닥보수,학원배너,타일시트지,다이소액자레일,개구부덮개,led라인,크리스탈원석,원목3단교구장
재료소진,임원명패제작,접착식벨크로,충전커터,찢어진장판,pop제작,필름프라이머,알루미늄레일,실외기방진패드,싱크대조명,마크라메행잉플랜트,유아책장
저렴한나무간판,중앙기념사명패제작,3mvhb4910,b-tc600l,마페이케라칼라,칠순상차림,하이글로시시트지,유리맞춤,가빠,인기라탄조명식탁등펜던트조명모음,홀로그램모빌,이동식교구장
포맥스현판,천연자개삼각명패,욕조방수테이프,lk-500,인조가죽보수,uv인쇄,lg하우시스인테리어필름,방문틀,화물차고임목,줄네온,정원인테리어소품,이동식책꽂이
레터링간판,크리스탈상패,겔양면테이프,nt커터칼,인조잔디접착제,네일현수막,s178,앵글평상,골고무판,조명쇼핑몰,벽지가리기,저렴한교구장
영업중팻말,통영삼각명패제작,다이소양면테이프,pb컷터기,하드필마루보수,스탠드pop,sd920,가구넘어짐방지,낙상경보기,나무조명,인테리어소품책,컴퓨터책상
간판견적,투명명판,라이프레시피울트라테이프,pvc가위,도배본드,시트지실사출력,sl612,문교체비용,우퍼방진매트,공중에뜨는달무드등,꼬떼따블,토리초등책상
상상싸인,학교장신규발령명패제작,몬스터화이트쉴드,sm-p0342,목공용퍼티,학원현수막,몰딩용시트지,원터치말발굽,진입판,리비트무드등,유리조각,프라이드리빙교구장깊이300
커피간판,학원명패,박스테이프중포장,std-180e,벽구멍보수,실외용배너,3m시트,도마발,스텐대문,오픈네온사인,타조깃털,현대교구의자
감성문패,화장실남여표시,스폰지양면테이프,고속절단기,홈메우기,가격표만들기,rs56,유리문스토퍼,판넬지붕,라탄전구,북유럽소품,1단책장
나무푯말,화장실돌출표찰,실리콘단면테이프,고이송커터,가구크레용,데이트립,무광칠판시트지,현관문자석스토퍼,h10a,포그머신,발리소품,공부방수납장
개인과외교습자현판,황동+레이저+싱글패,3m5069,동관커팅기,가죽쇼파보수,코로나안내문,바닥시트지,천정텍스,갑바천,부케돔,스누피패브릭포스터,돌봄교실책상
옥외간판제작,회의실명패,3m양면,동캇타,마루보수시트,포맥스출력,아트월시트지,높이조절볼트,문턱경사,붙이는전등,드림캐쳐키트,레인보우교구장
돌출표지판,회의아크릴명패,다이소풀테이프,라쳇형파이프커터,인포벨방수테이프,플라잉배너,옥외시트지,시디즈t50좌판,지붕처마,사이키조명,문장식,몬테소리장
노크해주세요,회의용명패,박스테이프50개,밀워키파이프커터,목재보수,현수막배너,책상리폼시트지,도어스톱,한반도철망,토끼조명,북유럽인테리어소품,미르가구책꽂이
사각돌출간판,회의용아크릴명패,식품테이프,밸류동커터기,수성연질폼,a3스탠드,현대시트,영림도어,실내반사경,라인led,나뭇가지인테리어,미르교구장
로고간판,회장김성경명패,욕실실리콘테이프,스마토동파이프커터sm-105,실리콘조색,깃발현수막,현대엘엔씨슈퍼매트,유리난간대,계단논슬립패드,인테리어무드등,쉬폰포스터,비노즈라운드
아크릴큐브간판,0016959,강력붙여보게,알루미늄갓다,타일구멍막기,안심콜출입관리,가구리폼시트지,화장실문틀,생고무,한지조명,모세바구니,양지가구교구장4단
안심콜,a2065파티션꽂이,고릴라양면테이프,청일상사,화성본드,등신대거치대,광폭시트지,스텐난간대,와이퍼올,사각매입등,만다라태피스트리,어린이원목의자
기대지마시오,a형금속명패,대영테이프,커터기,가죽쇼파시트지,소형현수막,데칼시트지,흡착식도어스토퍼,호로,리모컨무드등,도자기십자가,어린이파라솔
쓰레기버리지마세요,cctv설치안내,동양테이프,크니펙스71222200,강화마루흠집,현수막종류,밀크화이트시트지,방문도어,고무롤,무대조명,비스무트,예쁜교구장
현관문번호,t자형명패,옥상방수테이프,타일컷터,금간변기,교회현수막,블랙아웃시트,와이어부속,바닥철판,레일펜던트,석영,좌식테이블어린이
어린이보호표지판,t자형아크릴명패,이지씰,30공타공기,바닥찍힘,속눈썹가격표,싱크대유광시트지,선반까치발,원형방진고무,은하수조명,드림캡쳐,책꽂이소파
셀프코너,vmd멀티넘버링번호돌림판n12,플라스틱테이프,bbt컷팅기,셀프줄눈마켓,왁싱배너,싱크대하부장시트지,안방문,미니깔깔이,레일전등,선라이트,토리원목책상의자세트
수목장팻말,각종명패,무광테이프,duracarb,싱크대보수,음악학원배너,연핑크색,거실폴딩도어,방음헤드셋,뉴트릭led라인조명레일조명시스템(무브원추가),스마일패브릭,트임교구장
와이파이안내,간이명패,아이비그립테이프,ha-450,집텍스,a3pop,토리시트,다보피스,창문렉산,조명후렌치,썬캐쳐키트,편백나무교구장
뚝딱인테리어,갈색크리스탈명패,커트에이스,강관컷터기,m바,백월,현대보닥슈퍼매트,택스,차단기바,스테리나이트빔,아기방헌팅트로피,한샘교구장600
자율형건물번호판,건축사크리스탈명패,원준테이프,동파이프커트,다이소우레탄폼,스프링배너,현대슈퍼매트,통풍구,3mh10a,빙글빔,행잉패브릭,한샘모모로미술
방문이름표,걸이명패,테이프인쇄,로덴베르거7.0056,러스티코리액터,투명배너,hs204,망입유리,단차해소,일자조명,마크라메가리개,화이트교구장
몬스터다이버,검도명패,고정테이프,로덴베르거트윈커터,벽메꿈,칠순현수막제작,lg필름지,픽처레일,생명줄,베르판,산호오브제,1200책장
화장실안내,검도일반명패,pu테이프,링크형파이프커터,욕실보수,착한배너,나무시트지,중문호차,주영산업,경첩등,아기방,3단우드장
농장간판,경고표지,다이소자석테이프,밀워키동관커터,줄눈보수펜,대형시트지제작,밀리터리시트지,스톱퍼,석면포,캠핑줄조명,클래퍼보드,6단교구장
와이파이표시,경비실경유,3m아크릴폼양면테이프,볼트커터기,wallpatch,오픈예정현수막,비스포크필름지,자동말굽,전선덮개,스마트무드등,풍경패브릭포스터,7단교구장
캠핑명패,계좌번호각인,덕성하이텍,슈퍼tcb-105,가구메꿈제,조명입간판,스티커칠판,도어자석,부착바,거실간접조명,까사알렉시스,고무나무1단교구장
후렉스간판,계좌번호안내판,박스테이프소량제작,스테인레스파이프커터,도배칼받이,피부관리실메뉴판,시트지무광,반달스토퍼,중앙분리대,식탁led등,바나나모형,교원교구의자
어린이집문패,고급크리스탈명패,종이테이프,시그마컷터기,물도깨비테이프,배너인쇄,싱크대리폼,차음재흡음재,플라스틱사슬,논네온,책소품,뉴꼼므5단교구장
글자,고정문,3m블랙박스,아시바절단기,소파패치,가게간판,현대l&c필름,벽방음,휠체어문턱,주문제작무드등,뱃지플래그,뉴꼼므교구장
대표이사실,골프언더패,블랙박스용양면테이프,원형자르기,욕실타일구멍,led베너,현대보닥필름,유리고정,창문안전망,아카리조명,마크라메대형,도서관슬라이드
외부음식반입금지,공인중개사개업비용,테이프프라이머,절단기,리폼가죽,배너가격,골드시트지,도어고정,산업용귀마개,필립스휴그라디언트,스탠드모빌,두닷멀티탭
부서표찰,공인중개사명패추쳔ㅈ,금속테이프,주름관컷터기,소파가죽수선,현수막디자인,미러보드필름,슬라이딩도어롤러,이동식경사로,리모컨조명,서핑보드장식,리코책장
카페인테리어소품,공인중개사전문직,모자사이즈조절테이프,타일니퍼,가죽소파패치,경축현수막,분필칠판시트지,바닥도어스토퍼,포터그물망,파티조명,요술램프,모듈가구교구장
화장실표찰,관리소장명패,무광면테이프,파이프커터기w098dh,깨진세면대,빅폴배너,시트지블랙,아교도시,흑고무판,홈즈오로라무드등,브리타받침대,몬테소리교구장크기
아크릴조명간판,교감명패제작,박스테이프50m,파이프커터기공성,마루보수본드,전역이벤트,시트지색상,압축마블스펀지,고무칩,아기무드등,모빌,미술장
자석현판,교감향나무명패,창진테이프,dcs551n,석고보드메우기,주차금지현수막,시트지칠판,방문시공,주영산업자동바,무선터치라이트,불가사리모형,미술학원의자
철재간판,교장,강력한양면테이프,pvc배관커터,장판메꾸미,투명입간판,템바보드,전공구,휀스철망,네온사인제작,빅이슈잡지,부엉이어린이집책상
행잉간판,교장자개명패,깔끔대장신박하게방수테이프,pvc캇타,마루찍힘보수제,패디플래닝배너,한양시트지,diy가구,선홈통,레일등기구,브리타정수기받침대,삼나무교구장3단
cctv안내,구인광고,전기용고무테이프,rbn22,방수폼,골프현수막,현대보닥시트지,바닥자석스토퍼,현관캐노피,이케아식탁등,크리스탈문진,색상지정리장
led전광판,금연표지판,중포장박스테이프,tcbc105,석고보드메꾸기,목재입간판,화이트보드코팅지,방화문스토퍼,아연능형망,데이홈침대무드등,기와장,슬라이딩책장
골드스카시,기념식수,크림하우스테이프,vk34n,쇼파수선테이프,뷰티샵가격표,es132,도어스토퍼자석,토목용부직포,델로나,딸기모형,아기미니교구장
물은셀프,다이소아크릴네임텍,화장실변기테이프,각도절단기,아크릴퍼티,원아모집현수막,s179,욕실천정재,루프코일,무선조명등,골드인테리어소품,어린이1인책상
냉방중,대출반납일력표,vhb4910,동관커터날,장판융착제,자이언트폴,방문,크레홈,안전난간,침대등,모형벽난로,역할교구장
아티스디자인,대표골드명패,양면실리콘테이프,디월트dcs350,타일갈라짐,게릴라현수막,블랙무광시트지,액자걸이레일,원형맨홀,침실등,촬영오브제,원목사물함
여자화장실,대표원장,전도성테이프,디월트멀티커터케이스,가죽보수제,대형입간판,시트지화이트보드,소파밴드,실외기방진고무,led바조명,아기방인테리어소품,유리교구장
티타늄간판,대표이름표,흰색전기테이프,레이저타일컷터기,가죽쇼파수리,광고배너,옐로우시트지,가구쇼바,유리문고무,써니나이트라이트센서무드등,고양이썬캐쳐,유치원1인용책상
open네온,데스크크리스탈명패,3m얇은양면테이프,로덴베르거pvc커터,물도깨비리폼,꽃집입간판,장덕수시트지,뉴슬라이드백,차단바,벽걸이무드등,세계지도패브릭포스터,유치원원목책상
방이름표,라벨홀더,3m폼테이프,로터리커터,가죽쇼파스티커,미니x배너,칼라접착시트지,두현창호,쥬브바,led간접등컬러사각간접조명튜브논네온1m플렉시블줄조명,패브릭세계지도,일룸키즈교구장
어린이집반패,라운드크리스탈명패,취급주의박스테이프,마블커터,갈라진벽보수,입간판배너,투명접착시트,우마브라켓,흡연실,프리츠한센조명,풍선강아지,자작교구장
현관호수판,로마크절곡스탠딩l자형명패표지판,크림하우스픽스테이프,만능커터기,구멍메꾸기,착한베너입간판,3m인테리어필름,abs도어가격,pvc타포린,주방간접등,바다소품,저학년의자
화살표,맞춤명패,택배종이테이프,멀티컷소,도배자,패트지,escj1,액자걸이와이어,고무바닥,주방레일등,조개장식,책꽂이
아크릴명판제작,매장명패제작,3m투명테이프,몬토리토,만능풀,환갑플래카드,sd902,액자레일설치,오토바이사다리,꽈배기전선,체리모형,철제교구장
플래그간판,메탈대표명판,몬스터겔테이프,스틸파이프커터날,욕실줄눈테이프,대형실사출력,검정시트지,구멍마개,정전기방지매트,미피조명,마크라메인형,키높이도어형교구장
계단표찰,명찰,asf-110fr,시그마타일컷팅기,접착제/보수용품,미니현수막제작,블루그레이시트지,픽쳐레일,체크철판,발목등,홀마크,팀버제이
방호수,명패골드,다이소실리콘테이프,알미늄파이프컷팅,참우드씰,스킨플래닝배너,싱크대상부장시트지,흡음재종류,슬러지보관함,제이토리앵두전구30구50구,대한,프라이드리빙매직교구장
아크릴문자,명패디자인나무,신선식품박스테이프,용수타일절단기600,콘크리트균열보수제,a3입간판,예림크림화이트,공업용쇼바,탄화포,스타쉴드물방울무드등수유등센서등,여자아이방꾸미기,하우디가구오르다교구장
차고앞주차금지,명패맞춤제작,열테이프,원더커터s,타일금보수,애견미용가격표,인테리어필름무광화이트,문발굽,pvc논슬립,컬러조명,pespes,6인책상
문호수,명패야,욕실양면테이프,전산볼트캇타,가구못스티커,종이거치대,천장몰딩,가스실린더,목재대문,루이스조명,생일선물,8단교구장
미니현판,명패자개,3m9448a,파이프커터기날,목재빠데,결혼현수막,태양광반사매트,아파트먼트,방화포,인테리어전구,벽걸이천,cpu홀더
안내표지판제작,명패제작광주,덕성박스테이프,파이프커터날4.8*18.7*3,보수시트,상조기,투명접착아스테이지,슬라이딩도어클로저,원목핸드레일,렉슨,마카롱진열,교구장1000양지가구
집명패,명패집게,덕성테이프,dw105,스타본드950,컵빙수배너,현관문시트지,피스캡,돔반사경,피카츄무드등,공중전화박스,교구장se0
측면간판,명패최저가,도깨비테이프,hcm-2splus,아파트벽구멍,시장놀이현수막,화장실시트지,자동말발굽,복층폴리카보네이트,led선,빈티지열쇠,교구함
마스크착용안내문,문고리도어사인,스펀지양면테이프,kniper볼트커터,에폭시보수,실외입간판,회색시트지,아파트방문,충격흡수패드,라탄식탁등,빈티지트렁크,교원교구책상
현관번호,문손잡이걸이용표지판,접착벨크로,ksx로덴베르거스덴파이프커터,타일복원,피부샵가격표,ldl90df,스터퍼,고무판파는곳,귀여운무드등,조개소품,급식실식탁
호실표찰,방문차량경비실경유,태영테이프,pb관커터,b7000본드,회전깃대,s176필름,원터치도어스토퍼,캐노피공사,우드식탁등,서핑보드인테리어,높이600교구장
공부중,벤처기업명판,가나잇라인,pe호스절단,나무마루보수,마스크안내문,닌텐도스위치,일자스토퍼,폴리카보네이트가격,카페등,여름인테리어소품,다리교구장
마이캘리,변호사크리스탈명패,고무발포테이프,tc107,다이소도배풀,약국pop,보드벽지,강화도어스토퍼,라쳇타이,레일전구,채소모형,다빈치유아책상
사무실팻말,병원표찰,리폼방수테이프,tc400타일,닥터마루니,미니플랜카드,비스코프시트지,폴딩도어부속,흡연부스가격,렉슨조명,포트메리온오일버너,리바트꼼므교구장
아크릴숫자판,부서장명패,매직보수테이프,vk63n,륨본드,배민배너,상부장시트지,ㄱ브라켓,윙바디부품,장식장조명,우드알파벳,모모로미술
cctv촬영중,사각푸쉬핀,벨크로양면테이프,동캇타기,마루스크래치,승진현수막,시트지책상,가구밀림방지,화물용품,led등,방문장식,밀리엔스교구장
반패,사원명패,보슬이까슬이,동파이프tc-107,원목스크래치,식당배너,신발장필름지,자석말굽,산업안전용품,오스람led방등,사슴머리,베이비몬테소리교구장
부서표지판,사유지쓰레기불법투기,내열실리콘테이프,렉스동파이프,인조대리석수리,현수막제작비용,원형테이블시트지,슬라이드도어,주차차단바,부케말리기선물,풍경패브릭,양지가구4단책장
숫자아크릴,사장이름표,서통테이프,만능커터기날,찢어진가죽,공사안내현수막,유광화이트시트지,매트미끄럼방지패드,추락방지대,식탁전등,북유럽모빌,양지가구교구3단
오픈클로즈사인,사파이어명패,고려테이프,미니파이프절단기,tenax,메뉴거치대,펄화이트시트지,스폰지종류,쇠기둥,부착식조명,슈가슈가룬하트,어린이집접이식책상
간판글자,삼각명패25*8,접착강화제,밀워키동커터,장판틈새,임영웅미니등신대,한샘필름지,문인테리어,실리콘시트,주방레일조명,펠트모빌,어린이집칠판
안내문,상패야크리스탈명패,황색테이프,밀워키스트리퍼,가죽쇼파패치,큐방현수막,현관문,보니타빈백충전재,원형고무캡,파티등,나무오브제,유아3단교구장
주차장표지판,선반킹,고릴라방수테이프,배관파이프커터,벽수리,팔순플랜카드,es131,황동발,화물고정벨트,행성무드등,크리스탈모빌,이케아스투바수납장
나무안내판,세련된명패디자인,고온테이프,밸류동파이프커터기,벽지수선,피아노학원배너,es57,중고문짝,추락방지,책상등,포르나세티접시,초등수강의자
브레이크타임표지판,세무사명판,넓은양면테이프,벨류동커터기,탄성코트보수,여름성경학교현수막,lges56,a1k1278100ab,라쳇벨트,[잇츠라이팅]ledt5조명,로마기둥,카리스2단교구장
주차금지팻말,수목장묘비문구,내열성테이프,블랙다이아몬드동커터기,pr-50a,탱탱이,rs130,문가격,벨트미끄럼방지제,뫼비우스조명,열기구,카제랩
화장실마크,수영금지표지판,러버테이프,수동파이프커터,공예본드,메뉴판글씨,노기스필름,철계단,엘리베이터항균필름,led라이트패널,감성인테리어소품,파랑새책상
목재간판,숫자변경판,보강테이프,스테인레스커터,다카모리,레트로현수막,모눈시트지,흡음재차음재,크레인발판,불멍조명,라탄,프라이드리빙매직3단교구장
아크릴팻말,스덴명패,비닐하우스보수테이프,알덴tc,마루보수펜,배너현수막,모눈종이시트지,스프링스토퍼,플라스틱판넬,미드센추리조명,귀여운인테리어소품,피노키오카리스3단교구장
현관문숫자,스테인레스나무명패,3m300lse,엑셀관커터기,벽구멍보수패치,세일문구,시트지그린,각도조절수대,현장안전벨트,플로스조명,악세사리촬영소품,학교책상
메뉴간판,실내돌출간판,강력벨크로,엑셀컷터기,석고벽수리,실내용배너,시트지카키,럭킹,스텐자바라대문,집게등,유리모빌,한성교구
손대지마세요,아크릴네임텍,공업용테이프,철사절단기,차량보수페인트,약국배너,씽크대상판시트지,레일와이어,주물대문가격,미스터마리아,페이퍼웨이트,1단교구장트임형
가게팻말,아크릴명패가나안,만능방수테이프,타일자르는기계,초강력고려풀,종이등신대,씽크대필름,도어자석스토퍼,보양지,led취침등,돌고래썬캐쳐,1인용책상
금연구역표지판,아크릴파일꽂이,메쉬테이프,튜빙커터날,타일혁명,피오피,아파트현관문시트지,의자스펀지,화물벨트,뚱이무드등,수박모형,2*2교구장
계좌안내판,알류미늄책상명패,인덕션방수테이프,한신타일커터,피스커버스티커,현수막탱탱이,알루미늄시트지,천장재,달비계,모닥불무드등,영원한7일의도시,3단막힘교구장
옆간판,어린이보호아크릴,천면테이프,bmi수평대,금간타일,모던입간판,애니시트,유리레일,등산로매트,레일등인테리어,마크라메모빌,h38-1
옥외간판,어린이보호차량아크릴,초강력벨크로,dcs355d,바닥보수키트,생신축하현수막,유광흰색시트지,컨테이너자재,비계계단,오늘의무드,자개모빌키트,jd홈드레싱교구장
우편함호수,어린이상장,박스테이프인쇄,ht-600d,찢어진쇼파,안내스탠드,인테리어필름프라이머,흡착식말발굽,터프빌트무릎보호대,짱구무드등,카페포토존,uhr007u
주소문패,어린이화장실표시,블랙박스3m,pb파이프커터,콘크리트균열보수,애드몬스터즈,투명시트지1롤,화이트상판,베란다안전가드,강아지무드등,달자개모빌,교구서랍장
화장실돌출표지판,여자화장실표시,테이프론,pvc파이프커터파는곳,텍스,어린이집생일현수막,투명시트지롤,레일걸이,부직포,스팟조명,크리스탈구슬,교구장800300
금연포스터,오또명패,호스테이프,rex동커터기,마루보수세트,외부배너,하이그로시필름지,슬라이딩롤러,상체식벨트,별자리조명,나비모빌,교구장diy
나무명판,오텀트리,보호랩,sm-p0363,복구페인트,정년퇴임문구,a4자석시트지,가구부품,loto,led터치등,우드인테리어소품,교구장몬테소리
방문문패,온라인쇼핑몰홍보,단면실리콘테이프,sr파이프절단기,타일홈메우기,포토존설치,lges22,피스다보,염소망,감성무드등,대형태피스트리,교연교구8인
벨누르지마세요,왼쪽화살표,망테이프,tc-107h,파이버픽스,거울입간판,lg인테리어필름지,현대홈도어,제전가방,네온사인diy,등불,나무숲교구장
문번호,원목고급명패,모자사이즈조절,tc206h,가죽리폼스티커,대하몰환갑현수막제작,rs124,알루미늄점검구,렉산가격,코보파티라이트,라탄자개모빌,놀이방교구장
사각간판,월프레임,섬유테이프,tcb-107슈퍼,나사구멍스티커,산수연현수막,거실벽시트지,어닝핸들,문턱슬로프,마이멜로디무드등,빨강머리앤소품,듣기책상
집문패,웬지명패,저소음테이프,ytc600,마루칼라스틱,스카이댄서,걸레받이,무타,엘리베이터버튼,샤오미이라이트,인테리어서핑보드,리바트소품
신발을벗고들어오세요,위페,opp박스테이프,다이소파이프커터기,벽걸이접착제,전역축하현수막,걸레받이몰딩,베란다폴딩도어가격,장애인핸드레일,수입식탁등,홀로그램썬캐쳐,리코모듈가구
엘리베이터안내판,은행명패,수중테이프,독일산파이프커터,석고보드메꾸미,해변현수막,다이소화이트시트지,화장실미닫이문,충격흡수,터치조명,매미모형,모로우교구장
입체숫자,의사명패,초강력접착테이프,동관가위,시금액,부동산입간판,무광매트시트지,원터치말굽,장애인점자블럭,바조명,북유럽인테리어모빌,미술교구함
정기휴무,이글트로피,동박테이프,동관컷터,욕실타일수리,예쁜글씨pop,물백묵시트지,천장,고무밧줄,비행기조명,선캐처,베라스교구장
회사문패,이쁜삼각명패,로고테이프,동관컷팅,자동차보수페인트,현수막고리,방염인테리어필름,미끄럼방지도트,안전벨트상체식,터치무드등,인테리어모형책,벤치책꽂이
문번호판,이사장명패,방수테잎,동배관컷팅기,찢어진소파,미용실메뉴판,슈퍼매트필름지,방문문콕방지,안전줄,건전지전구,인형밀짚모자,벤치책장
미끄럼주의스티커,이상적일상명패,비닐하우스테이프,디월트dcs355d2,타일석고,배너스탠드,실리콘시트지,방화문교체,농약보관함,아크릴조명diy,인테리어접시,복합교구장1400
사인물,인증명패,실테이프,로덴베르거강관컷팅시험용,드라이월패치,스탠딩배너,욕실문시트지,원목상판,주차차단기가격,버섯램프,가을인테리어,북웨건
쓰레기무단투기금지,인증서,블랙박스고정테이프,마블컷터기,슈퍼크랙실,철제pop,인디핑크시트지,방음자재,철기방,오아무드등,모든요일,북트롤리
돌출형간판,자개명패550,크래프트테이프,몬토리트타일,실리콘세트,a형배너,장롱시트지,오메가레일,클린룸가방,led줄전구,미니지게,사무용서랍장
부재중,자기명패,태영전기테이프,문형파이프커터,화장실타일깨짐보수,맥주배너,투명시트지접착,미닫이도어,가이드라인,루미르조명,광석,색상지함
사용중표시등,정년퇴직명패,틈새방수테이프,밀워키동파이프커터기,rj부속,스탠드현수막,페인트우드시트지,쇼파스폰지,계단안전망,각인무드등,석고트레이,세운메이드
아기문패,정육명패,3mvhb양면테이프,밀워키전산볼트컷터기,가죽쇼파테이프,스탠딩간판,하이그로시시트,충진재,엘리베이터향균필름,무드미,뉴턴의요람,아기방교구장
아크릴led간판,제품가격표,3m양면폼테이프,밀워키전산봉,러스크린,카페배너제작,mc104,하부가이드,채양,해파리무드등,영문책,아기원목교구장
외출중팻말,조작금지,방수테이프틈새차단테이프,볼트컷터기24in,솔리드에폭시,풍선간판가격,ps032,예림abs도어,계단안전바,라탄전등,호박모형,양지가구교구장라운드
창문led간판,종이류분리수거,서나마켓,사각파이프절단기,쇼파보수테이프,생일플래카드,tg-80012,늘푸른보드,에어로겔,필립스휴,돌오브제,어린이집교구싱크대
회사명판제작,중령진급선물,욕조수리,사라기,얀크로스,스탠드표지판,낙서방지,무지주선반브라켓,현관문스토퍼,미드센추리모던조명,라탄장식,어린이집반달책상
사인통,직업군인명패,의류용벨크로,앵귤러커터,깨진세면대보수,아이러브현수막,롤거울,문짝문틀,빗물받이,이케아라탄등,다거러,어린이집사물함8
스텐명판,직원외출입금지,일상공감초강력붙여보게,엣지기계,마루시트,작은출력소,문짝시트지,방음재,산업안전벨트,전구조명,물고기모빌,어린이집원형책상
유리창간판,직위명패,강력찍찍이,유압파이프커터,석고텍스,정육점pop,시공칼,유리주문제작,실내흡연부스,붙이는무드등,슈가슈가룬에클,영아용책상
후렉스,집게형명패,경고테이프,주름관컷팅기,정배솔,가격표인쇄,시트지sd920,유리폴딩도어,아트휀스,모던미드센추리인테리어,아크릴얼음,우드700교구장
강아지집문패,책상명패가격,열에강한테이프,주철관절단,줄눈이테이프,미용배너,시트지베이지,책상상판,계단경사로,무선간접등,키트레이,원목장난감장
미니돌출간판,철제메뉴판,창문테이프,콜라보레이저타일커터,줄눈프라이머,배경현수막,시트지보드,산코체어매트,마닐라로프,바이브폴,행잉모빌,유아학원책상
오픈클로즈간판,청송명패,판양면테이프,크니펙스커터칼,콘크리트균열,외부메뉴판,싱크대시트지무광화이트,고양이도어스토퍼,에어컨실외기진동,스트립조명,타로소품,의자볼트
우디브로,카달로그꽂이,보안테이프,크니픽스볼트커터,타일메지칼,퇴직축하,월넷,슬라이딩도어부품,차량검지기,커튼박스조명,꽃곰돌이,이케아트로파스트
주차금지안내판,케이크네임택,특수테이프,타공기,피스구멍스티커,마카롱배너,인테리어필름s176,천장인테리어,고탄력바,무아스무드등,나무창문,이프샵
창문간판,크리스탈고급명패,한일마스킹테이프,타일컷터기추천,디커플링매트,미러입간판,조명용시트지,맞춤유리,화물차흙받이,시크릿빔,스누피패브릭,일룸아이침대
포맥스스카시,크리스탈교감명패,끈끈이없는테이프,파이프커팅,못자국메꾸미,뷰티메뉴판,칼라철판,현관자석스토퍼,식생매트,건전지무드등,야명주,자작나무2단교구장
현관문호실판,크리스탈메탈명패,마스킹테이프비닐,파이프컷터기42,소파보수테이프,스카이댄스,코타화이트시트지,유리상판,창문가드,조명커버,온고,좌식테이블키즈
담배꽁초버리지마세요,크리스탈명패양각,벽지양면테이프,파이프컷팅,장판보수제,안내판거치대,펄시트지,abs문틀,주차보호대,스타쉴드물방울무드등,대형가리개,주방놀이교구장
물셀프,투명삼각아크릴명패,하우스테이프,파이프튜브커터,타일메꾸기,에브리즈포스터스탠드,함석판시트지,강화유리상판,윙카호스,화장대전구,lp거치대,중고책걸상
아크릴문구,투명아크릴명판꽂이,고내열양면테이프,플라스틱컷팅,타일메꿈,졸업현수막제작,es116,매트리스밀림방지,차단기리모컨,루나스퀘어수유등,제프쿤스,치료용벤치
아크릴스카시간판,파티션꽂이c타입,물탱크보수,호수컷터기,강마루셀프보수,파티현수막,es127,예림도어ym-8001,유흡착제,식탁펜던트,포도모형,토파스이동서랍
간판스카시,파티션꽂이아크릴,방수마스킹테이프,bbt,다이소장판,현수막칠순,ps010,유압자석스토퍼,제전비닐,베르판문,하와이소품,티비다이책장
금속스카시,파티션명패,방수줄눈테이프,c12pc-0c,다이소타일보수,배너프레임,ps065,중심봉,청각반,스포트라이트,꽃곰인형,파랑새원목교구장
나무표찰,편백명패,fasola,hcm-2s,도배삼중지,아크릴배너,ps080,인테리어파이프,블랙야크안전벨트,자석조명,창문패브릭포스터,퍼시스어린이서가
안내사인,폐문,봉인테이프,knipex볼트커터,마폴코리아,입산금지현수막,s159,전도방지,실내경사로,엘리사12등,매쉬보드,피노키오카리스교구장
출장중,포도명패,신박한방수테이프,tcc-1070h,석고보드복원,gs칼텍스주유쿠폰,s208,smc천장재,아연철망,등갓,인테리어패브릭,하우디2단교구장
101호,포맥스방,실리콘픽스테이프,udec-54,쇼파보수스티커,i배너,거울시트지,대문스토퍼,접이식바리게이트,도라에몽무드등,빈티지인테리어소품,하우디가구교구장4단
원룸간판,하이우드원목상패,쓰리엠양면테이프,디월트전산커터,지붕재,미용실pop,데코리아접착아스테이지,벽브라켓,계단미끄럼방지테이프,아이방무드등,원소주기율표,학교의자
화장실도어사인,학교교장명패,유리양면테이프,라쳇동커터기,가구메꿈이,주문제작현수막,띠시트지,셀프방문교체,고무방진패드,diy무드등,아기방벽장식,1단원목교구장
흡연구역,학위명패,epdm테이프,렉스동관커터,가구테이프,빅폴,베이지필름,천정마감재,로하스각반,부엌조명,올림픽메달,2단원목교구장
분리수거표지판,한샘크리스탈산업천연자개명패9-4,고무절연테이프,렉스동파이프커터n30,로드씰,스마트배너,보닥인테리어필름,갈바점검구,버튼커버,led글씨,패션잡지,3단책장
스카시글자,한의사명패,댄스플로어테이프,로덴베르거커터기,마이톤,에어풍선간판가격,블랙펄시트지,문고정자석,스텐핸드레일,led주방등,로에베책,4절지보관함
오픈전광판,행잉안내문,소리안나는테이프,로덴베르거파이프커터날,못구멍막기,퇴사플랜카드,수퍼매트,욕실도어,쪽문,주방간접조명,소품팩토리,8절지보관함
옷가게간판,향나무명패공장,자국안남는양면테이프,로덴베르거플라스틱파이프커터,석고보드벽보수,피아노현수막,씽크대하부장시트지,자동도어스토퍼,철망펜스,꽃조명,곰돌이트레이,a3수납
캠핑명판,호구명패,클리어겔,리지드29963,쇼파가죽시트,현수막각목,영림ps035,퀵스토퍼,타이거로프,usb미러볼,곰인형꽃,고무나무3단교구장
현관명패,홈앤굿즈스토어,황색박스테이프,볼트커터,우드테이프,환갑잔치현수막,외부용인테리어필름,그림레일,실내계단난간,레이저조명,크리스탈소품,고무나무사물함
휴가중,화장실돌출표시판,3m실리콘양면테이프,수동강관파이프커터,줄눈매직라인,졸업플랜카드,욕실방수시트지,삼흥쇼바,자바라펜스,예쁜조명,가짜불,교구테이블
cctv경고문,화장실마크,벽지에붙이는테이프,수퍼동파이프커터,포리졸,pop배너,인테리어유광필름,샷시보수용레일,네파각반,볼조명,귀멸의칼날태피스트리,국민서관교구장
led문패,화장실사인,주차라인테이프,슈퍼사라기,하드필마루보수키트,메뉴현수막,인테리어필름사이즈,원형테이블상판,비받이,부착형조명,베란다포장마차,나무아이쇼핑몰
광고물부착금지,화장실안내판,테이프주문제작,스마토sm107,규산소다,배너스프링,인테리어필름샘플북,이지폴딩,주차선,화장대led,고래패브릭포스터,도서반납함
스태프온리,화장장명패,메탈테이프,스테인리스파이프커터,금간세면대,감성상점,청록색시트지,기둥,텅스텐논슬립,무토조명,모듈휴지케이스,둥근책상
이쁜간판,환자확인,부직포양면테이프,스텐파이프컷터기,벽지보수스티커,결혼기념일현수막,칠판자석시트지,계란판흡음재,발끝막이판,루나스퀘어,스타일지음,로넌2단
led채널,회사대표,아세테이트테이프,신용컷터기,벽지수리,분리수거현수막,컬러보드시트지,하부레일,벽손잡이,루나스퀘어무드등,우드카메라,로넌2단교구장+3단상부장
나무표지판,회의실안내판,열선테이프,엠바커팅기,세라믹줄눈,수박배너,컬러철판,싱크대실린더,용달바,북유럽조명,음식모형,루메스1400
사용중표지판,회장님명판,영진테이프,유압커터,시카본드,청귤에이드배너,현대l&c보닥,우와도어,화물차고리,게이밍조명,달조형물,룸앤홈거실장
층별안내도,훈장패,가스레인지테이프,이태리타일공구,인조가죽수선,합격현수막,현대보닥s181,화장실유리문,고무스티커,고정형led등기구,대리석소품,르파파책상
간판걸이,휴게실안내판,아크릴폼테이프,자물쇠절단기,틈새메꾸기,가게배너,현대엘앤씨,경신창호산업,대광와이어로프,"""[잇츠라이팅]ledt5조명\""\""""",깃털장식,리바트
갈매기표지판,흡연장소,양면테이프종류,지관커터,가죽쇼파수리패치,백릿,현대인테리어필름s176,노출슬라이딩도어,미끄럼방지고무패드,도자기식탁등,미니불가사리,리바트뚜뚜세트
미용실간판그라피티,201호스티커,오성테이프,찬넬커팅기,나무문보수,베너물통,3mmc103,방문제작,코코매트,무선램프,인조얼음,마름모탁자
천장간판,230*90파티션꽂이,3m4421,콤팩트볼트커터,석고보드구멍보수,소형배너,3m필름지,상가유리문,폴리카보네이트재단,뭉클조명,쏘잉싸롱,몬테소리2단교구장
텐트문패,3d피규어명패제작,3m9071,튜브컷팅기,석고보드패치,음악학원현수막,es92,마이텍스,홀로철망,벽난로무드등,마크라메리스,몬테소리4단교구장
투명아크릴간판,45배면수조,3m블랙박스테이프,파이프컷팅기tcb105,아덱스fg8,입간판철제,pm003,자동문만들기,화물고정,이사선물,서핑인테리어,미르가구책장
강아지팻말,a4메뉴판액자,3m접착테이프,폴대커팅기,원목보수,제작현수막,sg122,epp,실리콘미끄럼방지,이케아등,외국잡지,미술학원책상
오픈엘이디,a4사이즈명패,vhb양면테이프,핸드절단기,튜브보수패치,티엠데코,단색띠벽지,가구벽고정,자동차간이리프트,타이머무드등,장미꽃곰인형,밀크호마이카교구장
원목현판,a4아크릴다보,띠테이프,11004커터날,팀버메이트우드필러,미니등신대제작,단색필름지,나뭇잎스토퍼,우레탄볼라드,무로롱거라이트,인어공주오너먼트,삼성교구장
화장실로고,a4아크릴판,박스포장테이프,5.5054,가구마카펜,원두막현수막,데코타일3t,미서기문,화물차덮개,원목식탁등,전화부스,세레스홈밀크호마이카
가게안내판,a4용지부동산광고,방열양면테이프,7.0051,금간욕조,칠순플래카드,벽지투명시트지,의자수리,세라믹테이프,오엘라led,나비선캐쳐,세탁기능사김상사
가게인테리어소품,a5상장,실리콘테이프단면,bbt동커터,나무스크래치,연예인등신대,샘플북,단열폴딩도어,차량버팀목,루나스퀘어2조명등,부산여행지도,수납교구장
금속명판,a64단카탈로그,3m초강력,frp탱크,대리석기스,칠판배너,시트지민트,책상의자매트,창문방범창,클럽조명,불독인테리어,숲소리교구장
돌출간판가격,b090055,보호비닐,pvcpipe커터,대리석메꾸미,퇴직플랜카드,양면시트지,힐림,화물차바,리비트,무한동력,스마트교실책상
문살짝,cctv녹화중,서경테이프,pvc절단가위,레자보수,마스크포스터,영림ps010,베란다창고,출입문,싱크대간접조명,여름인테리어,아기원목책상
자율형건물번호판설치신청,cctv녹화중블랙,이사테이프,pvc커터,매꿈이,메뉴판,코인텍시트지,파이프인테리어,화물차탄력밴드,비비아플라밍고,라탄바구니,아이책상의자
재실표시,ceo명판,호일테이프,pvc파이프자르기,명장대리석,바다배경현수막,흑판시트지,이케아린몬상판,1톤그물망,글라스조명,서핑보드소품,애기교구장
호수표시,led아크릴설명판,흰색절연테이프,pvc파이프절단,물유리,여행현수막,a4투명시트지,흡음타공판,진동방지,보라색조명,신선혜,영어유치원책상
금연,no표시판,3m4910,rems,쇼파시트지,유리부착현수막,lges86,미닫이문교체,휠체어진입판,이라이트,오브제장식,영유아책상
문패디자인,openclose명패,3m필라멘트테이프,sc500r,싱크대상판보수,포스트스탠드,lg조명용시트지,케인도어,휴대용경사로,레일조명부속,핑구재봉틀,오노홈
샤워실표지판,open스티커,만능접착테이프,sm-107,씽크대보수,a4거치대a3거치대스탠드안내판포스터스탠드,lt4081,pvc폴딩도어,작업안전벨트,아모램프밸류2,샤넬북,원목반원책상
손대지마시오,pop카드a3,블랙박스접착테이프,sm-pc207,점섞슬,a4스탠드,lx지인인테리어,t50좌판,절연매트,싸이키,스테인드글라스모빌,원목삼나무교구장
아기방문패,pt샵로고,스텐테이프,sm-pc226,창틀보수,대형현수막거치대,ps041,고무도어스토퍼,고무차량진입판,헤닝센ph5ph6펜던트조명시리즈모음전,인테리어용책,유아용책상가림막
이니셜간판,sosa,의료용양면테이프,tc205,치과용접착제,세일포스터,ps044,소파부직포,미끄럼방지고무판,led알전구,스테인글라스썬캐쳐,유치원교구바구니
포맥스표지판,가게테이블번호,일상공감붙여보게,금속절단기,타일들뜸보수,시트인쇄,rs76,스튜,복층계단난간,조명브라켓,에이미루시,유치원상부장
cctv문구,가나안기획명패,파이프테이프,냉동공구,타일틈새메꾸기,엑스레이티드,sl610,화장실문보호대,접이식바리케이트,틱톡조명,고래패브릭,유치원생의자
단조간판,가족묘,필름테이프,대형파이프커터,터치업솔루션,연예인굿즈,계산동광고시트지,오메가호차,침대추락방지,장식장led,오작트레일롤테이블,유치원책상가림막
영업중led간판,강서명패제작,곰팡이방수테이프,동배관절단,틈새방수,오픈현수막제작,광고용시트지,행거도어레일,k2전체식안전벨트,루이스폴센파테라,거실모빌,이케아아기수납장
호수문패,강아지수목장명패,소이텍스벨크로,동파이프80a,포리코트,유리광고,보닥s115,매직3구스티커,고무방지턱,루프탑조명,깃들,자작나무2단
호실스티커,개업명패선물,테프론필름,동파이프커터ct-105,프로클리마,광고현수막,비접착아스테이지,문자석,문턱단차,아이방전등,낙엽,자작합판교구장
문을닫아주세요,경로당명패,vhb,디월트충전멀티커트,플루브타일라인,반영구pop,스크린시트지,선반고정핀,스텐논슬립,usb무드등,만다라,전면4단800
식당브레이크타임,경산나무명패제작,덕성알루미늄테이프,렉스rb22,강화마루스크래치,생일축하배너,아스테이지접착,현관노루발,미니자동바,주방보조등,패브릭풍선,전시교구장
천장표찰,고급메탈명패,석고테이프,로덴베르거7.0051,바치리폼박사방수테이프도깨비,판넬거치대,아파트현관문,벽레일,미니차단봉,레일조명등,라탄스토리,책가방장
화장실표지,고급스러운대표명패,양면접착,로덴베르거강관커터기,방수메꾸미,현수막환갑,야광시트,침대미끄럼방지,생고무판,붙이는등,벽꽃장식,책장180
신발벗고들어오세요,고급아크릴명패,제로테이프,로덴베르거강관파이프커터기,벽균열,pop손글씨,인테리어필름유광,다이소와이어,이중렉산,레일조명레일,테이블모빌,책장사이즈
오픈푯말,골드명패제작,젤양면테이프,로덴베르거강철파이프커터,오공메꾸미,a자입간판,칼라보드시트지,매트리스미끄럼방지,컬러강판,싱크대등,풍경,체육관의자
포맥스실사,골드삼각명패,청소신방수테이프,로덴베르크강관파이프커터,b5본드,철재배너거치대,템바보드가벽,방문자석홀더,구리항균필름,부착조명,감성모빌,투명가림막
간판까치발,골드스텐판,화이트테이프,마끼다sd100,yjt,피부관리실베너,현관신발장시트지,유리방문,그레이팅안전덮개,톰딕슨조명,구름모빌,튜즐
도로명주소간판,공공화장실안내,3m라인테이프,밀워키전산볼트카타기최저가격,z-1007n-nc,가격표디자인,현대엘엔씨smt,거실폴딩도어가격,트럭갑바,네온싸인,디자인모빌,폭400교구장
아크릴로고,공군기념품,3m커버링,박판타일커터기,가구못자국스티커,가야애드칠순현수막,es55,높이조절좌,pvc판넬,거실간접등,베어스마켓,하양교구장
철제글자간판,공로명패,비닐마스킹테이프,블랙다이아몬드동관커터기,가죽소파수선패치,깃발봉,es98,문레일,납판,물결조명,패브릭행잉,하우디5단교구장
포장마차메뉴판,공인중개사100일,열전도양면테이프,블랙다이아몬드사라기,가죽소파테이프,디피지샵,lg시트지화이트펄,쇼파부직포,불티비산방지포,빈티지펜던트조명,역류향,하이팩의자발굽
계단광고,관리실pop,홈쇼핑테이프,블랙다이아몬드커터11112,가죽접착,철제거치대,ps040,접이식선반받침대,야광밴드,버블조명,피라미드,한샘모모로교구장1500
이정표,광고알바,hrs101,쇠파이프자르기,도배보수,포토존배너,s217,한샘유로501침대,이동식펜스,허먼밀러조명,가드닝소품,한샘장난감정리함
입체문자,교수님명패선물,다이소테프론테이프,수동서스절단기,동전닦기,해수욕장지도,가죽무늬시트지,계란판스펀지,볼라드,루이스폴센식탁등,서핑보드모형,현대교구책상다리
휴무안내판,교장명패크리스탈,당일배송박스테이프,스마토동커터,마루기스,현수막큐방,극동공업함석판,상가폴딩도어,오탁방지막,카카오프렌즈무드등,반구문진,화이트보드교구장
공부방간판,교장크리스탈명패,방식테이프,아크릴절단기,마루들뜸보수본드,냉면배너,무광검정시트지,글라스폴딩도어,고무시트,매립형led,엔틱벽장식,3단교구장1000
금장간판,교장표찰주문,삼성박스테이프,엑셀가위md20,석고벽보수,메뉴판인쇄,무광블랙필름,반달브라켓,골판,led주방조명,골드소품,3단교구장h75cm
사장실,군인명패,청면테이프,용수타일컷터기,우드크레용,배달의민족현수막,블랙인테리어필름,의자부속,미끄럼방지제,만들기키트,기와타일,gnj사자왕반달책상좌식반달테이블원목반달책상
스카시제작,군인전역명패,한일카바링,유압철근컷터기최저가,인텍스보수패치,뷰티배너,셀프웨인스코팅,도어스톱퍼,안전그물,아고조명,아이방,간편튼튼의자
주소명판,근조기명패,흡입테이프,이시이타일절단기,친환경도배풀,세로현수막,스티커벽지,수평받침대,안전반도,led광고판,에스닉패브릭,거제몬테소리교구장
led현판,금도금명패,3m원형,전동절관기,stonecoatepoxy,손글씨메뉴판,시트지컬러,햇님토이실리콘패드,협착방지봉,우메이아스테리아,인테리어오브제,고무나무완구책장
