210622,키워드,검색(PC),검색(폰),평균클릭(PC),평균클릭(폰),평클릭률(PC),평균클릭률(폰),노출광고수,경쟁도,총조회,총클릭,상품수,top3,비율(조회),비율 (클릭)
기존지정1,아크릴간판,2800,5740,69.9,137,2.64,2.54,15,높음,8540,206,84870,val!아크릴간판 포맥스현판 회사명판 사무실표지판 표찰lnk!25855830012val!샤틴 아크릴간판 현판제작 회사 사무실 카페 부서표찰 미니 소형 작은 실내 안내판 표지판lnk!82064396067val!아크릴현판 간판제작 카페 회사명판 사무실표지판 도어사인 표찰 팻말 실내 미니 사인물lnk!26675612101,9,408
기존2,캠핑문패,780,4270,1.2,53.7,0.17,1.34,15,높음,5050,54,1670,val!풀컬러 디자인 감성 캠핑 문패 제작 자작나무 미니 간판 입간판 팻말lnk!82921065382val!캠핑 차박 조명 LED 갬성간판 캠핑용 무선 미니 입간판 문패 푯말 팻말lnk!82583098816val!디자인 캠핑문패 우드간판 나무간판 감성캠핑용품 입간판lnk!82683878317,0,29
기존3,돌출간판,1790,3770,17.2,77.5,1.03,2.2,15,높음,5560,94,19964,val!가볍고 부담 없는 아크릴 양면 미니 돌출 간판 예쁜 사각 패션 포인트 간판 부서 명판lnk!82564970551val!LED 아크릴 조명간판/돌출 갈바/스카시/실내lnk!10549184756val!스텐 양면 돌출 간판 골드 금속 카페 사무실 철제 명판 미니 사각 명패 예쁜 포인트간판lnk!82229447729,3,208
기존4,LED간판,2760,7950,44.5,307.8,1.71,4.14,15,높음,10710,352,46805,val!영업중 간판 LED 입구 오픈 네온 사인 OPEN 전광판 부동산간판 식당 개업선물 음식점lnk!82291799095val!캠핑 차박 조명 LED 갬성간판 캠핑용 무선 미니 입간판 문패 푯말 팻말lnk!82583098816val!LED 아크릴 조명간판/돌출 갈바/스카시/실내lnk!10549184756,4,132
기존5,현판,5180,5190,91,86.8,1.85,1.8,15,높음,10370,177,65734,val!포 우드 나무간판 원목표찰 목재 도어사인 실내 소형 대문 현관 레터링 미니현판 안내판제작lnk!82193642872val!사파이어 미니간판 스텐현판 메탈명판 금속 골드 작은 소형 카페 회사 사무실표찰 표지판제작lnk!82137137001val!회사금속간판 스텐부식현판 사무실명패 명판 표지판lnk!26841677432,6,367
기존6,미니간판,920,3200,17.5,120.5,2.07,4.04,15,높음,4120,138,30063,val!사파이어 미니간판 스텐현판 메탈명판 금속 골드 작은 소형 카페 회사 사무실표찰 표지판제작lnk!82137137001val!포 우드 나무간판 원목표찰 목재 도어사인 실내 소형 대문 현관 레터링 미니현판 안내판제작lnk!82193642872val!아크릴현판 간판제작 카페 회사명판 사무실표지판 도어사인 표찰 팻말 실내 미니 사인물lnk!26675612101,7,216
기존7,나무간판,1480,3120,34.7,76,2.5,2.57,15,높음,4600,110,21451,val!포 우드 나무간판 원목표찰 목재 도어사인 실내 소형 대문 현관 레터링 미니현판 안내판제작lnk!82193642872val!포레스트 우드 나무 미니 간판 미용실 네일샵 가게 개업선물 디자인 문패 표찰 도어사인 안내판 현판 현관 대문 원목 벽간판lnk!80030424293val!풀컬러 디자인 감성 캠핑 문패 제작 자작나무 미니 간판 입간판 팻말lnk!82921065382,4,192
기존8,화장실표지판,1240,1990,17.1,69,1.47,3.7,15,높음,3230,86,263993,val!화장실 표지판 안내문 안내판 표찰 표시 문구 팻말lnk!26013803840val!도어사인 화장실표지판 오픈안내판 영업중 표찰 CCTV녹화중 금연표시 관계자외출입금지 문패lnk!82121345920val!실버 남녀공용 - 메탈사인 화장실 표지판 화장실 도어사인 L 90x120mmlnk!25790833975,81,3030
기존9,간판,12600,30100,239.9,1007,2.02,3.56,15,높음,42700,1246,756718,val!포 우드 나무간판 원목표찰 목재 도어사인 실내 소형 대문 현관 레터링 미니현판 안내판제작lnk!82193642872val!아크릴현판 간판제작 카페 회사명판 사무실표지판 도어사인 표찰 팻말 실내 미니 사인물lnk!26675612101val!아크릴 스카시 셀프 간판 만들기 문패 글씨 글자 로고 숫자 이니셜 레터링 도어사인 제작lnk!8527754670,17,606
기존10,문패,2060,4160,17.8,73,0.91,1.86,15,높음,6220,90,3002774,val!포 우드 나무간판 원목표찰 목재 도어사인 실내 소형 대문 현관 레터링 미니현판 안내판제작lnk!82193642872val!사파이어 미니간판 스텐현판 메탈명판 금속 골드 작은 소형 카페 회사 사무실표찰 표지판제작lnk!82137137001val!샤틴 아크릴간판 현판제작 회사 사무실 카페 부서표찰 미니 소형 작은 실내 안내판 표지판lnk!82064396067,482,32709
기존11,도어사인,670,1920,11.4,67.2,1.79,3.7,15,높음,2590,78,107904,val!포 우드 나무간판 원목표찰 목재 도어사인 실내 소형 대문 현관 레터링 미니현판 안내판제작lnk!82193642872val!아크릴 스카시 셀프 간판 만들기 문패 글씨 글자 로고 숫자 이니셜 레터링 도어사인 제작lnk!8527754670val!아크릴현판 간판제작 카페 회사명판 사무실표지판 도어사인 표찰 팻말 실내 미니 사인물lnk!26675612101,41,1355
기존12,호실판,380,1090,7.1,50.3,1.99,4.99,15,높음,1470,57,45178,val!호실판 호수판 룸넘버 방번호판 도어사인 아파트 동호수 빌라 현관문 대문 표찰 표지판 제작lnk!10767860091val!아파트호수판 WNR008 호실판 번호판 동호수 숫자판lnk!10558290734val![단추] 아파트동호수 호실판 현관문 집문패 빌라 숫자판 현관문패 빌라 호텔 도어사인lnk!81070852262,30,773
기존13,아파트호수판,200,1330,3.9,48.2,2.09,3.94,15,높음,1530,52,7655,val!호실판 호수판 룸넘버 방번호판 도어사인 아파트 동호수 빌라 현관문 대문 표찰 표지판 제작lnk!10767860091val!아파트호수판 WNR008 호실판 번호판 동호수 숫자판lnk!10558290734val!호실판 호수판 번호판 숫자판 현관문패 아파트호실 룸번호 룸넘버 호수표시 아파트동호수lnk!81969078983,5,144
기존14,캠핑입간판,190,1380,0,0,0,0,3,높음,1570,0,598,val!풀컬러 디자인 감성 캠핑 문패 제작 자작나무 미니 간판 입간판 팻말lnk!82921065382val!캠핑 차박 조명 LED 갬성간판 캠핑용 무선 미니 입간판 문패 푯말 팻말lnk!82583098816val!캠핑입간판 감성 간판 팻말 사인물 우드 나무 명판 외부 내부 소형 표시판 안내판 주문제작lnk!83078625490,0,598
기존15,간판제작,1680,2640,48.5,105.4,3.07,4.25,15,높음,4320,153,32079,val!아크릴현판 간판제작 카페 회사명판 사무실표지판 도어사인 표찰 팻말 실내 미니 사인물lnk!26675612101val!포 우드 나무간판 원목표찰 목재 도어사인 실내 소형 대문 현관 레터링 미니현판 안내판제작lnk!82193642872val!사파이어 미니간판 스텐현판 메탈명판 금속 골드 작은 소형 카페 회사 사무실표찰 표지판제작lnk!82137137001,7,207
기존16,현관문패,370,2020,5.9,93.7,1.64,4.98,15,높음,2390,99,23834,val!포 우드 나무간판 원목표찰 목재 도어사인 실내 소형 대문 현관 레터링 미니현판 안내판제작lnk!82193642872val!도어사인 감성 입체글자 아크릴현판 스카시간판 글씨 문자 글귀 표찰 표지판 현관 안내판제작lnk!11816391942val!포레스트 우드 나무 미니 간판 미용실 네일샵 가게 개업선물 디자인 문패 표찰 도어사인 안내판 현판 현관 대문 원목 벽간판lnk!80030424293,9,236
기존17,캠핑간판,180,1220,0.9,11,0.5,0.98,15,높음,1400,11,1852,val!풀컬러 디자인 감성 캠핑 문패 제작 자작나무 미니 간판 입간판 팻말lnk!82921065382val!캠핑 차박 조명 LED 갬성간판 캠핑용 무선 미니 입간판 문패 푯말 팻말lnk!82583098816val!디자인문패 나무간판 캠핑간판 카페 개업선물 현판 목재 원목 목간판lnk!80195205514,1,143
기존18,고무스카시,1190,1580,23,43,2.05,2.84,15,높음,2770,66,587,val!고무스카시 입체글자 DIY 셀프간판 현판 금색문자 글씨제작 사무실 회사 병원 카페 가게lnk!13371496354val!아크릴간판 고무 스카시 미니 글자 로고 제작 셀프 만들기 카페메뉴판 글씨 네일 금색 입체lnk!9735003723val!아크릴 글자 고무스카시 셀프 입체 문자 간판 글씨 레터링 로고 숫자 이니셜 도어사인 문패lnk!81503390109,0,8
기존19,스카시간판,980,1970,16.1,61.8,1.73,3.34,15,높음,2950,77,4697,val!아크릴 스카시 셀프 간판 만들기 문패 글씨 글자 로고 숫자 이니셜 레터링 도어사인 제작lnk!8527754670val!도어사인 감성 입체글자 아크릴현판 스카시간판 글씨 문자 글귀 표찰 표지판 현관 안내판제작lnk!11816391942val!고무스카시 입체글자 DIY 셀프간판 현판 금색문자 글씨제작 사무실 회사 병원 카페 가게lnk!13371496354,1,59
기존20,관계자외출입금지,3360,2790,8.3,30,0.27,1.16,15,높음,6150,38,39001,val!도어사인 화장실표지판 오픈안내판 영업중 표찰 CCTV녹화중 금연표시 관계자외출입금지 문패lnk!82121345920val!포멕스 표지판 통제구역 관계자외출입금지 U7002lnk!24591322269val!유니온 표지판 엣지사인 - 관계자외출입금지 255x85mm 안내표지판 ED9112lnk!26777000994,6,992
기존21,아크릴스카시,1340,1230,28.3,41.3,2.29,3.6,15,높음,2570,69,8891,val!아크릴 스카시 셀프 간판 만들기 문패 글씨 글자 로고 숫자 이니셜 레터링 도어사인 제작lnk!8527754670val!도어사인 감성 입체글자 아크릴현판 스카시간판 글씨 문자 글귀 표찰 표지판 현관 안내판제작lnk!11816391942val!아크릴 스카시 문자 글씨 글자 현판 실내 간판 디자인 레터링 도어사인 미니간판 디자인문패lnk!9918030436,3,125
기존22,실내간판,720,1480,22.4,56,3.3,3.97,15,높음,2200,78,115800,val!포 우드 나무간판 원목표찰 목재 도어사인 실내 소형 대문 현관 레터링 미니현판 안내판제작lnk!82193642872val!아크릴현판 간판제작 카페 회사명판 사무실표지판 도어사인 표찰 팻말 실내 미니 사인물lnk!26675612101val!샤틴 아크릴간판 현판제작 회사 사무실 카페 부서표찰 미니 소형 작은 실내 안내판 표지판lnk!82064396067,52,1458
기존23,영업중간판,240,1290,4.3,38.3,1.86,3.19,15,높음,1530,42,7351,val!영업중 간판 LED 입구 오픈 네온 사인 OPEN 전광판 부동산간판 식당 개업선물 음식점lnk!82291799095val!영업중간판 LED간판 open 오픈 글자 포인트 미니 아크릴 식당 창문 약국 부동산 간판lnk!82490240554val!아트사인 오픈 오픈안내판 클로즈 영업중간판 도어사인 표지판 안내판 팻말lnk!26060190829,4,168
