1,아크릴간판
2,캠핑문패
3,돌출간판
4,led간판
5,현판
6,미니간판
7,나무간판
8,문패
9,화장실표지판
10,간판
11,도어사인
12,호실판
13,아파트호수판
14,간판제작
15,캠핑입간판
16,현관문패
17,영업중간판
18,캠핑간판
19,실내간판
20,스카시간판
21,아크릴스카시
22,관계자외출입금지
23,고무스카시
24,나무이름표
25,대문문패
26,텃밭팻말
27,스카시
28,현관문호수
29,표지판
30,미세요당기세요
31,아크릴현판
32,잠시외출중
33,아이방문패
34,카페간판
35,안내판
36,팻말
37,도로명주소판
38,방문패
39,현판제작
40,아트시스
41,호수판
42,나무메뉴판
43,화장실표시판
44,큐브간판
45,간판만들기
46,채널간판
47,나무팻말
48,오픈팻말
49,나무현판
50,우드간판
51,디자인문패
52,나무문패
53,포인트간판
54,영업중
55,출입금지표지판
56,화장실표시
57,아크릴글자
58,철제간판
59,cctv녹화중
60,강아지문패
61,수목표찰
62,회사명판
63,안내표지판
64,오픈간판
65,원형간판
66,포맥스간판
67,현관호수
68,셀프간판
69,미시오당기시오
70,아크릴명판
71,금연표지판
72,당기세요
73,아크릴표지판
74,사무실간판
75,회전간판
76,지싸인
77,지주간판
78,화장실안내문
79,소화기점검표
80,브레이크타임
81,led돌출간판
82,외출중
83,글자간판
84,openclose
85,오픈클로즈팻말
86,아크릴글씨
87,캠핑팻말
88,입체글자
89,표찰
90,원목간판
91,간판디자인
92,벽간판
93,회사간판
94,아크릴간판제작
95,외부인출입금지
96,간판천갈이
97,후광간판
98,입체간판
99,입체글씨
100,산업안전표지판
101,건물번호판
102,예쁜간판
103,사무실현판
104,cctv작동중
105,아크릴숫자
106,소형간판
107,갈바간판
108,금속간판
109,냉방중
110,원형돌출간판
111,푯말
112,와이파이안내판
113,cctv표지판
114,돌출표찰
115,화장실사인
116,미용실간판
117,현관문번호판
118,기업부설연구소현판
119,아크릴문패
120,나무푯말
121,수목장명패
122,골드간판
123,화장실팻말
124,자석간판
125,텃밭푯말
126,문패만들기
127,오픈클로즈문패
128,준공표지판
129,팻말제작
130,문패제작
131,회사현판
132,예쁜현판
133,영업시간안내판
134,안내판제작
135,미용실회전간판
136,사무실표지판
137,엘이디간판
138,고정문
139,예쁜led간판
140,나무현판제작
141,주소판
142,오픈led
143,머리조심
144,아크릴박스간판
145,까치발간판
146,사무실명패
147,텃밭이름표
148,led아크릴간판
149,아파트동호수
150,화장실사용중
151,openled
152,정기휴일
153,staffonly
154,화장실간판
155,오픈클로즈안내판
156,아파트호수
157,화장실문패
158,출입금지
159,호수스티커
160,간판종류
161,아크릴레터링
162,사무실문패
163,인테리어간판
164,오픈클로즈
165,cctv스티커
166,소화기표지판
167,작은간판
168,스텐간판
169,화장실문구
170,감성간판
171,철제스카시
172,나무간판제작
173,아티스디자인
174,집명패
175,우드레터링
176,물은셀프입니다
177,오픈사인
178,공부중
179,룸넘버
180,신발을벗고들어오세요
181,사무실명판
182,계단조심
183,간판글씨
184,저렴한나무간판
185,led실내간판
186,미끄럼주의표지판
187,아파트문패
188,강아지도어사인
189,부식간판
190,화단팻말
191,도로명표지판
192,외부간판
193,open
194,테이블번호
195,숫자판
196,오픈
197,open간판
198,오픈안내판
199,자석현판
200,조명간판
201,흡연금지표지판
202,몬스터다이버
203,실외간판
204,주택문패
205,층별안내
206,목간판
207,금연구역
208,디자인간판
209,아크릴문자
210,아크릴표찰
211,알루미늄명판
212,층별안내판
213,글씨간판
214,노크해주세요
215,도로명주소
216,메탈간판
217,아크릴번호
218,회의중
219,호실번호판
220,간판걸이
221,개봉상회
222,깃발간판
223,미용실싸인볼
224,영업중led
225,현관문번호
226,사인보드
227,사용중
228,청소중표지판
229,계단표찰
230,농장간판
231,외부음식반입금지
232,현관번호판
233,아크릴현판제작
234,메탈현판
235,와이파이표지판
236,개업선물
237,쓰레기버리지마세요
238,카페인테리어소품
239,플렉스간판
240,led채널간판
241,우드문패
242,커피간판
243,골드현판
244,아크릴큐브간판
245,안내사인
246,예쁜나무간판
247,led문패
248,간판가격
249,미니현판
250,레터링간판
251,방번호
252,미세요
253,소방안전관리자현황표
254,공부방간판
255,철재간판
256,후렉스간판
257,원목문패
258,led간판가격
259,마이캘리
260,주소표지판
261,도로명주소표지판
262,스텐현판
263,아크릴조명간판
264,벨누르지마세요
265,아크릴돌출간판
266,카페소품
267,화장실표찰
268,led글자
269,나무문패만들기
270,금속현판
271,금연팻말
272,돌출형간판
273,문호수
274,오픈표지판
275,입체숫자
276,경고문
277,수목장팻말
278,재실
279,간판업체
280,포맥스현판
281,와이파이표시
282,미시오
283,창문간판
284,행잉간판
285,아파트호실
286,표시판
287,브레이크타임팻말
288,우드사인
289,창문led간판
290,간판견적
291,회사명패
292,아파트호실판
293,옆간판
294,포맥스제작
295,현관문문패
296,금연구역표지판
297,벨을눌러주세요
298,아크릴문구
299,명패디자인
300,실내led간판
301,아파트번호판
302,금연구역스티커
303,나무명판
304,화장실마크
305,금손간판
306,로고간판
307,빈티지간판
308,예쁜간판디자인
309,오픈문패
310,투명아크릴간판
311,현관번호
312,open팻말
313,미니돌출간판
314,돌출화장실표지판
315,신주간판
316,플래그간판
317,대문명패
318,재료소진
319,펜션간판
320,led영업중
321,사각돌출간판
322,사무실팻말
323,단조간판
324,입체문자
325,고무스카시간판
326,숫자아크릴
327,저렴한간판
328,출장중
329,화장실도어사인
330,자율형건물번호판
331,집문패
332,openclosed
333,아크릴숫자판
334,cctv팻말
335,감성캠핑문패
336,대표이사실
337,메뉴간판
338,입체레터링
339,현관문숫자
340,현관문호수판
341,cctv문구
342,방호수
343,빈티지사인보드
344,글씨
345,분리수거표지판
346,현관호수판
347,와이파이안내
348,나무표찰
349,cctv경고문
350,글자
351,나무표지판
352,실내아크릴간판
353,영업중팻말
354,호수문패
355,방문이름표
356,셀프코너
357,open네온
358,샤워실표지판
359,아파트현관문패
360,영업시간팻말
361,개조심표지판
362,추락주의
363,계단광고
364,기대지마시오
365,철제돌출간판
366,골드스카시
367,금색간판
368,문을닫아주세요
369,실내돌출간판
370,천장표찰
371,방문문패
372,스텐부식
373,아크릴미니간판
374,아크릴스카시간판
375,옷가게간판
376,차고앞주차금지
377,측면간판
378,캠핑명판
379,에폭시채널
380,전원주택문패
381,포장마차메뉴판
382,사용중팻말
383,집호수
384,호실
385,후렉스
386,사무실표찰
387,숫자번호판
388,간판비용
389,사진촬영금지
390,재실표찰
391,정기휴무안내판
392,주소간판
393,주차금지안내판
394,티타늄간판
395,간판글자
396,문번호판
397,스텐현판제작
398,led채널
399,개조심팻말
400,반패
401,사이드간판
402,아파트현관문호수
403,화장실안내
404,돌출간판가격
405,동호수
406,박스간판
407,방향표지판
408,수목이름표
409,신발벗고들어오세요
410,어린이보호
411,텐트문패
412,반찬셀프
413,잠시외출합니다
414,캠핑led문패
415,코로나안내판
416,cctv안내
417,강아지집문패
418,교회문패
419,목재간판
420,브레이크타임표지판
421,주차금지표지판
422,cctv표지
423,코너간판
424,부서표지판
425,티킷토킷
426,호수번호판
427,돌출표지판
428,맥주간판
429,아크릴명판제작
430,옥외간판제작
431,정기휴일팻말
432,감성문패
433,손대지마시오
434,스카시글자
435,아크릴사인
436,직원외출입금지
437,통제구역
438,안내문구
439,옥외간판
440,외출중팻말
441,정기휴무
442,나무안내판
443,사각간판
444,사인물
445,외부인주차금지
446,정기휴무팻말
447,주소명판
448,회사간판제작
449,led글자간판
450,냉난방중
451,농장팻말
452,주말농장팻말
453,회사문패
454,간판스카시
455,이발소간판
456,청소중입간판
457,노크
458,벽글씨
459,부서표찰
460,부재중
461,이정표
462,포차간판
463,푯말제작
464,led오픈
465,대리석문패
466,화자카야
467,휴무표지판
468,아크릴안내판제작
469,오픈클로즈걸이
470,코메샵
471,led미니간판
472,금장간판
473,동그란간판
474,방이름표
475,우드현판
476,캠핑명패
477,매장간판
478,벽걸이메뉴판
479,우편함호실판
480,카페안내판
481,270x95mm
482,close
483,갈매기표지판
484,꽃집간판
485,대문호수
486,손대지마세요
487,쓰레기무단투기금지
488,아크릴로고
489,엘리베이터안내판
490,우드팻말
491,주물간판
492,천장간판
493,우편함호수
494,인피니티미러
495,주차금지팻말
496,추가반찬셀프
497,캠핑문패만들기
498,필라테스간판
499,현관간판
500,현관숫자
