가구/인테리어 > 인테리어소품 > 디자인문패,생활/건강 > 문구/사무용품 > 사무용품 > 현수막,생활/건강 > 공구 > 설비공구 > 컷터기,가구/인테리어 > DIY자재/용품 > 접착제/보수용품,생활/건강 > 문구/사무용품 > 사무용품 > 명패,가구/인테리어 > DIY자재/용품 > 가구부속품 > 기타가구부속품,생활/건강 > 공구 > 안전용품 > 기타안전용품,생활/건강 > 공구 > 포장용품 > 테이프
아크릴간판,입간판,디월트멀티커터,마루바닥보수,명패,도어스토퍼,야자매트,박스테이프
캠핑문패,착한배너입간판,파이프커터,물도깨비리폼박사,크리스탈명패,슬라이딩도어,고무판,방수테이프
led간판,케이배너입간판,파이프커터기,코멜리슬라임,아크릴명패,폴딩도어,디앙트차단봉,3m양면테이프
돌출간판,환갑현수막,파이프절단기,물도깨비방수테이프,나무명패,방문교체,그물망,실리콘테이프
문패,칠순현수막,동파이프커터,줄눈테이프,자개명패,흡음재,폴리카보네이트,양면테이프
미니간판,현수막,멀티커터,가죽스티커,명패제작,방문,렉산,초강력양면테이프
화장실표지판,현수막제작,로덴베르거,장판본드,교장명패,인조대리석상판,휀스,몬스터클리어겔
현판,배너,전산볼트커터,강마루보수,대표이사명패,와이어액자걸이,미끄럼방지테이프,테프론테이프
간판,애드라벨입간판,pvc파이프커터,타일메꾸미,책상명패,액자레일,펜스,벨크로
도어사인,생일현수막,동커터,못자국스티커,원목명패,미닫이문,대문,투명박스테이프
나무간판,철제입간판,강관커터,마루보수키트,메탈명패,스펀지,메쉬휀스,벨크로테이프
호실판,배너거치대,동관커터기,타일줄눈마카,명폐,abs도어,차단봉,욕실방수테이프
현관문패,카페입간판,타일컷팅기,타일보수,삼각명패,자석도어스토퍼,현관문말발굽,전기테이프
아파트호수판,팔순현수막,크니펙스볼트커터,frp보수,교감명패,체어매트,실리콘패드,절연테이프
영업중간판,pop글씨,타일절단기,욕실타일보수,미니명패,선반브라켓,칼라강판,종이박스테이프
관계자외출입금지,실사출력,아레나토리,월패치,대표명패,침대헤드보드,계단미끄럼방지패드,강력양면테이프
현관문호수,미니배너,스텐파이프커터,줄눈마카,투명아크릴명패,화장실문교체,깔깔이바,바치리폼박사방수테이프
캠핑간판,철제배너,멀티컷터,강화마루보수,대표이사명판,예림도어,차량진입판,커버링테이프
아크릴스카시,아크릴입간판,튜브커터,욕조보수,사장명패,화장실문,지붕판넬,야광테이프
실내간판,에어간판,파이프커터날,강화마루보수제,승진명패,말발굽,주차차단기,부직포테이프
간판제작,졸업현수막,만능커터,b7000,고급명패,점검구,항균필름,투명테이프
캠핑입간판,나무입간판,강관커터기,강마루보수제,디자인명패,텍스,철망울타리,찍찍이
호수판,플랜카드제작,크니펙스코볼트,장판보수,메탈스텐명패,액자걸이,각반,라인테이프
고무스카시,베너,크니펙스커터,석고보드보수,대표명판,의자매트,반사경,강력접착테이프
아트시스,미니현수막,동커터기,금간타일보수,금속명패,방음벽,계단미끄럼방지,찍찍이테이프
표지판,메뉴판거치대,전산볼트커터기,벽메꾸미,변호사명패,자석스토퍼,안전손잡이,깔끔대장방수테이프
스카시간판,배너제작,동파이프커터기,피스스티커,종이명패,스폰지,흡연부스,청테이프
아이방문패,등신대,pvc커터기,깨진타일보수,골드명패,식탁유리,고임목,다용도방수테이프
안내판,플랜카드,디월트,바치리폼박사,퇴직명패,문짝,과속방지턱,덕트테이프
잠시외출중,베너거치대,dcs355d2,록타이트리뉴,황동명패,문,경사로,박스테이프제작
현판제작,미용실가격표,파이프커팅기,대리석보수,책상명판,욕실문보호대,휠체어경사로,3m테이프
스카시,a형입간판,엑셀커터,에폭시줄눈,사장님명패,빈백충전재,논슬립,크라프트테이프
팻말,생일축하현수막,로덴베르거파이프커터,화장실타일보수,호두나무명패,와이어,고무발,깔끔대장
영업중,고희연현수막,타일컷터기,마루커버시트,회장님명패,유리,철조망,고무테이프
디자인문패,카페배너,강관파이프커터,가죽패치,명패만들기,방문고정,고무패드,opp테이프
도로명주소판,배너입간판,동파이프절단기,리폼박사,회장명패,방문자석스토퍼,향균필름,3mvhb
아크릴현판,지시봉,몬토리트,메꿈이,공인중개사명패,현관말발굽,넥산,덕테이프
아크릴글자,추석현수막,파이프컷팅기,테낙스,예쁜명패,액자와이어,바리게이트,면테이프
화장실표시,실외배너,컷터기,매꾸미,ceo명패,베이스트랩,방진고무,실리콘양면테이프
당기세요,환갑플랜카드,디월트멀티커트,가죽보수테이프,향나무명패,전선캡,탄력바,캡톤테이프
오픈간판,배너출력,tc-105,타일선새롬이,블랙크리스탈명패,다보,보온덮개,블랙박스양면테이프
간판천갈이,졸업식현수막,전산볼트절단기,주방실리콘,명패크리스탈,가스쇼바,논슬립테이프,방수테이프모아모아
나무메뉴판,세일현수막,디월트만능커터,오공우드픽스,상패리아,슬라이딩도어레일,계단손잡이,알루미늄테이프
오픈팻말,오픈현수막,스텐파이프절단기,용착제,스텐명패,문짝교체,벽부형,보호테이프
나무문패,x배너,가따,튜브보수,알루미늄명패,천장점검구,계단논슬립,고릴라테이프
방문패,전역현수막,pvc컷터,벽보수,대표님선물,문교체,안전바,포장테이프
브레이크타임,아크릴스탠드제작,파이프컷터,장판용착제,알미늄삼각명패,유리문,방염포,은박테이프
카페간판,미니등신대,엑셀파이프커터,줄눈보수,원장명패,가구받침대,문턱,블랙박스테이프
cctv녹화중,임대현수막,tcb105,가죽수선,교장크리스탈명패,싱크대쇼바,화물차그물망,고스트겔
미시오당기시오,자이언트배너,타일커터날,겔코트,세무사명패,접이식선반대,안전각반,내열테이프
간판만들기,칠순플랜카드,와이어커터기,쇼파수선,스테인레스명패,함석판,방수갑바,초강력붙여보게
화장실안내판,등신대제작,dcs355,못자국,학교장명패,욕실문,이라이트,부틸방수테이프
아크릴명판,생일플랜카드,tc105,마페이줄눈,가격표,폴딩도어가격,안전방범창,부틸테이프
큐브간판,물통배너,호스커터,가구스크래치,이쁜명패,목모보드,상체식안전벨트,투명양면테이프
회사명판,미니입간판,동관커터,벽수선제,나전칠기명패,자석말발굽,전체식안전벨트,접착증진제
안내표지판,시트지인쇄,전산볼트컷터기,욕실타일깨짐,대리석명패,문짝교체비용,안전난간대,원형양면테이프
채널간판,led배너,튜빙커터,원목마루보수,마스크착용안내문,욕실문교체,메쉬펜스,테이프제작
나무현판,포토월,pvc파이프커터기,미홈보수키트,명패가격,도어,단독주택현관문,3m듀얼락
우드간판,철재배너,파이프컷터기,경성메꿈제,아트시스명패,문틀,렉산골판,밸크로
철제간판,우드입간판,동관절단기,천장구멍,어워드닷컴,오도시,야자매트가격,강력테이프
사무실간판,퇴직현수막,디월트전산볼트,마루바닥찍힘,임원명패,회전판,정화조뚜껑,보온테이프
나무팻말,퇴임현수막,엑셀파이프절단기,인조대리석보수,사무실명패,선반다보,pp로프,필라멘트테이프
캠핑팻말,입간판제작,컷쏘,쇼파보수,삼각종이명패,현관문교체,텐텐지,단열테이프
현관호수,윈드배너,배관커터,마루찍힘,탁상명패,히든도어,자동바,방수테이프틈새차단테이프
강아지문패,플래카드,리지드,쇼파스티커,계좌번호판,책상유리,노루망,보양테이프
입체간판,pop스탠드,pvc절단기,삼중지,교장나무명패,문장군,전선보호덮개,보양비닐
포맥스간판,포스터스탠드,시그마커터기,네바리,사무실선물,천장텍스,차량고임목,우림테이프
미세요,엑스배너,동컷터,줄눈메꾸미,사장명판,의자수리부품바퀴중심봉오발기타부속품,울타리망,천테이프
외출중,베너제작,tc-105h,타일구멍,스탠드명패,이케아상판,핸드레일,폼양면테이프
금연표지판,현수막가격,동파이프캇타,바치방수테이프,원장님선물,목다보,고무캡,테프론
화장실표시판,대형현수막,로덴베르거커터,배관보수테이프,msds경고표지,호차,타포린,신박하게방수테이프
나무이름표,프로포즈현수막,전산볼트컷팅기,화인퍼티,대표선물,리빙보드,k2안전벨트,초강력테이프
회전간판,스탠드간판,파이프캇타,가죽보수,알루미늄삼각명패,선반지지대,그물,망사테이프
아크릴표지판,플랭카드,dcs350,고려풀,환갑명패,찬넬,팬스,몬스터테이프
입체글자,생신현수막,공성파이프커터,마루본드,사장자개명패,미닫이문레일,리지,취급주의테이프
셀프간판,미용실배너,밀링커터,타일매지,스테인리스명패,조절좌,한컴라이프케어,바닥라인테이프
포인트간판,원목입간판,철근절단기,강마루메꾸미,요즘명패,말굽,방지턱,붙여보게
오픈클로즈팻말,칠순잔치현수막,크니펙스7112200,강화마루찍힘,커플민증,의자중심봉,공사용부직포,신선식품테이프
cctv표지판,사진현수막,pvc파이프절단기,초배지,테이블명패,무타공말발굽,실리콘판,형광테이프
고정문,애니데이파티,arm볼트커터,못구멍,공인중개사명판,흡음판,바리케이트,다목적방수테이프
아크릴간판제작,아크릴등신대,동카타기,마이텍스,사장님선물,슬라이딩레일,계단난간,카본테이프
아크릴글씨,예쁜입간판,디월트멀티컷터,매직픽스,삼각아크릴명패,현관스토퍼,전선보호대,양면벨크로
표찰,led입간판,크니펙스71-12-200,가구흠집,임원명판,큐비클,갑바,축광테이프
조명간판,pop거치대,렉스동커터,도배용풀,화장실표지,쇼바,펜스가격,박스테이프80m
돌출표찰,a형간판,배관절단기,도배부자재,led명패,대형아크릴판,철망휀스,스펀지테이프
회사간판,스탠드메뉴판,스테인레스커터,연성메꿈제,다루다명패,원형상판,주택대문,방열테이프
소화기점검표,전교회장포스터,시그마타일,가죽소파수선,순금명패,레일,점자블럭,투명실리콘테이프
글자간판,롤업배너,동컷터기,나무바닥보수,교수명패,화장실문짝,안전망,실리콘방수테이프
강아지도어사인,포맥스인쇄,렉스커터기,쇼파테이프,교장자개명패,고탄성스펀지,렉산지붕,싱크대방수테이프
아크릴숫자,안심콜스티커,밀워키전산볼트,붙이는줄눈,대표메탈명패,행거도어,주상안전대,컬러테이프
오픈클로즈문패,스탠드안내판,블랙다이아몬드커터기,가죽보수스티커,박사명패,방음판,쇠사슬,청랩
출입금지표지판,미니배너거치대,열커터기,가죽리폼,사장님명판,선반대,지붕,스폰지테이프
금속간판,티그램,컷소,걸레받이보수,삼각알미늄명패,유리다보,난간,오공테이프
오픈클로즈,풍선간판,7122200sb,하드필키트,우드자개명패,베란다문,렉산폴리카보네이트,개퍼테이프
원형간판,현수막천,라쳇동파이프커터,못스티커,이름명패,접이식브라켓,진동방지패드,블랙박스접착
미세요당기세요,근조기,페이스커터,샤시구멍마개,자개명판,유리브라켓,골판렉산,친환경테이프
대문문패,실외배너거치대,tcb107,몰딩자,크리스탈명판,까치발,양계망,색테이프
led돌출간판,축하현수막,링쏘,페인트보수,msds그림문자,수대,주차장차단기,곰팡이방지테이프
기업부설연구소현판,이벤트현수막,만능컷터기,배관보수,교회명패,베란다창고문,처마,누수테이프
오픈클로즈안내판,대형배너,블랙다이아몬드커터,욕조보수제,나무명패제작,싱크대가스쇼바,능형망,카바링테이프
사무실현판,부동산현수막,쇠파이프절단기,강마루찍힘,다이소명패,무타공도어스토퍼,경사판,폼테이프
원목간판,족자현수막,찬넬절단기,대리석줄눈,대표자명패,mds도어스토퍼,고무,다이소방수테이프
건물번호판,현수막거치대,케이블절단기,바닥보수,명패나무,덤퍼,렉산캐노피,장판테이프
외부인출입금지,시트지출력,블랙다이아몬드11116,욕조크랙,명패주문,화장실문보수,복층렉산,플렉스테이프
준공표지판,깃발배너,스티로폼절단,천장보수,알미늄명패,유리제작,주차장코너보호대,차량용양면테이프
와이파이안내판,포토현수막,튜브커터기,세면대깨짐,화장실표시판,도어씰,안전발판,우벤테이프
cctv스티커,회갑현수막,강관컷팅기,스타본드,넘버링n6,현관문클로저,화물차용품,무소음테이프
간판디자인,스틸배너,디월트컷소,인조가죽스티커,로고디자인,무타공스토퍼,대문가격,욕실테이프
openclose,어깨띠제작,볼트커터기,가구흠집스티커,미용실로고,의자부품,3m미끄럼방지,틈새테이프
입체글씨,pop대,허스크바나파트너,아스팔트보수,블랙명패,천장마감재,플라스틱체인,서통전기테이프
미용실간판,현수막인쇄,라쳇파이프커터,콘크리트보수,삼가고인의명복을빕니다봉투,문틀교체,안전로프,3m벨크로
사무실표지판,파티붕붕,밀워키동파이프커터,가죽수선테이프,아크릴팝업,매트리스밀림방지패드,방문턱,양면테이프프라이머
안내판제작,광고판,스텐커터날,못구멍스티커,유행명패,식탁강화유리,실내반사경,칼라테이프
사무실명패,에어간판천갈이,용수타일절단기,마루실리콘,투명명패,매트밀림방지,창문빗물받이,줄눈방수테이프
현관문번호판,네일샵가격표,핸드타일커터,온돌마루보수,프리미엄골드명판,현관말굽,안전띠,싱크대테이프
지싸인,배너물통,dcs350n,다이소우드픽스,ck74531,몬스터락,주차차단기리모컨,투명방수테이프
오픈led,청귤배너,pvc파이프컷터,장판논슬립,계좌번호명패,smc,해태망,포장용테이프
아크릴번호,미용실베너,t커터,장판부자재,기관장명패,현관문고정,자동문센서,곰팡이테이프
주소판,샌드위치배너,동배관커터기,도배초배지,대표,침대밀림방지,대문제작,신흥테이프
까치발간판,현수막사이즈,비올라,석고보드구멍,메탈글라스명패,슬라이딩도어댐퍼,알루미늄논슬립,동테이프
cctv작동중,포토프롭,tc107,벽구멍,명패케이스,가구스티커,안전보호구함,오공박스테이프
문패제작,피켓,강관컷터,줄눈닷컴,아크릴팩토리,아파트현관문교체,닭장망,컬러박스테이프
아크릴문패,반영구배너,동관컷팅기,가구보수제,옥돌명패,계란판방음재,3m귀덮개,픽스테이프
회사현판,안심콜배너,로덴베르거날,구멍스티커,크리스탈교장명패,쇼파밀림방지,고무받침,울트라테이프
화장실문패,네일샵배너,밀워키pvc,가죽쇼파수선,화이트크리스탈명패,석고텍스,벨트차단봉,자국안남는테이프
출입금지,인셀덤배너,스텐파이프커터기,타일사이,cctv촬영중,미닫이레일,고라니망,다이소종이테이프
오픈사인,x배너거치대,케이블캇타,가루풀,교장명패가격,모루유리,자동문스위치,듀얼락
골드간판,속눈썹배너,c12ppc,강마루본드,대표님명패,베란다폴딩도어,범폰,비닐테이프
푯말,포토존현수막,강관컷터기,인조잔디본드,멀티넘버링,밀림방지패드,무늬철판,조인트테이프
아파트호수,메뉴판스탠드,디월트충전멀티커터,샷시구멍,명패아크릴,선반고정,침대안전바,우림박스테이프
화장실팻말,배너광고,슈퍼동파이프커터,흠집스티커,방향표시,방문짝,도로반사경,신일박스테이프
수목장명패,고희현수막,알루미늄커터,타일줄눈테이프,손대지마시오,인조대리석,메쉬휀스가격,천막보수테이프
원형돌출간판,미니배너제작,에어컨공구,프로마,숫자판,가구부속품,울타리철망,신일테이프
사무실문패,배너디자인,엣지밴딩기,대리석보수제,아크릴금속명패,스파이더락도어스토퍼,위험물저장소,물테이프
아크릴표찰,미용실입간판,파이프커팅,메가픽스,앉지마세요,홀캡,휀스가격,3m박스테이프
지주간판,현수막시안,rothenberger,보수리페어키트,커플증,방문가격,제전매트,3m방수테이프
문패만들기,퇴사현수막,디월트전산볼트커터,메지칼,크리스탈학교장명패구입,슬라이딩문,주차차단기바,구리테이프
화장실사인,플래카드제작,멀티컷터기,다이소마루보수,회의명패,쇼파스펀지,계단난간대,택배테이프
후광간판,포도따기체험,스테인리스커터,가죽의자리폼,흡연구역,화장실큐비클,맨홀뚜껑,벨크로찍찍이
간판가격,a4거치대,스텐커터,가죽수선패치,2단자개명패,대형아크릴,카업,보수테이프
개업선물,스탠드배너,주름관커터,테라코화이바테이프,계좌번호,문소음방지,흡착포,얇은양면테이프
벽간판,카페베너,호스절단기,재단자,관계자외출입금지,다용도실문,엘리베이터보양재,실링테이프
회의중,에어풍선간판,tc-103,소파보수,교수님명패,씽크대쇼바,미끄럼방지고무,자동차양면테이프
영업중led,가격표제작,갓다,쇼파가죽스티커,대구명패,고경도스펀지,칼라강판가격,필모룩스
테이블번호,프레임배너,블랙다이아몬드동커터,에라스코,명패구매,리빙우드,넥산가격,가민커버링테이프카바링테이프마스킹보양테이프비닐도장도색
벨을눌러주세요,a형철제입간판,시그마타일커터기,줄눈페인트,명패비용,하나로보드,휀스대문,겔테이프
led실내간판,필라테스배너,앵글커터,파이프누수,세련된명패,이케아테이블상판,처마차양,아크릴테이프
엘이디간판,에어풍선,엑셀파이프커터기,타일줄눈마카펜,소화기표시,방문자석,지붕재료,테이프
감성간판,퇴임식현수막,엑셀파이프컷터,칼라메꾸미,실버삼각명패,아스텍스,용접각반,"""방수테이프방수페인트실리콘투명부틸곰팡이방지욕실주방지붕균열틈새\""\"""""
계단조심,뷰티샵배너,7122200,쇼파가죽패치,아크릴명패제작,아파트문교체,아시바발판,거머리테이프
간판종류,폼보드인쇄,pvc커터날,3m순간접착제,아크릴이름표,바닥보호매트,철대문,나노테이프
자석간판,배너간판,pvc컷터기,엘머스우드필러,양면명패,현관문도어스토퍼,분진망,천막보수
갈바간판,수박현수막,동커터날,타일마카,자개명패제작,가구수평,안전블럭,튜브테이프
금연구역,네일가격표,동파이프커터날,dr-100,저렴한명패,고탄성스폰지,디자인휀스,삼우테이프
아파트동호수,환갑배너,동파이프컷터,벽지구멍,공무원명패,화장실문방수,엘리베이터보양,[국산]다용도부틸방수테이프폭5cm시트종류별강력접착물성이우수한만능보수부틸고무
간판글씨,깃발제작,마닉스열선,쇼파패치,대표이사,게제힌지,안전대,젤테이프
스텐현판,출산현수막,스크류그랩,타일틈새메꾸미,대표이사크리스탈명패,헤드보드,자바라대문,3m초강력양면테이프
안심콜스티커,물통배너거치대,크니펙스동커터,석고보드수리,디자인글꽃,문말발굽,휀스종류,만능테이프
스텐간판,브라이덜샤워현수막,크니펙스튜빅스,퍼티필러,멀티넘버링n6,강화유리난간,귀덮개,몬스터겔
미용실싸인볼,밴딩입간판,7112200,mohawk,명패디자인,방문인테리어,캠버클,커버링
수목표찰,미용실현수막,tcb-105,가구구멍스티커,명패원,유리키스,바닥고무매트,마감테이프
화장실문구,커피배너,ytc-600,균열보수,목각명패,가정용방음벽,안전그물망,양면찍찍이
미용실회전간판,배너폴대,덕트커터,마루찍힘보수,문고리표지판,유압쇼바,계단매트,원형벨크로
산업안전표지판,전역플랜카드,동카타,소파수선,물을아껴씁시다,자동차흡음재,국산도로반사경고급,접착테이프
소형간판,정년퇴임현수막,디월트커터,강화마루메꾸미,받침크리스탈명패,도어범퍼,산업용안전벨트,모자테이프
팻말제작,골드입간판,배관커팅기,마루수리,변호사명판가격,아크릴다보,문턱경사로,벽지테이프
아크릴박스간판,어린이집현수막,아임삭멀티커터,마루보수스틱,병원명패,가구고정,안전그네,당일배송테이프
openled,피오피글씨,알루미늄파이프커터,워시오크,삼각이름표,재현하늘창,방진고무판,기밀테이프
물은셀프입니다,에어간판가격,파이프커터both,크랙실란트,아크릴상장a4,책장고정,앤드캡,화장실방수테이프
오픈안내판,금연현수막,동배관커터,피스마개,유리명패,다보볼트,화물바,수광양면테이프
예쁜현판,생일파티현수막,디월트컷쏘,강화마루수리,음각명패,강화유리제작,pc판,3m전기테이프
정기휴일,칠순배너,엑셀가위,배관누수테이프,자리명패,수맥차단,세이프티업,3m폼양면테이프
예쁜led간판,입간판만들기,케이블컷터기,베어링오일,크리스탈명패가격,식탁유리가격,벽부형핸드레일,청보호테이프
작은간판,현수막게시대,hcp200,장판수리,통신사로고,유리도어,논슬립큐,pvc테이프
미끄럼주의표지판,피부샵메뉴판,갓따,주방용실리콘,학원명패,고밀도스펀지,미끄럼방지스프레이,변기테이프
현관문호수판,반영구메뉴판,공성/ksu/파이프커터,줄눈마카펜,화이트크리스탈명패대,접이식선반브라켓,칼라강판지붕,홈트너초강력욕실만능다용도방수테이프곰팡이틈새차단투명양면테이프
미시오,가로등배너,동파이프커터사용법핵심요약,콘크리트균열보수,화장실표시,욕실선반브라켓,화물차갑바,카바링
목간판,세우는간판,동파이프커팅기,샤시구멍,회장명판,테이블유리,자동차고임목,asf-110
예쁜간판,카페현수막,디월트dcs350,쇼파가죽수선,cctv녹화중,책상강화유리,안전용품,초롱나라방수테이프
close,기념일현수막,슈퍼파이프커터,우드펜슬,건축사명패제작,실내방음벽,대문종류,asf110
간판조명,현수막주문제작,에어컨배관커팅기,화이바테이프,계좌명패,욕실문방수,미끄럼방지페인트,석면테이프
호실번호판,굿즈샤인,엑셀컷팅기,도배용품,계좌번호명함,천장석고보드,파이프마개,은박지테이프
아파트호실판,크로플배너,커터칼,도배풀제거제,골드번호,상판,주차장기둥보호대,크라프트종이테이프
오픈문패,약국입간판,플라스틱파이프커터,마루보수인두,교장메탈명패,소파스펀지,지붕빗물받이,3m절연테이프
화장실사용중,환갑상차림,tc-107,매지,교장명패할인,중문스토퍼,안전펜스,북테이프
금손간판,피켓제작,냉동공구,비즈접착제,교장선생님명패,천장액자걸이,대성부품,무소음박스테이프
사이드간판,가게입간판,동배관절단기,sealantfix,금명패,액자레일걸이,러셀망,벽에붙이는테이프
staffonly,대형스티커제작,동파이프커트,방화패드,나무명패디자인,가마찌도어,태양자동문,3m투명양면테이프
소화기표지판,아메리카노배너,스마토동파이프커터,보수스티커,데스크명패,레일문,윤형철조망,색깔테이프
주소표지판,네일배너,타일용홀커터,벽못자국,명패삼각,수맥차단매트,크린룸가방,신선테이프
호실,입구간판,파이프커터칼날,실크벽지보수,문고리안내판,차음시트,휀스기둥,아크릴양면테이프
텃밭팻말,칠순상차림,파트너컷팅기,타일깨짐보수,브랜드명패,유리슬라이딩도어,타포린천막,flextape
led아크릴간판,실내배너,dw-105,강화마루보수키트,사장님이름표,그림걸이,지붕강판,삼성테이프
원목문패,실내배너거치대,디월트만능컷터,데코타일보수,소형명패,타공도어,주물대문,리폼박사방수테이프
도로명표지판,공부방현수막,로덴베르거동커터,원목스티커,소화기위치표시포맥스,9mm문선,논슬립페인트,서통절연테이프
나무간판제작,코로나배너,블랙다이아몬드파이프커터,피스캡,스테인레스나무명패,로봇청소기문턱,비계발판,3m찍찍이
실내led간판,세계지도,크니펙스파이프커터,나사스티커,아크릴명패주문제작,바닥스토퍼,쇠사슬체인,종이양면테이프
층별안내,양면배너,bbt컷팅기,브이텍우드필러,어린이보호포맥스,현관문말굽,3m범폰,난연테이프
디자인간판,현수막주문,동관커터날,가죽쇼파보수,에코메이커스,소파밀림방지,충격방지패드,천막테이프
부식간판,대형인쇄,드라이월커터,타일줄눈보수,예약석,와이어걸이,펜스종류,원형찍찍이
사무실명판,대형현수막제작,밀워키전산볼트커터,목공오일,우편함스티커,밀림방지,제설함,우레탄테이프
사용중,소량굿즈제작,삼정파이프커터,가구색칠,이사명패,의자럭킹,논슬립q,페인트마스킹테이프
화장실안내문,예쁜현수막제작,스마토pvc파이프캇터기,타일줄눈보수펜,자석스티커,방음벽설치,차량진입발판,몬스터양면테이프
흡연금지표지판,안전현수막,엠바절단기,가구마카,주차금지,쇼파밴드,조립식과속방지턱,배관방수테이프
당기세요미세요,은퇴현수막,전산봉커터기,벽지못자국,천연목명패,모듈가구만들기,구갑망,3m원형양면테이프
도로명주소,현수막출력,전선컷터기,오공틈새메꾸미,크리스탈명패소,천장와이어,화물차아대,친환경박스테이프
영업시간안내판,반영구가격표,주름관컷터기,인테리어테이프,트루먼명패,방음아트보드,옥상난간대,바닥테이프
인테리어간판,카페개업선물,타일컷터,거실바닥보수,편지각인,찬넬기둥,전선거치대,랩테이프
머리조심,캠핑현수막,로덴베르거pvc,러스티코리액터,플라카명패,폴리몰리충전재,고무깔판,eva테이프
룸넘버,테이블배너,배관커터기,몰딩보수,호두나무명패가격,tv회전판,스텐체인,무로멀티콘테이프
화장실간판,등신대만들기,수동파이프절단기,오공마루커버시트,호실판,나무문,추락방지망,위장테이프
메탈간판,무선에어간판,수축튜브절단기,장판보수테이프,sq-st798-1,창고문,단차해소기,3m실리콘테이프
명패디자인,배달의민족배너,슈퍼tcb-105,타일매직터치원,t자형아크릴꽂이,슬라이딩도어부속,창문안전바,친환경종이테이프
알루미늄명판,피부관리실메뉴판,스마토smp0350,들뜬타일,광주광역시명패제작,레일도어,휠체어경사로블럭업,끈적임없는테이프
층별안내판,생일현수막제작,스텐파이프커팅기,싱크대보수,교감명패서각,유리주문,엔드캡,박스테이프80m50개
현관번호판,스탠드입간판,시그마타일커터,형제pvc철물,교감자개명패,선반까치발,투명지붕,대영테이프
포맥스제작,실사출력스티커,와이어절단기,소파스티커,국장명패,렉스판,자동문,크라프트박스테이프
아파트문패,코로나포스터,원더커터,도배본드,기대지마세요,유리선반브라켓,옥상난간,바치리폼박사
open간판,웨딩포토월,이시이타일커터,마루보수인두기,기대지마시오,가구부속,철판패킹,유리섬유테이프
철제돌출간판,x베너,전산볼트캇타,아덱스dg3,김포크리스탈명패,마블스펀지,이탈방지끈,타일테이프
숫자판,철제배너거치대,충전커터,접착가죽,대출반납일력표,매직3구말굽스티커,진동패드,다이소찍찍이
주행연습표지,가로등배너거치대,타일커터기,피스커버,대표책상명패,화장실도어,화물차발판,인쇄테이프
led영업중,음악학원배너,pb가위,타일구멍메우기,디자인아크릴개인명패,와이어고리,가시철망,박스종이테이프
메탈현판,꽃집배너,강관파이프커터기,강마루보수키트,메탈명패제작,가스스프링,안전휀스,주방방수테이프
우드레터링,속눈썹메뉴판,단열재열선,방수폼,메탈스탠드명패,유리타공도어,방진고무패드,3m8067
나무현판제작,스텐입간판,동절단기,벽구멍보수,명패고급,벽선반브라켓,볼트방진고무,일상공감
아크릴사인,아이스크림에어간판,동파이프절단,소파테이프,명패디자인크리스탈,슬라이딩도어스토퍼,방문턱제거,두꺼운양면테이프
사무실표찰,정년퇴직현수막,디월트전산볼트커터기,아트월구멍,명패선물,유리미끄럼방지,죔줄,차량용테이프
호실번호,학원현수막,렉스동커터기,실리콘보수,명패세무사,스프링도어스토퍼,사각맨홀뚜껑,3m커버링테이프
옥외간판제작,이삼애드,로덴베르거동파이프커터,마루보수칼라스틱,명패알루미늄,유리난간,그네식안전벨트,갑을테이프
와이파이표지판,어린이집생일현수막,마블커터,쇼파가죽시트지,명패추천,폴딩도어레일,견인바,옥상방수테이프
청소중표지판,반영구베너,밀워키동커터,찢어진장판,병원장명패,자작나무상판,미끄럼방지실리콘,플로랄테이프
아크릴돌출간판,철제베너,밀워키전산볼트컷터기,퍼티테이프,부모님감사패,원형계단,고소작업렌탈,372ks
led채널간판,현수막걸이,스텐파이프컷터기,구멍메꾸기,부산대표이사명판제작,선반받침대,계단핸드레일,소이텍스
open,커피숍배너,시그마컷터기,다용도메꾸미,블랙크리스탈명패심플,환기창,갑빠,내열양면테이프
오픈표지판,메쉬배너,신용타일컷팅기,벽메꾸미세트,샌미포토,포켓도어,유공발판,수도테이프
젤리키,엑스배너거치대,전산봉커터,도배칼,소방약장,레일액자,스피커방진패드,두꺼운테이프
소방안전관리자현황표,상가임대현수막,전산커터,삼광도배,손대지마시오표시,목문,화물차깔깔이,마스킹비닐
아파트번호판,식당현수막,지관컷팅기,장판땜빵,아크릴고급명패,abs문,코오롱안전벨트,텐트보수테이프
철제스카시,캘리그라피현수막,초음파커터,물도깨비리폼,아크릴네임택,천장레일,고무논슬립,초강력양면테이프도깨비나노
어린이집반패,현수막원단,크니펙스pvc커터,칼받이,아크릴삼각이름표,아미텍스,장애인점자블럭,박스테이프50개
집호수,마스크착용안내문,dcs373,밀가루풀,알루미늄부착명패,가구미끄럼방지,pe로프,타이탄겔
빈티지간판,왁싱배너,rb22,변기보수,알미늄삼각명패10*50cm,일자도어스토퍼,방충망잠금장치,러버테이프
표시판,바다현수막,라쳇형파이프커터,보수페인트,엘리트교장나무명패판매,천정고리,장애인경사로,초강력양면테이프도깨비나노방수
도로명주소표지판,배민배너,만능컷터,석고보드메꿈,오석명패,거울받침대,라쳇바,까슬이보슬이
openclosed,케이배너,몬토리트타일커터,소파패치,외부차량주차금지표지판,패브릭보드,발포실리콘,방수실리콘테이프
사인보드,pop제작,스마토동파이프커터107,욕실메꾸미,움직이는pop,천정텍스,pe방호벽,강력양면테이프도깨비나노방수
재료소진,뷰티샵메뉴판,스텐커터기,하드필마루보수,의사명패,키보드흡음재,낙상경보기,자국없는테이프
방문이름표,임대문의현수막,용수타일커터,홈메우기,자개명패가격,천정점검구,주차라인,n프리미엄쇼핑몰나노도깨비겔양면테이프30mmx1m(1개)
방번호,환갑현수막제작,전문가용타일컷터기,아크릴퍼티,중개사명패가격,ㄷ형강,개구부덮개,소음방지테이프
현관문번호,결혼현수막,크니펙스71222200,가구보수펜,진급선물,유리선반다보,수직보호망,공업용양면테이프
간판업체,smp배너,테이프디스펜서,메도칠,진급선물자개,현관도어스토퍼,원형방진고무,동양테이프
골드현판,근조기제작,montolit,방문보수,창원시명패제작,계란판,단열방화문,커트에이스
물은셀프,배너대,sm-127a,장판찍힘,책상명패아크릴,의자바닥매트,egi휀스,3m강력양면테이프
아크릴레터링,포맥스출력,sm-p0336,도배네바리,크리스탈명패리폼,인테리어문,고소작업대렌탈,화장실테이프
외부간판,네일현수막,다이소파이프커터,마루수리키트,크리스탈삼각명패,abs도어문틀,"""국산도로반사경고급\""\""""",라이프레시피
자율형건물번호판,배너부품,렉스rb22,벽메꿈이세트,통크리스탈명패,고정브라켓,용접포,멀티콘테이프
재실표찰,전역축하현수막,렉스컷터기,수성연질폼,파티션a2045,알루미늄레일,3m미끄럼방지테이프,칼라박스테이프
저렴한나무간판,매쉬배너,로덴베르거트윈커터,인조가죽보수,포인트pop,현관문스토퍼,판넬지붕,본디지테이프
주택문패,여름현수막,몬토리토,조색실리콘,플라카,중문롤러,처마물받이,박스테잎
호수스티커,a3스탠드,반지늘림기,가구까짐,호구명패,중문바퀴,플라스틱사슬,블랙박스스티커
쓰레기무단투기금지안내문,x배너제작,볼트절단기,가구보수페인트,화장실돌출간판,폴딩도어부속,꿩망,알미늄테이프
아크릴현판제작,전역이벤트,쇠파이프절단,도배자,화장실사인,도어레일,수직망,페인트테이프
아파트호실,팔순잔치현수막,스테인레스파이프커터,마페이케라칼라,화장실표지판,방문교체비용,안전블록,고릴라양면테이프
오픈,할로윈현수막,스테인리스파이프커터,목재보수,훈장패,epp충전재,알루미늄대문,누수방지테이프
금연팻말,골프현수막,시그마컷팅기,석고보드메꾸기,a4아크릴꽂이,도어스톱,닭장철망,방수양면테이프
금속현판,소형현수막,알루미늄파이프커터기,시바툴,cctv감시중,반달스토퍼,데크범퍼,마미야방수테이프틈새차단테이프
안내문구,입산금지현수막,엑셀컷터,마루흠집,cctv설치안내,현관문말발굽,가시철조망,전기절연테이프
플렉스간판,결혼기념일현수막,유압파이프커터,타일줄눈제,great종이제본표지,유리가격,간이리프트,플라스틱테이프
글씨간판,은방이네,주름관절단기,구멍메꾸미,r19-772-6,아파트방문교체,데크난간,3m9448a
브레이크타임팻말,조명입간판,타일자르는기계,소파가죽패치,t자명패,슬라이딩댐퍼,건설안전벨트,한국테이프
우드문패,투명배너,파이프커터기w098dh,아크졸,개업명패,시디즈t50좌판,체크철판,벽테이프
현관문문패,현수막종류,파이프커터기공성,파이버픽스,검정색자괴명패,도어교체,고정바,전선테이프
몬스터다이버,퇴직축하,ha-900,가죽소파보수,계좌번호안내판,차음판,네파안전벨트,접착스티커
캠핑명패,현수막걸이대,pvc배관커터,깨진타일,고급메탈명패,레일액자걸이,불티방지포,튜브보수테이프
글씨,미용실요금표,sm-pc226,리폼가죽,골드메탈명패제작,픽처레일,폴리스라인,글루픽
금연구역스티커,크로플포스터,tc206h,아스콘보수,골드미니명패,흡음파티션,화물아대,갑을테이프투명황색박스포장
간판견적,피아노학원배너,동카터,에폭시보수,골드번호가격,ㄷ자,rt-321a,나노양면테이프
외출중입니다,배너가격,동파이프컷터기,줄눈보수펜,광주명패제작,가구넘어짐방지,패킹,창진테이프
led오픈,애드몬스터즈,로덴베르거7.0045,다이소장판,교장메탈스텐명패,공업용쇼바,석면포,덕성하이텍
노크해주세요,현수막제작비용,로덴베르거강관컷트,못구멍막기,교장선물,안방문,진입판,씽크대테이프
아크릴문자,배너스프링,모세관커터,셀프줄눈마켓,금연표지판,퀵스토퍼,전원주택휀스,전도성테이프
창문간판,y배너,배관컷팅기,타일매꿈,김포명패제작,유리맞춤,주차장바리게이트,택배종이테이프
led글자,학원배너,슈퍼tc105,석고보드땜빵,김포승진명패,높이조절볼트,지붕처마,갑을테이프투명황색박스
개조심팻말,플라잉배너,스마토파이프커터,욕실줄눈테이프,나무각인,벽선반받침대,자동차버팀목(고임목)3kg,겔양면테이프
사무실안내판,백월,스텐레스커터,찢어진가죽,남자화장실표지판,접이식도어,3m헤드셋,노턴테이프
커피간판,빙수배너,아시바절단기,가죽쇼파수리,당기세요,다이소도어스토퍼,트럭그물망,리빙공감벨크로테이프
미니현판,안심콜,알덴tc-103,푸가프레스카,대표이사메탈명패,행거레일,슬로프,박스테이프50m
어린이집문패,팔순플랜카드,알미늄파이프컷팅,나무보수,돌출표찰,미니픽스,3mh10a,자동차테이프
개인과외교습자현판,배너사이즈,엑셀커팅기,벽메꿈,레이저명패,택스,논슬립스프레이,금속테이프
우드사인,청귤에이드배너,엑셀컷터기,석고보드벽보수,마스크안내문,방문도어,웨빙띠,종이테이프
감성문패,투투박스,용수타일컷터기,줄눈이테이프,마스크착용안내문(코로나19),디아월,주차턱,초강력방수테이프
로고간판,uv인쇄,카타,rj부속,메달제작,유리고정,와이퍼올,고온테이프
부서표지판,승진현수막,콜라보타일커터,가구펜,명패np-19,앵글평상,주차차단바,박스테이프중포장
사각돌출간판,a형배너,플라스틱컷팅,다이소도배풀,물푸레나무명패,와이어부속,슬러지보관함,열전도테이프
어린이보호,병풍현수막,bmi수평대,쇼파가죽보수,미끄럼주의안내판,욕실문보수,실리콘고무판,타이탄겔양면테이프
문번호판,예쁜글씨pop,dcs551n,인조잔디접착제,미니나무명패,통풍구,차량검지기,다이소테이프
인피니티미러,깃발현수막,ha-600,창문형에어컨틈새,반려동물수목장명패,방문틀,차량차단기,양면폼테이프
화장실안내,롤배너,kk-032,가구못스티커,변호사명판,흡착식도어스토퍼,창문렉산,게퍼테이프
아크릴조명간판,속눈썹가격표,lk-500,가죽쇼파시트지,변호사자개명패,유리난간대,생명줄,경고테이프
카페인테리어소품,회장선거포스터,pe호스절단,마루보수시트,변호사호두나무명패,pvc점검구,현관캐노피,보안테이프
펜션간판,스프링배너,pvc파이프절단,멀티가드,병원명패제작,smc천장재,낙하물방지망,튜브방수테이프
실외간판,실내용배너,tc-107h,집텍스,병원표찰,거실폴딩도어,장애인핸드레일,pu테이프
간판걸이,졸업현수막제작,강관커팅기,타일복원,부서표지판,문인테리어,아연능형망,로고테이프
영업중팻말,주차금지현수막,강관파이프절단기,가구메꿈제,부착형명패,원터치말발굽,침대떨어짐방지,몬스터화이트쉴드
호수번호판,시트지실사출력,로덴베르거강철파이프커터,금간변기,부천명패제작,현관문자석스토퍼,주택울타리,opp박스테이프
안내사인,가격표만들기,리지드파이프커터,러스크린,사무실책상명패,다보피스,중앙분리대,강력붙여보게
화장실표찰,뉴마커스,배관파이프커터,마루칼라스틱,사무실표찰,베란다창고,폴리카보네이트가격,전기용고무테이프
플래그간판,배너거치대부품,스마토동파이프커터sm-105,백곰본드,사파이어명패,도어자석,화물스트랩,덕성테이프
open팻말,입간판배너,알덴tc,세라믹줄눈,상장아크릴케이스,구멍마개,루프코일,실크벽지테이프
대표이사실,a3거치대,엑셀관커터기,실리콘조색,소변금지,도마발,이츠,원스테이프
주차금지팻말,음악학원현수막,열선커터기,찢어진쇼파,수원삼각명패,도어고정,경사발판,갑을테이프투명박스
층표시,칠순현수막제작,용수타일,타일금보수,숫자돌림판,주방문,제전비닐,라바테이프
후렉스간판,미니현수막제작,이시이타일컷터기,b7000본드,숫자명패,우마브라켓,주차금지체인,몬스터겔테이프
아크릴큐브간판,졸업플랜카드,전산볼트컷터,가죽쇼파패치,실내형대형배너,abs도어가격,고무받침대,테이프인쇄
자석현판,현수막환갑,절단기,강화마루흠집,심사위원명패,스톱퍼,loto,3m폼테이프
코로나항체검사키트,투명입간판,타공기,대리석메꾸미,심플명패,천장재,나무아대,씽크대방수테이프
현관번호,현수막배너,타일컷팅기대여,소파가죽스티커,아크릴교장명패,중문호차,바닥철판,3m투명테이프
led전광판,애견미용가격표,파이프튜브커터,타일구멍막기,아크릴삼각,도어자석스토퍼,스텐대문,asf-110fr
남녀표시,가게간판,7112200sb,가죽쇼파스티커,아크릴삼각미니,환기구커버,pvc타포린,다이소자석테이프
사무실팻말,미용실메뉴판,7132200,덧바르는실리콘,아크릴판,ㄱ브라켓,가빠,이지씰
상상싸인,스탠딩간판,c12pc,만능풀,에실로,유리문스토퍼,미정,3m강력테이프
철재간판,식당배너,dcs355d,물도깨비테이프,예쁜대표명패,아파트방문,에어로겔,까슬이
나무안내판,목재입간판,duracarb,소파가죽수선,옥명패,화장실문틀,호로,다이소양면테이프
나무푯말,산수연현수막,kftac-8,접착제/보수용품,온라인쇼핑몰홍보,diy가구,발끝막이판,스펀지양면테이프
돌출표지판,약국pop,pvc컷팅기,가구크레용,왁싱로고,바닥도어스토퍼,한반도철망,고려테이프
뚝딱인테리어,착한배너,sm-c67,나무마루보수,왼쪽화살표,자동말굽,토목용부직포,다이소풀테이프
반패,칠순플래카드,sm-p0363,가죽소파스티커,원사진급선물,슬라이딩도어클로저,갑바천,아세테이트테이프
마이캘리,배너인쇄,std-180e,갤코트,의원원장명패제작,액자걸이레일,지붕마감재,접착벨크로
안내표지판제작,배너현수막,각도절단기,바닥찍힘,의학박사명패,영림도어,차단기바,하우스테이프
오픈클로즈사인,뷰티샵가격표,나무절단기,벽지보수스티커,일산금속명패제작,컨테이너자재,고무판파는곳,화장실변기테이프
화장실마크,스킨플래닝배너,동관컷터기,석고보드복원,종친회장명판,다이소액자레일,경사로진입판,3m아크릴폼양면테이프
문호수,스탠드pop,동캇타,가죽보수제,중앙기념사명패제작,차음재흡음재,실버앤스페이스키오스크향균필름,방식테이프
실내아크릴간판,자이언트폴,디월트무선멀티커터,대리석수리,집게명패,픽쳐레일,주물대문가격,서통테이프
방문문패,포토월제작,디월트전산볼트컷팅기,목공용퍼티,천연자개삼각명패,망입유리,차단바,테이프프라이머
스카시글자,가격표인쇄,디월트전산봉,장판틈새,천장명패,흡음재종류,방음헤드셋,넓은테이프
아크릴스카시간판,꽃집입간판,로덴베르거pvc커터,찢어진소파,크리스탈교감명패,스프링스토퍼,주영산업,무광면테이프
와이파이표시,웰컴보드,로덴베르거강관컷팅시험용,타일틈새메꾸기,크리스탈명패제작,도어스토퍼자석,받침목,양면실리콘테이프
측면간판,탁상용배너,로덴베르거커터날,텍스,통영삼각명패제작,벽방음,고무바닥,고무발포테이프
행잉간판,피오피,리지드커터,도배부직포,투명명판,레일와이어,실리콘시트,vhb4910
화장실픽토그램,gs칼텍스주유쿠폰,마닉스열선커터기,가구찍힘,학교장신규발령명패제작,나뭇잎스토퍼,유신주상안전대,깔끔대장신박하게방수테이프
어린이보호표지판,퇴사플랜카드,밀워키동관커터,강화마루메꿈,한샘크리스탈산업,아교도시,이동식경사로,리빙공감벨크로테이프찍찍이테이프
대문명패,스카이댄스,밀워키동커터기,마루보수본드,화장실안내판,가구쇼바,골고무판,박스테이프소량제작
방호수,아이러브현수막,밀워키동파이프컷터,보수키트,황동+레이저+싱글패,바닥자석스토퍼,닭망,불연테이프
아티스디자인,와플배너,밸류동파이프커터기,석고보드패치,회의용명패,현대홈도어,채양,3m얇은양면테이프
이발소싸인볼,포스터거치대,엣지기계,육각슁글,회장김성경명패,가스실린더,염소망,강력벨크로
간판글자,경작금지,원더커터s,지붕마감재,0016959,강화도어스토퍼,차호로,다이소부직포테이프
옷가게간판,어린이집병풍,일제엑셀파이프커터,콘크리트균열보수제,a2065파티션꽂이,베란다폴딩도어가격,정전기방지매트,메쉬테이프
cctv촬영중,파티현수막,크니펙스볼트컷터,파이프보수,ceo명판,철계단,산업용귀마개,변기방수테이프
기대지마시오,큐방현수막,크니픽스볼트커터,가구기스,pvc번호표,미닫이도어,고무롤,비닐하우스보수테이프
깃발간판,미니깃발제작,타일컷터기추천,가죽소파수선패치,t아크릴팝업,슬라이드도어,돔형반사경,스폰지양면테이프
쓰레기버리지마세요,선거벽보,파이프자르기,다이소우레탄폼,t자형명패,원터치도어스토퍼,스텐자바라대문,3m300lse
광고물부착금지,입구메뉴판,파이프커터휠,목재빠데,t자형아크릴명패,전공구,화물차덮개,공업용테이프
아크릴간판가격,정년퇴임축하,파이프컷터기42,팀버메이트,vmd멀티넘버링번호돌림판n12,스텐난간대,키오스크항균필름,댄스플로어테이프
수목장팻말,퇴임식,폴대커팅기,crackfiller,각종명패,액자걸이와이어,pvc논슬립,무광테이프
창문led간판,광고배너,호수컷터기,가죽소파패치,갈색크리스탈명패,책상상판,경사로발판,3m5069
방이름표,피부샵가격표,b-tc600l,금간타일,거주자외주차금지,문가격,흡연부스가격,3mvhb4910
아크릴명판제작,대형시트지제작,dcs373n,마폴코리아,건축사크리스탈명패,매직3구스티커,렉산가격,내열실리콘테이프
아크릴숫자판,메뉴현수막,knipex볼트커터,인조가죽수선,경고표지,각도조절수대,차량버팀목,오성테이프
티타늄간판,스마트배너,pb관커터,줄눈프라이머,고급크리스탈명패,천정마감재,고무칩,취급주의박스테이프
포맥스현판,에스테틱메뉴판,pvc커터,참우드씰,공인중개사개업비용,방화문스토퍼,목재대문,커버링테이프마스킹절연필라멘트양면
화장실돌출표지판,퇴직플랜카드,pvc파이프컷터기,pr-50a,공인중개사명패추쳔ㅈ,보니타빈백충전재,스텐핸드레일,청면테이프
골드스카시,광고현수막,rems,tenax,공인중개사전문직,황동발,방화포,저소음테이프
사용중표시등,미니플랜카드,rex동커터,바닥스크래치,관리소장명패,일자스토퍼,선홈통,접착식벨크로
계단광고,병원놀이현수막,tcb-107슈퍼,벽갈라짐,교감명패제작,중고문짝,안전난간,루디루디
여자화장실,생일플래카드,udec-54,벽메꿈이,교감향나무명패,크레홈,문턱경사,열테이프
외부음식반입금지,실외용배너,ytc600,줄눈화이트펄,구인광고,방문시공,추락방지대,욕실양면테이프
led문패,외부메뉴판,디월트dcs355d2,타일석고,근조기,문짝문틀,부착바,곰팡이방수테이프
금연포스터,정년퇴임문구,레이저타일절단기,피스커버스티커,근조깃발,smc천정재,산업안전용품,벨크로양면테이프
금장간판,팥빙수배너,레이저타일커팅기,깨진세면대,금지표시,t50좌판,흡연실,블랙박스용양면테이프
레터링간판,합격현수막,렉스동파이프커터n30,벽에구멍,깃발봉,럭킹,가스통거치대,중포장박스테이프
아크릴led간판,오픈현수막제작,렉스파이프커터,석고보드메우기,나무책상명패,원목상판,캐노피공사,3m양면
cctv안내,코로나현수막,로덴베르거강관커터날,쇼파수선테이프,네일샵로고,a1k1278100ab,스텐반사경,고무절연테이프
글자,피아노학원현수막,리지드29963,인조대리석수리,녹이단,가구밀림방지,윙카호스,신선식품박스테이프
돌출형간판,네일샵현수막,만능커터기,피스구멍스티커,다이소아크릴네임텍,레일걸이,화물차안전망,욕실실리콘테이프
아크릴로고,레트로현수막,밀워키멀티커터,화장실타일깨짐보수,담배꽁초무단투기,침대헤드,고무스티커,젤리테이프
전원주택문패,뷰티메뉴판,수동파이프커터,강마루찍힘보수,대구자개명패,화이트상판,농약보관함,테이프론
주차장표지판,시장놀이현수막,수퍼동파이프커터,금간욕조,대표골드명패,방음재,스텐논슬립,3m372ks
회사문패,a3pop,슈퍼사라기,대리석메꿈,대표원장,액자레일설치,화물용품,천면테이프
아크릴문구,메뉴거치대,스마토sm107,문짝보수,대표이름표,소파밴드,미니깔깔이,고정테이프
안내문,메뉴판글씨,스텐주름관절단기,복구페인트,대표이사성명,오메가레일,h10a,매직보수테이프
집문패,미용배너,스텐파이프컷터,쇼파시트지,데스크명판,뉴슬라이드백,라쳇벨트,모자사이즈테이프
금연구역표지판,배경현수막,신용컷터기,아파트벽구멍,데스크크리스탈명패,피스다보,가이드라인,박스테이프인쇄
금연표시,용돈현수막,실링기,욕실보수,돌명패,유리폴딩도어,탄화포,판양면테이프
천장간판,주문제작현수막,용수타일절단기600,가죽소파테이프,동판명판,자석말굽,빗물받이,깔끔대장다용도방수테이프
캠핑명판,카페배너제작,주철커터기,메꿈씰,두꺼운고무줄,방음자재,철망펜스,라이프레시피울트라테이프
경고문,패디플래닝배너,커터기,바치리폼박사방수테이프도깨비,라벨홀더,가구부품,안전줄,틈새방수테이프
농장간판,나무배너,콜라보레이저타일커터,벽지수선,라운드크리스탈명패,고양이도어스토퍼,충격흡수패드,그라스테이프
벨누르지마세요,대형실사출력,크니펙스커터칼,아덱스fg8,로마크절곡스탠딩l자형명패표지판,아파트먼트,전선덮개,실리콘단면테이프
흡연구역,외부배너,타일절단기600,욕실타일구멍,룸명칭,전도방지,텅스텐논슬립,원준테이프
당기시오미시오,착한베너입간판,파이프컷팅기tcb105,지붕재,매장명패제작,하부가이드,휀스철망,커버링테이프마스킹절연필라멘트양면테이프모음
샤워실표지판,포토존설치,플라스틱파이프커터기,달팽이줄눈,메탈대표명패,욕실도어,1톤호루,보호랩
신주간판,원아모집현수막,호스커터기,디커플링매트,메탈스탠명패,유리레일,보양지,욕조방수테이프
와이파이안내,현수막디자인,5.5054,마루시트,명패골드,충진재,원형고무캡,크림하우스테이프
회사간판제작,환갑플래카드,7.0032,벽걸이접착제,명패나라,문발굽,주차차단기가격,흰색전기테이프
공부방간판,등신대거치대,agp링컷터기,스타본드950,명패디자인나무,미닫이문교체,컬러강판,비닐하우스테이프
금연,배너스탠드,강간파이프절단기,얀크로스,명패야,의자스펀지,화물차고임목,욕조수리
오픈클로즈간판,세일문구,강관커팅,우드크레용,명패제작광주,맞춤유리,엘리베이터항균필름,인덕션테이프
천장표찰,뷰티배너,고이송커터,타일눈,문고리도어사인,자동도어스토퍼,주영산업자동바,일상공감초강력붙여보게
고무스카시간판,led베너,광섬유절단기,탄성코트보수,문고리알림판,충전재,라쳇타이,다이소실리콘테이프
메뉴간판,부동산입간판,동파이프컷팅기,틈새방수,물질안전보건자료그림문자,스터퍼,추락방지,띠테이프
목재간판,생신축하현수막,디월트멀티컷터기,화장실타일금보수,반누보,알루미늄점검구,이오나이저,매직양면테이프
영업시간팻말,요금표,렉스커터,강화마루땜빵,발레학원로고,피스캡,그물망가격,몬스터블랙겔
영업중led간판,환갑잔치현수막,로덴베르크강관파이프커터,마루찍힘보수제,방문차량경비실경유,나뭇잎도어스토퍼,엘리베이터향균필름,방열양면테이프
직원외출입금지,어린이집추석현수막,로터리커터,실리콘세트,방이름표,미서기문,접이식바리게이트,양면테이프종류
회사명판제작,캐릭터에어간판,링크형파이프커터,타일갈라짐,변호사사무실명패,어닝핸들,계단미끄럼방지테이프,테이프주문제작
메탈도어사인,현수막탱탱이,마끼다sd100,타일메꾸기,병원촬영금지,글라스폴딩도어,등산로매트,도깨비테이프
아크릴팻말,스탠딩배너,멀티컷소,틈새메꾸기,보행금지표지판,자동말발굽,생고무,태영전기테이프
led채널,음식점배너,미니파이프절단기,yjt,보행자금지표지판,강아지계단만들기,원형맨홀,태영테이프
부서표찰,코로나거리두기단계,밀워키스트리퍼,가죽쇼파테이프,봉황명패,기둥,제전가방,특수테이프
외출중팻말,메뉴판인쇄,밀워키파이프커터,도배칼받이,부서별명패,산코체어매트,단차해소,강력한양면테이프
자율형건물번호판설치신청,오픈예정현수막,배관커터기날,슈퍼크랙실,부서장명패,유리상판,아연철망,물샘방수테이프
철제글자간판,윈드배너플라잉배너오픈행사대형거치대,보쉬멀티커터,정배솔,사무실자리명패,높이조절나사,안전제일,크림하우스픽스테이프
담배꽁초버리지마세요,임영웅미니등신대,볼트컷터기,타일줄,사무실팻말,epp,충격방지,3m라인테이프
신발을벗고들어오세요,차림표,봉커터기,타일혁명,사장명패디자인,유압자석스토퍼,베란다안전가드,3m블랙박스
아기방문패,피아노현수막,블랙다이아몬드커터11112,타일홈메우기,사장선물,파이프인테리어,충격흡수,3m자동차커버링테이프마스킹절연필라멘트양면테이프모음
입체숫자,학생회장포스터,블랙다이아몬드커팅기,풀자국제거제,삼각자개명패,문교체비용,원목핸드레일,수중테이프
사용중팻말,감성상점,스텐파이프핸드커팅기,도배삼중지,상패야크리스탈명패,유리주문제작,유압크레인발판,아이비그립테이프
외근중,메쉬현수막,시그마타일컷팅기,동전닦기,색다른명패,스폰지종류,절연매트,열전도양면테이프
입체문자,미용실오픈현수막,알루미늄파이프커팅,타일메꿈,서각명패,계란판흡음재,화물벨트,보슬이까슬이
현관문숫자,응원현수막,앵귤러커터,터치업솔루션,세련된명패디자인,문고정자석,부직포,3m4411
금속명판,칠판배너,에어컨동관커터,플루브타일라인,세무사명판,이지폴딩,창문안전망,테프론필름
손대지마시오,배달의민족현수막,엑셀파이프캇타,현관줄눈,소화기위치안내문,가구벽고정,철기방,fasola
엘리베이터안내판,생일축하배너,유압철근컷터기최저가,홈앤타일,수목장묘비문구,상가유리문,녹색고무판,가나잇라인
화장실표지,피부관리실베너,이시이22xa,매꿈이,스덴명패,방문문콕방지,돔반사경,리폼방수테이프
아기문패,현수막고리,자물쇠절단기,석고텍스,스프링화일,예림abs도어,타이거로프,신박한방수테이프
이니셜간판,개업현수막,전동커터,화성본드,식수기념,화장실문보호대,벌집망,열에강한양면테이프
투명아크릴간판,대형입간판,철재사각파이프,wallpatch,신씨네나무이야기,갈바점검구,오토바이사다리,투명보호테이프
개조심표지판,등신대주문제작,철파이프커터날,나무문보수,신주명패,천장인테리어,화물고정벨트,vhb양면테이프
계단표찰,반영구pop,콜라보타일컷팅기,닥터마루니,실내돌출간판,문자석스토퍼,포터갑바,다이소벨크로
셀프코너,스탠딩메뉴판,튜브컷팅기,벽지수리,아래화살표,슬라이딩도어롤러,고무안전리브,방수테잎
숫자아크릴,전교회장벽보,튜빙커터날,욕실타일수리,아크릴popa3,욕실천정재,우퍼방진매트,3m4421
옥외간판,철제pop,파이프컷,원목스크래치,아크릴명패부착,강화유리상판,쥬브바,단면실리콘테이프
원목현판,포인트배너,파이프컷팅,장판메꾸미,아크릴삼각기둥,무타공말굽,문턱슬로프,서경테이프
집명패,가격표디자인,현진열컷터기,치과용접착제,아크릴쇼카드,방화문교체,버튼커버,초강력접착테이프
현관명패,미니x배너,fmc500,타일들뜸보수,아파트현관문번호판,화장실미닫이문,마닐라로프,만능접착테이프
화살표,손글씨메뉴판,kdy타일컷터기,몰딩접착제,앉지마시오,미끄럼방지도트,보호구함,메탈테이프
마스크착용안내문,실외입간판,kxp-230,자동차보수페인트,알루미늄명판제작,선반고정핀,생고무판,아크릴폼테이프
정기휴무,안내스탠드,mccbc-0735,필름보수,알류미늄명패,천장,트럭안전망,양면접착
현관호수판,워킹배너,me-60,가구마카펜,알류미늄책상명패,그림레일,블랙야크안전벨트,열에강한테이프
open네온,거울입간판,pb컷터기,가구크레파스,어린이트로피,셀프방문교체,계단논슬립패드,3m9071
강아지팻말,선거피켓,pvc파이프카타,가죽쇼파수리패치,어린이화장실표시,슬라이딩도어부품,아트휀스,모자사이즈조절
부재중,종이거치대,sr파이프절단기,마루변색,에어컨가동중,의자부속,우레탄볼라드,크래프트테이프
우편함호수,네일입간판,tcb-107,마루보수펜,엘리트명패,슬라이딩롤러,유흡착제,3m초강력
주소간판,부모님현수막,tcbc105,바닥보수키트,여자화장실표시,책상고정,자동문안전센서,3m커버링
화장실도어사인,세일배너,tubix,칼라필러,온아데이,매트미끄럼방지패드,문턱단차,리노테이프
cctv문구,유리광고,xl파이프커터,kcc마이텍스,옷가게세일,방문자석홀더,미니차단봉,보호비닐
나무명판,카페철제입간판,고속절단기,가죽땜빵,위페,우드도어스토퍼,현장안전벨트,식품테이프
나무표찰,코로나안내문,광절단기,나무문수리,위험,단열폴딩도어,달비계,투명랩
분리수거표지판,풍선간판가격,대형파이프커터,리액션카트리지,은행명패,매트리스밀림방지,클린룸가방,3m양면폼테이프
브레이크타임표지판,풍선배너,동관커팅기,석고보드메꾸미,이쁜삼각명패,방문제작,비계계단,신일기업
금일휴업,피부관리메뉴판,동배관절단,소파보수테이프,이상적일상명패,폴딩도어부품,엘리베이터버튼,실리콘픽스테이프
문패디자인,회전깃대,디월트전산커터,쇼파가죽테이프,재활용분리수거,하부레일,벽손잡이,접착강화제
사용중표지판,깃발봉,디월트충전공구,쇼파보수테이프,전문직명패,화장실사용중,출입문,클리어겔
아크릴도어사인,맥주배너,렉스동파이프,포리졸,정육명패,줄비오,고탄력바,3mvhb양면테이프
우편함호실판,메뉴판,렘스파이프커터,하드필마루보수키트,조합장명패,현관노루발,플라스틱판넬,고릴라방수테이프
이쁜간판,상조기,로덴베르거파이프커터날,가구못자국스티커,주차금지문구,흡음재차음재,실내흡연부스,넓은양면테이프
주차금지안내판,포맥스메뉴판,몬트리토,금간세면대,중령진급선물,벽레일,휠체어문턱,아크릴폼양면테이프
층별안내도,프로포즈플랜카드,물류마스터,보수시트,책상명패가격,에이스침대가드,미니깔깔이바,청보호필름
화자카야,a자입간판,밀워키동파이프,장판까짐,책상명패하는곳,kcc터닝도어,화물차흙받이,호일테이프
휴무안내,감성현수막,밀워키전산볼트카타기최저가격,콘크리트메꾸미,책상위명판,경신창호산업,1톤그물망,3m원형테이프
공부중,게릴라현수막,밀워키컷터기,타일줄눈메꾸미,카달로그꽂이,장식볼트,복층폴리카보네이트,쓰리엠양면테이프
아크릴번호판,경축현수막,박판타일커터기,z-1007n-nc,크롬글씨,흡착식말발굽,산업안전벨트,인덕션방수테이프
우드현판,끌림배너,베스토타일컷터b-tc600l,강화마루들뜸,크리스탈고급명패,abs문틀,오탁방지막,점착테이프
아크릴이니셜,마카롱배너,블랙다이아몬드컷터기,규산소다,크리스탈명패양각,가구수평패드,포터그물망,300lse
안심콜,패트지,비계파이프절단기,나사구멍스티커,크리스탈문양명패,시스템도어,계단경사로,3m실리콘양면테이프
예쁜나무간판,포토존거치대,사라기,나사자국스티커,클립형명패,공기망,자동벨트차단봉,eva폼테이프
유리창간판,피부배너,스텐파이프컷팅기,나사커버,투명삼각아크릴명패,의자수리,문턱제거,박스포장테이프
재실표시,현수막칠순,아레나토리나일론커터,디펜스캡,투명아크릴명판,우와도어,소화기,주차라인테이프
차고앞주차금지,빅폴,알덴tc103,쇼파리폼스티커,투명아크릴명판꽂이,케인도어,울타리그물망,황색박스테이프
현관문호실판,빅폴배너,알루미늄커터기,pu700,파티션꽂이아크릴,계란판스펀지,이중렉산,내열성테이프
강아지집문패,술집배너,엠바커팅기,가구복원,편백명패,포켓도어레일,작업안전벨트,동박테이프
골드스텐,스카이댄서,오비컷,가죽수선스티커,폐문,오메가호차,창문방범창,벽지에붙이는테이프
금속스카시,스탠드현수막,유리컷터기,강마루셀프보수,포도명패,원형테이블상판,실내경사로,실테이프
미니돌출간판,연예인굿즈,주철관절단기,나무메꿈,포맥스명패제작,충격방지스티커,점자블록,열선테이프
사진촬영금지,정육점pop,주철절단기,다카모리마루보수,학교표찰,고무도어스토퍼,세라믹논슬립,흰색절연테이프
쓰레기표지판,탱탱이,커터기롤러,드라이월패치,한의사명패,문완충기,이온아이저,80m테이프
주소문패,i배너,컷팅기,마루기스,향나무명패가격,쇼파부직포,화물차바,다이소벨크로테이프
led캠핑문패,네일아트가격표,타스코컷터기,마루스크래치,향나무명패공장,인테리어파이프,msds보관함,차량용3m양면테이프
갈매기표지판,명절현수막,튜브커팅기,물유리,홈앤굿즈스토어,중심봉,세라믹테이프,박스테이프투명
개봉상회,백릿,튜브컷터기,씽크대보수,화장실돌출표시판,쇼파스폰지,미끄럼방지고무패드,원준박스테이프
건물인포메이션,엑스레이티드,파이프머신커터날,오토씰,화장실돌출표지판,히든슬라이딩도어,상체식벨트,한일마스킹테이프
돌출led간판,외부차량주차금지현수막,파이프커터날4.8*18.7*3,인조대리석메꾸미,화장실마크,접이식선반받침대,청각반,호스테이프
동그란간판,전봇대현수막,파이프커터배관절단기,장판융착제,화장장명패,천정레일,화물고정,3m양면테이프원형
에폭시채널,환갑현수막세트,플라스틱커팅,차량보수페인트,회갑상폐,화장실유리문,미끄럼방지고무판,vhb
공부방현판,반영구현수막,합판절단기,창틀보수,회사대표,타공캡,안전벨트전체식,고열테이프
단조간판,배너프레임,핸드절단기,가죽시트스티커,회의실명패,삼흥쇼바,실리콘미끄럼방지,끈끈이없는테이프
사각간판,생신플랜카드,후크칼,가죽의자수선,회의아크릴명패,예림도어ym-8001,유류저장소,떡테이프
산업안전표지,실사현수막,7.0045,대리석기스,회의중명패,책상의자매트,주상벨트,봉인테이프
입체레터링,야외배너,arm볼트커터날900,리폼테이프,휴가중,방음도어,계단안전망,열수축테이프
카페인테리어,입간판거치대,dwa4208,마루보수,흡연장소,의자발굽,고무방진패드,정전기테이프
호수표시,전교회장피켓,hcc13df,벽크랙보수,00000vs통신3사,문자석,유압크레인안전발판,파이프테이프
led현판,컵빙수배너,jp-700stwal,스텐스퀴즈헤라,201호스티커,욕실브라켓,화물차고리,화이트테이프
간판스카시,해수욕장지도,m바컷터기,스토카뤼드,230*90파티션꽂이,구멍캡,철기둥,배선테이프
글자스카시,미용실pop,pvcpipe커터,타일메지칼,33년전통자개명패,거실폴딩도어가격,카보네이트,벽지양면테이프
나무문패만들기,부동산배너,pvc파이프커팅기,틈새매꾸기,3d피규어명패제작,스텐접이식선반대,터프빌트무릎보호대,섬유테이프
문번호,세일포스터,rbn42p,프로클리마,a4메뉴판액자,노출슬라이딩도어,이동식휀스,태영절연테이프
미끄럼주의스티커,시트인쇄,rexrb22,필름지보수,a4아크릴다보,매직3구말굽,이미지휀스,황색테이프
빈티지사인보드,웨딩현수막,rothenberger로덴베르그pvc커터tc6352030/pvc가위,강마루접착제,a4용지부동산광고,매트리스미끄럼방지,불티비산방지포,3m1711
쓰레기무단투기금지,유리부착현수막,sm-274,강화마루스크래치,a5상장,바닥수평,비받이,3m초강력테이프
