상품명,상품번호(스마트스토어),추가홍보문구1,추가홍보문구2,제외키워드
미니간판 와이파이간판 와이파이안내판 사무실 회사 카페 명판 예쁜간판 가성비,5854991138,,,
미니간판 주소간판 도로명주소 건물번호판 사무실 회사 카페 명판 예쁜간판 가성비,5848822167,,,
금지 표찰 흡연 애완동물 금지 아크릴 스카시,5845530434,,,
미니간판 미니현판 포맥스간판 사무실 회사 카페 명판 주문제작 예쁜간판 가성비,5826101202,,,
와이파이 흑색 아크릴 백색 아크릴 스카시,5801101369,,,
네온사인 무드등 칵테일잔 이쁜보조간판 LED 조명 감성 실내인테리어 캠핑 홈바,5797568986,,,
"LED루미사인 부속 모음 ( 연장선,와이어걸이,전원스위치 )",5717750730,,,
LED 주문제작 사이즈 모음,5704221878,,,
LED영업중 오픈사인 조명간판 아크릴채널 캠핑포인트문패 개업선물,5691917350,,,
베이커리 이쁜보조간판 LED 조명 빵집 빵나오는 시간,5688594406,,,
24시 영업중 오픈 잘보이는 적색 LED 개업선물 영업재개 코로나 창문간판,5688592256,,,
영문스카시세트 3t 카페 흡연 창고 벽면 포인트 아크릴 이쁜 이니셜인테리어 캘리그라피,5687991038,,,
정사각형 부식 간판 현판 비조명 조명,5678915479,,,
OPEN 네온LED 영업중 조명사인 대문자형,5675865002,,,
한글스카시세트 3t 카페 흡연 창고 벽면 포인트 아크릴 이쁜 이니셜인테리어 캘리그라피,5673380283,,,
영문표찰스카시 3t 카페 흡연 창고 벽면 포인트 아크릴 이쁜 이니셜인테리어 캘리그라피,5667517742,,,
한글표찰스카시 3t 카페 흡연 창고 벽면 포인트 아크릴 이쁜 이니셜인테리어 캘리그라피,5665298879,,,
가게표찰스카시 3t 카페 흡연 창고 벽면 포인트 아크릴 이쁜 이니셜인테리어 캘리그라피,5656232947,,,
OPEN 오픈 영업중간판 LED아크릴채널 캠핑포인트문패 나래바네온사인 개업선물,5642224090,,,
아크릴 도어사인 3t 아파트호실 객실표찰,5639493658,,,
화장실 픽토그램 화장실표찰 아크릴 스카시 3T,5626538470,,,
Take out 두줄형,5623611075,,,
BEER LOGO,5623591065,,,
COFFEE SHOP,5623478345,,,
CAFE LOGO,5623464128,,,
OPEN 네온LED 영업중 조명사인 대문자형,5564793088,,,
야자수 그린/브라운 네온조명 루미사인 게스트하우스 숙박업 썸머비치 서핑존 해변 식물LED,5543209252,,,
꽃길만걸어요 레드/핑크 네온광원 와인바 포토존 레터링조명 벤치조명 스팟 무드풍경 복도등,5543184233,,,
누들 블루네온사인 라멘 면전문점 칼국수 우동 편의점 야외전시 LED미니조명 걸이형 벽등,5541325255,,,
"( 일반형 ) DIY 철제간판 , 도색간판",5526918158,,,
"( 밑줄형 ) DIY 철제간판 , 도색간판",5519456740,,,
방문포장 테이크아웃 TAKEOUT 식당 카페 LED조명 루미사인,5252296282,,,
TAKEOUT 네온 이니셜간판 화이트 레드 테이크아웃 카페 식당 치킨 방문포장 LED조명,5237576830,,,
테이크아웃간판 TAKEOUT LED간판,5236037509,,,
맥주잔 수제맥주 BEER 네온문자 루미사인 주점 창문조명 LED야광 BAR 치킨집 개업,5229304479,,,
수제맥주 술집 카페 네온 이니셜 루미사인 문자조명 LED 나래바 무드등 차박소품 개업선물,5223844191,,,
셀프바 주문제작 네온 이니셜 루미사인 문자조명 LED간판 나래바 무드등 차박소품 개업선물,5223485305,,,
LED 오픈간판 OPEN 사인 개업선물,5058582418,,,
LED 오픈사인 영업중 조명간판 아크릴채널 캠핑포인트문패 홈바네온 개업선물,5057254533,,,
카페 커피 네온 루미사인 LED간판 개업선물,5023198084,,,
네일아트 네일샵 led 조명간판,4884956801,,,
블루네온 헤어샵 이니셜 루미사인 LED간판 입체글자 개업선물 전광판 바버샵 미용실 나래바,4884729518,,,
A4 철제입간판 POP스탠드 매장입구간판,4397033097,,,
A3 철제입간판 POP스탠드 매장입구간판,4396782783,,,
카페 커피간판 오픈 개업선물 LED 네온 루미사인,3966923717,,,
원터치와이어 액자레일 천정고리 천장액자 천정액자 벽액자걸이,2161411942,,,
7자형와이어 액자레일 천정고리 천장액자 천정액자 벽액자걸이,2153335026,,,
레일용와이어 액자레일 천정고리 천장액자 천정액자 벽액자걸이,2153206986,,,
알루미늄자 안전스틸 공업용 컷팅 손가락보호 미끄럼방지 커팅용 스틸엣지,606844220,,,
양면폼테이프 다용도 건축용 가정용 시공부착용 간판자재,606800853,,,
아크릴 재단칼 절단용 캇타 다용도 커터,606793583,,,
시트제거칼 스크래퍼 찐드기제거 시공용 유리전용 바닥껌제거,451552487,,,
보영황금헤라 썬팅 랩핑 시트지 필름시공,451547627,,,
보영고급홍금헤라 썬팅 시트지 랩핑 밀대,451546841,,,
올양모헤라 썬팅 랩핑시공 기스방지 밀대,451539952,,,
양모헤라 썬팅전용 기스방지 시트지시공 랩핑,451539605,,,
썬팅전용헤라 랩핑 기스 시트지전용 연질,451539269,,,
썬팅전용헤라 랩핑 기스 시트지전용 우레탄,451538786,,,
썬팅전용헤라 랩핑 기스 시트지전용 이중날고무,451538449,,,
현대엠보시트지 안개시트지 불투명시트지 유리창시트지 사생활보호시트지,450226855,,,
현대칼라시트지 조명용시트지 옥외용시트지 무광칼라시트지 단색시트지 간판시트지 글자컷팅시트지,448730401,,,
옥외용시트지 간판시트지 글자컷팅시트지 단색시트지 현대유광칼라시트지 씨트지,448702497,,,
유리창시트지 창문시트지 욕실유리시트지 샤워부스시트지 윈도우필름,448322726,,,
현대칼라시트지 내부용시트지 무광칼라시트지 단색시트지 간판시트지,446773212,,,
