"스토어팜 보고서(주1회)(2021.07.02.~2021.07.08.),signcody"
"캠페인유형","캠페인","광고그룹","소재","평균노출순위","노출수","클릭수","클릭률(%)","평균클릭비용(VAT포함,원)","총비용(VAT포함,원)","전환수","전환율(%)","전환매출액(원)","전환당비용(원)","광고수익률(%)"
"쇼핑검색","스토어팜","a","nad-a001-02-000000138098432","4.3","3","0","0","0","0","0","0","0","0","0"
"쇼핑검색","스토어팜","a","nad-a001-02-000000138286763","6.6","194","7","3.61","413","2,893","0","0","0","0","0"
"쇼핑검색","스토어팜","a","nad-a001-02-000000138286764","7.3","177","4","2.26","303","1,210","0","0","0","0","0"
"쇼핑검색","스토어팜","a","nad-a001-02-000000138286765(삭제)","4.5","136","0","0","0","0","0","0","0","0","0"
"쇼핑검색","스토어팜","a","nad-a001-02-000000138286770(삭제)","10.8","71","1","1.41","231","231","0","0","0","0","0"
"쇼핑검색","스토어팜","a","nad-a001-02-000000140009122","9","23","0","0","0","0","0","0","0","0","0"
"쇼핑검색","스토어팜","a","nad-a001-02-000000141199730","2.5","331","11","3.33","244","2,684","0","0","0","0","0"
"쇼핑검색","스토어팜","a","nad-a001-02-000000141206993","5","1","0","0","0","0","0","0","0","0","0"
"쇼핑검색","스토어팜","z#6연습#2","nad-a001-02-000000138287047(삭제)","4.5","99","0","0","0","0","0","0","0","0","0"
"쇼핑검색","스토어팜","z#6연습#2","nad-a001-02-000000141207076","36","1","0","0","0","0","0","0","0","0","0"
"쇼핑검색","스토어팜","z#6연습#2","nad-a001-02-000000141207077","33","1","0","0","0","0","0","0","0","0","0"
"쇼핑검색","스토어팜","z#6연습#2","nad-a001-02-000000141207078","15.9","16","0","0","0","0","0","0","0","0","0"
"쇼핑검색","스토어팜","z#6연습#2","nad-a001-02-000000141207080","27","3","0","0","0","0","0","0","0","0","0"
"쇼핑검색","스토어팜","z#6연습#2","nad-a001-02-000000141207082","34","1","0","0","0","0","0","0","0","0","0"
"쇼핑검색","스토어팜","z#6연습#2","nad-a001-02-000000141207083","22.5","6","0","0","0","0","0","0","0","0","0"
"쇼핑검색","스토어팜","z#6연습#2","nad-a001-02-000000141207084","31","1","0","0","0","0","0","0","0","0","0"
"쇼핑검색","스토어팜","w#4연습#상품소","nad-a001-02-000000138287063","8.8","16","0","0","0","0","0","0","0","0","0"
"쇼핑검색","스토어팜","w#4연습#상품소","nad-a001-02-000000138287070","7.9","16","0","0","0","0","0","0","0","0","0"
"쇼핑검색","스토어팜","w#4연습#상품소","nad-a001-02-000000138287071","5.5","61","0","0","0","0","0","0","0","0","0"
"쇼핑검색","스토어팜","w#4연습#상품소","nad-a001-02-000000138287075","4.8","466","4","0.86","344","1,375","0","0","0","0","0"
"쇼핑검색","스토어팜","w#4연습#상품소","nad-a001-02-000000141199728","7.9","94","3","3.2","319","957","0","0","0","0","0"
"쇼핑검색","스토어팜","v#3연습#상품중","nad-a001-02-000000141199733","16.5","22","0","0","0","0","0","0","0","0","0"
"쇼핑검색","스토어팜","v#3연습#상품중","nad-a001-02-000000141207098","34","2","0","0","0","0","0","0","0","0","0"
"쇼핑검색","스토어팜","v#3연습#상품중","nad-a001-02-000000141207099","31","2","0","0","0","0","0","0","0","0","0"
"쇼핑검색","스토어팜","v#3연습#상품중","nad-a001-02-000000141207101","5","9","0","0","0","0","0","0","0","0","0"
"쇼핑검색","스토어팜","v#3연습#상품중","nad-a001-02-000000141207103","35","2","0","0","0","0","0","0","0","0","0"
"쇼핑검색","스토어팜","y#5연습#상품대","nad-a001-02-000000138287084","3.7","321","4","1.25","360","1,441","0","0","0","0","0"
"쇼핑검색","스토어팜","y#5연습#상품대","nad-a001-02-000000138287086","7.3","105","1","0.96","374","374","0","0","0","0","0"
"쇼핑검색","스토어팜","y#5연습#상품대","nad-a001-02-000000140188132","9","4","0","0","0","0","0","0","0","0","0"
"쇼핑검색","스토어팜","원본","nad-a001-02-000000138104749(삭제)","3.1","85","2","2.36","352","704","0","0","0","0","0"
"쇼핑검색","스토어팜","원본","nad-a001-02-000000138104751(삭제)","9","85","1","1.18","154","154","0","0","0","0","0"
"쇼핑검색","스토어팜","원본","nad-a001-02-000000138104752","8.1","13","0","0","0","0","0","0","0","0","0"
"쇼핑검색","스토어팜","원본","nad-a001-02-000000138104755","4.1","45","1","2.23","55","55","0","0","0","0","0"
"쇼핑검색","스토어팜","원본","nad-a001-02-000000138272061","3.5","42","0","0","0","0","0","0","0","0","0"
"쇼핑검색","스토어팜","원본","nad-a001-02-000000138272062","3","61","1","1.64","264","264","0","0","0","0","0"
"쇼핑검색","스토어팜","원본","nad-a001-02-000000138272063","4.3","48","2","4.17","171","341","0","0","0","0","0"
"쇼핑검색","스토어팜","원본","nad-a001-02-000000138272064(삭제)","5.6","63","1","1.59","99","99","0","0","0","0","0"
"쇼핑검색","스토어팜","원본","nad-a001-02-000000138272068","3.2","31","1","3.23","165","165","0","0","0","0","0"
"쇼핑검색","스토어팜","원본","nad-a001-02-000000138272069","2.2","22","0","0","0","0","0","0","0","0","0"
"쇼핑검색","스토어팜","원본","nad-a001-02-000000138272070","2","38","0","0","0","0","0","0","0","0","0"
"쇼핑검색","스토어팜","원본","nad-a001-02-000000138272072","12.6","63","1","1.59","209","209","0","0","0","0","0"
"쇼핑검색","스토어팜","원본","nad-a001-02-000000138272073","8.7","25","0","0","0","0","0","0","0","0","0"
"쇼핑검색","스토어팜","원본","nad-a001-02-000000139474949","8.6","149","1","0.68","407","407","0","0","0","0","0"
"쇼핑검색","스토어팜","원본","nad-a001-02-000000139739578","6.9","84","0","0","0","0","0","0","0","0","0"
"쇼핑검색","스토어팜","원본","nad-a001-02-000000139996756","5.2","246","0","0","0","0","0","0","0","0","0"
"쇼핑검색","스토어팜","원본","nad-a001-02-000000141045852","16.3","52","0","0","0","0","0","0","0","0","0"
"쇼핑검색","스토어팜","원본","nad-a001-02-000000141045853","1.9","19","1","5.27","176","176","0","0","0","0","0"
"쇼핑검색","스토어팜","원본","nad-a001-02-000000141134081","7.4","175","1","0.58","121","121","0","0","0","0","0"
"쇼핑검색","스토어팜","원본","nad-a001-02-000000141134082","6.4","151","1","0.67","297","297","0","0","0","0","0"
"쇼핑검색","스토어팜","원본","nad-a001-02-000000141193813","11.6","171","2","1.17","160","319","0","0","0","0","0"
"쇼핑검색","스토어팜","원본","nad-a001-02-000000141193814","7.2","108","2","1.86","99","198","0","0","0","0","0"
"쇼핑검색","스토어팜","m#20상소#LED조명간판 홈포차 와인","nad-a001-02-000000138288504","7.2","87","0","0","0","0","0","0","0","0","0"
"쇼핑검색","스토어팜","m#20상소#LED조명간판 홈포차 와인","nad-a001-02-000000138288505","9.7","27","0","0","0","0","0","0","0","0","0"
"쇼핑검색","스토어팜","m#20상소#LED조명간판 홈포차 와인","nad-a001-02-000000138288506","6.8","103","1","0.98","330","330","0","0","0","0","0"
"쇼핑검색","스토어팜","m#20상소#LED조명간판 홈포차 와인","nad-a001-02-000000138288508","6.5","22","0","0","0","0","0","0","0","0","0"
"쇼핑검색","스토어팜","m#20상소#LED조명간판 홈포차 와인","nad-a001-02-000000138288510","6.6","45","0","0","0","0","0","0","0","0","0"
"쇼핑검색","스토어팜","m#20상소#LED조명간판 홈포차 와인","nad-a001-02-000000138288512","5","32","0","0","0","0","0","0","0","0","0"
"쇼핑검색","스토어팜","m#20상소#LED조명간판 홈포차 와인","nad-a001-02-000000138288515","5.3","71","1","1.41","396","396","0","0","0","0","0"
"쇼핑검색","스토어팜","m#20상소#LED조명간판 홈포차 와인","nad-a001-02-000000138288517","9.7","30","0","0","0","0","0","0","0","0","0"
"쇼핑검색","스토어팜","m#20상소#LED조명간판 홈포차 와인","nad-a001-02-000000138288518","7","83","0","0","0","0","0","0","0","0","0"
"쇼핑검색","스토어팜","m#20상소#LED조명간판 홈포차 와인","nad-a001-02-000000141199729","7.6","88","3","3.41","345","1,034","0","0","0","0","0"
"쇼핑검색","스토어팜","m#20상소#LED조명간판 홈포차 와인","nad-a001-02-000000141206978","6","20","2","10","55","110","0","0","0","0","0"
"쇼핑검색","스토어팜","m#20상소#LED조명간판 홈포차 와인","nad-a001-02-000000141206982","1.1","79","1","1.27","55","55","0","0","0","0","0"
"쇼핑검색","스토어팜","m#20상소#LED조명간판 홈포차 와인","nad-a001-02-000000141206984","6.9","36","0","0","0","0","0","0","0","0","0"
"쇼핑검색","스토어팜","m#20상소#LED조명간판 홈포차 와인","nad-a001-02-000000141206985","4","1","0","0","0","0","0","0","0","0","0"
"쇼핑검색","스토어팜","j#17상소#캠핑문패","nad-a001-02-000000138288697","15","10","0","0","0","0","0","0","0","0","0"
"쇼핑검색","스토어팜","j#17상소#캠핑문패","nad-a001-02-000000138288698","9.9","10","0","0","0","0","0","0","0","0","0"
"쇼핑검색","스토어팜","j#17상소#캠핑문패","nad-a001-02-000000138288699","11.4","10","0","0","0","0","0","0","0","0","0"
"쇼핑검색","스토어팜","j#17상소#캠핑문패","nad-a001-02-000000138288701","2.4","54","0","0","0","0","0","0","0","0","0"
"쇼핑검색","스토어팜","j#17상소#캠핑문패","nad-a001-02-000000138288703","5.8","4","0","0","0","0","0","0","0","0","0"
"쇼핑검색","스토어팜","j#17상소#캠핑문패","nad-a001-02-000000138288705","11.5","10","0","0","0","0","0","0","0","0","0"
"쇼핑검색","스토어팜","j#17상소#캠핑문패","nad-a001-02-000000138288760","8.8","4","0","0","0","0","0","0","0","0","0"
"쇼핑검색","스토어팜","j#17상소#캠핑문패","nad-a001-02-000000138288761","12.1","110","0","0","0","0","0","0","0","0","0"
"쇼핑검색","스토어팜","j#17상소#캠핑문패","nad-a001-02-000000141199732","9.7","3","0","0","0","0","0","0","0","0","0"
"쇼핑검색","스토어팜","j#17상소#캠핑문패","nad-a001-02-000000141207085","20.5","11","0","0","0","0","0","0","0","0","0"
"쇼핑검색","스토어팜","j#17상소#캠핑문패","nad-a001-02-000000141207086","47","1","0","0","0","0","0","0","0","0","0"
"쇼핑검색","스토어팜","j#17상소#캠핑문패","nad-a001-02-000000141207087","46","1","0","0","0","0","0","0","0","0","0"
"쇼핑검색","스토어팜","j#17상소#캠핑문패","nad-a001-02-000000141207088","44","1","0","0","0","0","0","0","0","0","0"
"쇼핑검색","스토어팜","j#17상소#캠핑문패","nad-a001-02-000000141207089","45","1","0","0","0","0","0","0","0","0","0"
"쇼핑검색","스토어팜","j#17상소#캠핑문패","nad-a001-02-000000141207094","15","7","0","0","0","0","0","0","0","0","0"
"쇼핑검색","스토어팜","k#18상소#아이방문패","nad-a001-02-000000138288757","5","219","0","0","0","0","0","0","0","0","0"
"쇼핑검색","스토어팜","k#18상소#아이방문패","nad-a001-02-000000138288758","8.4","119","0","0","0","0","0","0","0","0","0"
"쇼핑검색","스토어팜","k#18상소#아이방문패","nad-a001-02-000000140009742","6.7","139","1","0.72","385","385","0","0","0","0","0"
"쇼핑검색","스토어팜","k#18상소#아이방문패","nad-a001-02-000000140009743","8.5","101","0","0","0","0","0","0","0","0","0"
"쇼핑검색","스토어팜","k#18상소#아이방문패","nad-a001-02-000000140009744","5.4","314","2","0.64","424","847","0","0","0","0","0"
"쇼핑검색","스토어팜","k#18상소#아이방문패","nad-a001-02-000000140009745","6.6","150","2","1.34","253","506","0","0","0","0","0"
"쇼핑검색","스토어팜","l#19상소#도로명주소판","nad-a001-02-000000138288753","10.1","20","0","0","0","0","0","0","0","0","0"
"쇼핑검색","스토어팜","e#12상중#캠핑간판","nad-a001-02-000000138288671","4.2","490","6","1.23","424","2,541","0","0","0","0","0"
"쇼핑검색","스토어팜","e#12상중#캠핑간판","nad-a001-02-000000138288672","7.9","281","0","0","0","0","0","0","0","0","0"
"쇼핑검색","스토어팜","e#12상중#캠핑간판","nad-a001-02-000000138288673","4.4","795","3","0.38","378","1,133","0","0","0","0","0"
"쇼핑검색","스토어팜","e#12상중#캠핑간판","nad-a001-02-000000138288675","5.2","654","1","0.16","352","352","0","0","0","0","0"
"쇼핑검색","스토어팜","e#12상중#캠핑간판","nad-a001-02-000000138288676(삭제)","6.5","165","0","0","0","0","0","0","0","0","0"
"쇼핑검색","스토어팜","e#12상중#캠핑간판","nad-a001-02-000000138288677","4.2","795","2","0.26","385","770","0","0","0","0","0"
"쇼핑검색","스토어팜","e#12상중#캠핑간판","nad-a001-02-000000138288679","4.7","487","1","0.21","352","352","0","0","0","0","0"
"쇼핑검색","스토어팜","e#12상중#캠핑간판","nad-a001-02-000000138288682","6.9","281","0","0","0","0","0","0","0","0","0"
"쇼핑검색","스토어팜","e#12상중#캠핑간판","nad-a001-02-000000138288684","3.5","181","0","0","0","0","0","0","0","0","0"
"쇼핑검색","스토어팜","e#12상중#캠핑간판","nad-a001-02-000000138288685","5.5","591","0","0","0","0","0","0","0","0","0"
"쇼핑검색","스토어팜","e#12상중#캠핑간판","nad-a001-02-000000138288742","6.8","530","5","0.95","414","2,068","0","0","0","0","0"
"쇼핑검색","스토어팜","e#12상중#캠핑간판","nad-a001-02-000000140590145(삭제)","1.5","361","1","0.28","418","418","0","0","0","0","0"
"쇼핑검색","스토어팜","e#12상중#캠핑간판","nad-a001-02-000000141199734","13.8","26","0","0","0","0","0","0","0","0","0"
"쇼핑검색","스토어팜","e#12상중#캠핑간판","nad-a001-02-000000141207106","1","8","1","12.5","55","55","0","0","0","0","0"
"쇼핑검색","스토어팜","e#12상중#캠핑간판","nad-a001-02-000000141207107","48","1","0","0","0","0","0","0","0","0","0"
"쇼핑검색","스토어팜","e#12상중#캠핑간판","nad-a001-02-000000141207108","11.8","12","0","0","0","0","0","0","0","0","0"
"쇼핑검색","스토어팜","e#12상중#캠핑간판","nad-a001-02-000000141207109","5","1","0","0","0","0","0","0","0","0","0"
"쇼핑검색","스토어팜","e#12상중#캠핑간판","nad-a001-02-000000141207111","15.9","8","0","0","0","0","0","0","0","0","0"
"쇼핑검색","스토어팜","e#12상중#캠핑간판","nad-a001-02-000000141207112","33","3","0","0","0","0","0","0","0","0","0"
"쇼핑검색","스토어팜","e#12상중#캠핑간판","nad-a001-02-000000141207113","14","1","0","0","0","0","0","0","0","0","0"
"쇼핑검색","스토어팜","e#12상중#캠핑간판","nad-a001-02-000000141207114","49","1","0","0","0","0","0","0","0","0","0"
"쇼핑검색","스토어팜","e#12상중#캠핑간판","nad-a001-02-000000141207115","9.3","6","0","0","0","0","0","0","0","0","0"
"쇼핑검색","스토어팜","e#12상중#캠핑간판","nad-a001-02-000000141207116","47","1","0","0","0","0","0","0","0","0","0"
"쇼핑검색","스토어팜","g#14상중#오픈네온사인","nad-a001-02-000000138288651","15.8","26","0","0","0","0","0","0","0","0","0"
"쇼핑검색","스토어팜","g#14상중#오픈네온사인","nad-a001-02-000000138288652","17.9","23","0","0","0","0","0","0","0","0","0"
"쇼핑검색","스토어팜","g#14상중#오픈네온사인","nad-a001-02-000000138288654","11.3","45","1","2.23","396","396","0","0","0","0","0"
"쇼핑검색","스토어팜","g#14상중#오픈네온사인","nad-a001-02-000000138288656","15.2","28","0","0","0","0","0","0","0","0","0"
"쇼핑검색","스토어팜","g#14상중#오픈네온사인","nad-a001-02-000000138288661","11.8","45","1","2.23","451","451","0","0","0","0","0"
"쇼핑검색","스토어팜","g#14상중#오픈네온사인","nad-a001-02-000000138288663","17.4","27","0","0","0","0","0","0","0","0","0"
"쇼핑검색","스토어팜","f#13상중#채널간판","nad-a001-02-000000138288629","40","2","0","0","0","0","0","0","0","0","0"
"쇼핑검색","스토어팜","f#13상중#채널간판","nad-a001-02-000000138288630","23","3","0","0","0","0","0","0","0","0","0"
"쇼핑검색","스토어팜","f#13상중#채널간판","nad-a001-02-000000138288633","43","3","0","0","0","0","0","0","0","0","0"
"쇼핑검색","스토어팜","f#13상중#채널간판","nad-a001-02-000000138288635","42.7","3","0","0","0","0","0","0","0","0","0"
"쇼핑검색","스토어팜","f#13상중#채널간판","nad-a001-02-000000138288637","41","2","0","0","0","0","0","0","0","0","0"
"쇼핑검색","스토어팜","f#13상중#채널간판","nad-a001-02-000000138288640","25.2","5","0","0","0","0","0","0","0","0","0"
"쇼핑검색","스토어팜","f#13상중#채널간판","nad-a001-02-000000138288642","39.7","3","0","0","0","0","0","0","0","0","0"
"쇼핑검색","스토어팜","f#13상중#채널간판","nad-a001-02-000000138288643","39.3","3","0","0","0","0","0","0","0","0","0"
"쇼핑검색","스토어팜","f#13상중#채널간판","nad-a001-02-000000140590139(삭제)","8.4","5","0","0","0","0","0","0","0","0","0"
"쇼핑검색","스토어팜","f#13상중#채널간판","nad-a001-02-000000141199725","5.7","3","0","0","0","0","0","0","0","0","0"
"쇼핑검색","스토어팜","f#13상중#채널간판","nad-a001-02-000000141206916","1","5","1","20","110","110","0","0","0","0","0"
"쇼핑검색","스토어팜","d#11상중#포인트간판","nad-a001-02-000000138288601","48.3","4","0","0","0","0","0","0","0","0","0"
"쇼핑검색","스토어팜","d#11상중#포인트간판","nad-a001-02-000000138288602","37.1","7","0","0","0","0","0","0","0","0","0"
"쇼핑검색","스토어팜","d#11상중#포인트간판","nad-a001-02-000000138288603","18.7","14","0","0","0","0","0","0","0","0","0"
"쇼핑검색","스토어팜","d#11상중#포인트간판","nad-a001-02-000000138288607","14.9","16","0","0","0","0","0","0","0","0","0"
"쇼핑검색","스토어팜","d#11상중#포인트간판","nad-a001-02-000000138288609","30.4","7","0","0","0","0","0","0","0","0","0"
"쇼핑검색","스토어팜","d#11상중#포인트간판","nad-a001-02-000000138288614","18.8","8","0","0","0","0","0","0","0","0","0"
"쇼핑검색","스토어팜","d#11상중#포인트간판","nad-a001-02-000000138288615","8","99","1","1.02","374","374","0","0","0","0","0"
"쇼핑검색","스토어팜","d#11상중#포인트간판","nad-a001-02-000000138288740","44","5","0","0","0","0","0","0","0","0","0"
"쇼핑검색","스토어팜","d#11상중#포인트간판","nad-a001-02-000000138288741","25.4","27","1","3.71","572","572","0","0","0","0","0"
"쇼핑검색","스토어팜","d#11상중#포인트간판","nad-a001-02-000000140188112","46.6","5","0","0","0","0","0","0","0","0","0"
"쇼핑검색","스토어팜","d#11상중#포인트간판","nad-a001-02-000000140188113","8.8","66","3","4.55","403","1,210","0","0","0","0","0"
"쇼핑검색","스토어팜","d#11상중#포인트간판","nad-a001-02-000000140590090(삭제)","38","1","0","0","0","0","0","0","0","0","0"
"쇼핑검색","스토어팜","i#16상중#LED아크릴간판","nad-a001-02-000000138288580","16.9","38","0","0","0","0","0","0","0","0","0"
"쇼핑검색","스토어팜","i#16상중#LED아크릴간판","nad-a001-02-000000138288581","39.1","18","0","0","0","0","0","0","0","0","0"
"쇼핑검색","스토어팜","i#16상중#LED아크릴간판","nad-a001-02-000000138288582","17.6","42","1","2.39","451","451","0","0","0","0","0"
"쇼핑검색","스토어팜","i#16상중#LED아크릴간판","nad-a001-02-000000138288584","42.7","20","0","0","0","0","0","0","0","0","0"
"쇼핑검색","스토어팜","i#16상중#LED아크릴간판","nad-a001-02-000000138288586","49.5","19","0","0","0","0","0","0","0","0","0"
"쇼핑검색","스토어팜","i#16상중#LED아크릴간판","nad-a001-02-000000138288588","42.9","15","1","6.67","451","451","0","0","0","0","0"
"쇼핑검색","스토어팜","i#16상중#LED아크릴간판","nad-a001-02-000000138288591","24.9","51","1","1.97","462","462","0","0","0","0","0"
"쇼핑검색","스토어팜","i#16상중#LED아크릴간판","nad-a001-02-000000138288593","40.2","14","0","0","0","0","0","0","0","0","0"
"쇼핑검색","스토어팜","i#16상중#LED아크릴간판","nad-a001-02-000000138288594","13.6","10","1","10","77","77","0","0","0","0","0"
"쇼핑검색","스토어팜","i#16상중#LED아크릴간판","nad-a001-02-000000140590086(삭제)","9","6","0","0","0","0","0","0","0","0","0"
"쇼핑검색","스토어팜","i#16상중#LED아크릴간판","nad-a001-02-000000141199731","17.6","25","1","4","396","396","0","0","0","0","0"
"쇼핑검색","스토어팜","i#16상중#LED아크릴간판","nad-a001-02-000000141207039","18.4","8","1","12.5","220","220","0","0","0","0","0"
"쇼핑검색","스토어팜","i#16상중#LED아크릴간판","nad-a001-02-000000141207041","1.7","16","1","6.25","55","55","0","0","0","0","0"
"쇼핑검색","스토어팜","i#16상중#LED아크릴간판","nad-a001-02-000000141207046","1.9","107","4","3.74","61","242","0","0","0","0","0"
"쇼핑검색","스토어팜","i#16상중#LED아크릴간판","nad-a001-02-000000141207047","7.4","23","0","0","0","0","0","0","0","0","0"
"쇼핑검색","스토어팜","i#16상중#LED아크릴간판","nad-a001-02-000000141207048","9","8","0","0","0","0","0","0","0","0","0"
"쇼핑검색","스토어팜","i#16상중#LED아크릴간판","nad-a001-02-000000141207053","21.1","7","0","0","0","0","0","0","0","0","0"
"쇼핑검색","스토어팜","c#상중#화장실픽토그램","nad-a001-02-000000138288736","4.1","57","1","1.76","55","55","0","0","0","0","0"
"쇼핑검색","스토어팜","c#상중#화장실픽토그램","nad-a001-02-000000138288737","4.5","35","1","2.86","264","264","0","0","0","0","0"
"쇼핑검색","스토어팜","h#15상중#스카시간판","nad-a001-02-000000138288734","19.8","21","0","0","0","0","0","0","0","0","0"
"쇼핑검색","스토어팜","h#15상중#스카시간판","nad-a001-02-000000140009854","74","2","0","0","0","0","0","0","0","0","0"
"쇼핑검색","스토어팜","h#15상중#스카시간판","nad-a001-02-000000140009857","38.4","7","0","0","0","0","0","0","0","0","0"
"쇼핑검색","스토어팜","h#15상중#스카시간판","nad-a001-02-000000140590013(삭제)","29.3","12","0","0","0","0","0","0","0","0","0"
"쇼핑검색","스토어팜","h#15상중#스카시간판","nad-a001-02-000000141199727","8.9","108","2","1.86","369","737","0","0","0","0","0"
"쇼핑검색","스토어팜","h#15상중#스카시간판","nad-a001-02-000000141206941","2","24","2","8.34","176","352","0","0","0","0","0"
"쇼핑검색","스토어팜","h#15상중#스카시간판","nad-a001-02-000000141206942","3.6","5","0","0","0","0","0","0","0","0","0"
"쇼핑검색","스토어팜","o#22상대#영업중간판","nad-a001-02-000000138288556","5.8","240","0","0","0","0","0","0","0","0","0"
"쇼핑검색","스토어팜","o#22상대#영업중간판","nad-a001-02-000000138288559","4.3","339","3","0.89","378","1,133","0","0","0","0","0"
"쇼핑검색","스토어팜","o#22상대#영업중간판","nad-a001-02-000000138288561","5.3","187","1","0.54","308","308","0","0","0","0","0"
"쇼핑검색","스토어팜","o#22상대#영업중간판","nad-a001-02-000000138288563","8.6","113","0","0","0","0","0","0","0","0","0"
"쇼핑검색","스토어팜","o#22상대#영업중간판","nad-a001-02-000000138288566","4.5","403","6","1.49","376","2,255","0","0","0","0","0"
"쇼핑검색","스토어팜","o#22상대#영업중간판","nad-a001-02-000000138288568","5.3","229","1","0.44","407","407","0","0","0","0","0"
"쇼핑검색","스토어팜","o#22상대#영업중간판","nad-a001-02-000000138288569","5.7","135","0","0","0","0","0","0","0","0","0"
"쇼핑검색","스토어팜","o#22상대#영업중간판","nad-a001-02-000000140589978(삭제)","2.7","61","3","4.92","385","1,155","0","0","0","0","0"
"쇼핑검색","스토어팜","o#22상대#영업중간판","nad-a001-02-000000141199719","4.2","6","0","0","0","0","0","0","0","0","0"
"쇼핑검색","스토어팜","r#25상대#아크릴글자","nad-a001-02-000000138288732","25.2","9","0","0","0","0","0","0","0","0","0"
"쇼핑검색","스토어팜","r#25상대#아크릴글자","nad-a001-02-000000138288733","24.1","16","1","6.25","462","462","0","0","0","0","0"
"쇼핑검색","스토어팜","r#25상대#아크릴글자","nad-a001-02-000000140009396","31.7","7","0","0","0","0","0","0","0","0","0"
"쇼핑검색","스토어팜","r#25상대#아크릴글자","nad-a001-02-000000140009397","26.6","9","0","0","0","0","0","0","0","0","0"
"쇼핑검색","스토어팜","r#25상대#아크릴글자","nad-a001-02-000000140009399","8","3","0","0","0","0","0","0","0","0","0"
"쇼핑검색","스토어팜","q#24상대#아크릴스카시","nad-a001-02-000000141206958","16.3","3","0","0","0","0","0","0","0","0","0"
"쇼핑검색","스토어팜","q#24상대#아크릴스카시","nad-a001-02-000000141206964","2.1","35","1","2.86","110","110","0","0","0","0","0"
"쇼핑검색","스토어팜","q#24상대#아크릴스카시","nad-a001-02-000000141206965","15.3","3","0","0","0","0","0","0","0","0","0"
"쇼핑검색","스토어팜","s#26상대#아크릴간판제작","nad-a001-02-000000141206998","35","1","0","0","0","0","0","0","0","0","0"
"쇼핑검색","스토어팜","s#26상대#아크릴간판제작","nad-a001-02-000000141206999","33","1","0","0","0","0","0","0","0","0","0"
"쇼핑검색","스토어팜","s#26상대#아크릴간판제작","nad-a001-02-000000141207004","4","1","0","0","0","0","0","0","0","0","0"
"쇼핑검색","스토어팜","s#26상대#아크릴간판제작","nad-a001-02-000000141207005","2","16","1","6.25","121","121","0","0","0","0","0"
"쇼핑검색","스토어팜","s#26상대#아크릴간판제작","nad-a001-02-000000141207016","15.7","15","0","0","0","0","0","0","0","0","0"
"쇼핑검색","스토어팜","s#26상대#아크릴간판제작","nad-a001-02-000000141207017","14.7","3","0","0","0","0","0","0","0","0","0"
"쇼핑검색","스토어팜","n#21상대#현관호수","nad-a001-02-000000138288726","5.8","235","2","0.86","319","638","0","0","0","0","0"
"쇼핑검색","스토어팜","n#21상대#현관호수","nad-a001-02-000000138288727","5.4","213","2","0.94","231","462","0","0","0","0","0"
"쇼핑검색","스토어팜","p#23상대#아파트호수판","nad-a001-02-000000138288724","11.4","182","0","0","0","0","0","0","0","0","0"
"쇼핑검색","스토어팜","p#23상대#아파트호수판","nad-a001-02-000000138288725","11.8","165","0","0","0","0","0","0","0","0","0"
"쇼핑검색","스토어팜","t#27상대#대문문패","nad-a001-02-000000138288526","13.3","54","1","1.86","451","451","0","0","0","0","0"
"쇼핑검색","스토어팜","t#27상대#대문문패","nad-a001-02-000000138288527","13.6","51","0","0","0","0","0","0","0","0","0"
"쇼핑검색","스토어팜","t#27상대#대문문패","nad-a001-02-000000138288528","12.2","57","0","0","0","0","0","0","0","0","0"
"쇼핑검색","스토어팜","t#27상대#대문문패","nad-a001-02-000000138288530","8.7","133","1","0.76","55","55","0","0","0","0","0"
"쇼핑검색","스토어팜","t#27상대#대문문패","nad-a001-02-000000138288532","6.4","225","0","0","0","0","0","0","0","0","0"
"쇼핑검색","스토어팜","t#27상대#대문문패","nad-a001-02-000000138288534","8.9","181","0","0","0","0","0","0","0","0","0"
"쇼핑검색","스토어팜","t#27상대#대문문패","nad-a001-02-000000138288537","7.3","221","2","0.91","440","880","0","0","0","0","0"
"쇼핑검색","스토어팜","t#27상대#대문문패","nad-a001-02-000000138288540","14.4","57","0","0","0","0","0","0","0","0","0"
"쇼핑검색","스토어팜","t#27상대#대문문패","nad-a001-02-000000138288714","13.8","56","1","1.79","418","418","0","0","0","0","0"
"쇼핑검색","스토어팜","t#27상대#대문문패","nad-a001-02-000000140589922(삭제)","12.2","13","0","0","0","0","0","0","0","0","0"
"쇼핑검색","스토어팜","t#27상대#대문문패","nad-a001-02-000000141206903","3.5","17","0","0","0","0","0","0","0","0","0"
"쇼핑검색","스토어팜","u#28남녀화장실 아크릴간판 화장실픽토그램 화장실안내문","nad-a001-02-000000140183818","6","2","1","50","55","55","0","0","0","0","0"
"쇼핑검색","스토어팜","za#9아크릴간판 아파트동 현관문번호 현관호수","nad-a001-02-000000140183825","6.2","263","2","0.77","336","671","0","0","0","0","0"
"쇼핑검색","스토어팜","za#9아크릴간판 아파트동 현관문번호 현관호수","nad-a001-02-000000140183828","2.5","46","0","0","0","0","0","0","0","0","0"
"쇼핑검색","스토어팜","za#9아크릴간판 아파트동 현관문번호 현관호수","nad-a001-02-000000140183837","6.7","19","0","0","0","0","0","0","0","0","0"
"쇼핑검색","스토어팜","za#9아크릴간판 아파트동 현관문번호 현관호수","nad-a001-02-000000140183845","4.3","14","0","0","0","0","0","0","0","0","0"
"쇼핑검색","스토어팜","za#9아크릴간판 아파트동 현관문번호 현관호수","nad-a001-02-000000140183846","6.9","230","0","0","0","0","0","0","0","0","0"
"쇼핑검색","스토어팜","za#9아크릴간판 아파트동 현관문번호 현관호수","nad-a001-02-000000140183847","6.2","264","9","3.41","323","2,904","2","22.22","10,000","1,452","344.35"
"쇼핑검색","스토어팜","za#9아크릴간판 아파트동 현관문번호 현관호수","nad-a001-02-000000140183848","5.9","360","2","0.56","374","748","0","0","0","0","0"
"쇼핑검색","스토어팜","za#9아크릴간판 아파트동 현관문번호 현관호수","nad-a001-02-000000140183849","5.2","389","1","0.26","363","363","0","0","0","0","0"
"쇼핑검색","스토어팜","x#8아크릴네온 네온글씨 글자 LED간판","nad-a001-02-000000140183881","2","1","0","0","0","0","0","0","0","0","0"
"쇼핑검색","스토어팜","x#8아크릴네온 네온글씨 글자 LED간판","nad-a001-02-000000140183883","3","1","0","0","0","0","0","0","0","0","0"
"쇼핑검색","스토어팜","x#8아크릴네온 네온글씨 글자 LED간판","nad-a001-02-000000140589870(삭제)","4.7","436","13","2.99","345","4,488","0","0","0","0","0"
