,생활/건강>>문구/사무용품>>사무용품>>현수막,생활/건강>>문구/사무용품>>사무용품>>명패,가구/인테리어>>인테리어소품>>디자인문패,가구/인테리어>>인테리어소품>>기타장식용품,가구/인테리어>>서재/사무용가구>>사무/교구용가구>>교구용가구/소품,가구/인테리어>>인테리어소품>>조명>>인테리어조명,가구/인테리어>>DIY자재/용품>>시트지>>단색시트지,가구/인테리어>>DIY자재/용품>>접착제/보수용품,가구/인테리어>>DIY자재/용품>>가구부속품>>기타가구부속품,생활/건강>>공구>>안전용품>>기타안전용품,생활/건강>>공구>>포장용품>>테이프,생활/건강>>공구>>설비공구>>컷터기,가구/인테리어>>DIY자재/용품>>시트지>>유리용시트지
1,입간판,명패,아크릴간판,패브릭포스터,교구장,무드등,투명시트지,물도깨비방수테이프,도어스토퍼,야자매트,방수테이프,파이프커터,창문시트지
2,케이배너입간판,크리스탈명패,led간판,썬캐쳐,몬테소리교구장,식탁등,칠판시트지,물도깨비리폼박사,슬라이딩도어,그물망,박스테이프,디월트멀티커터,창문암막시트지
3,착한배너입간판,아크릴명패,돌출간판,드림캐쳐,아기교구장,식탁조명,화이트보드시트지,마루바닥보수,폴딩도어,고무판,3m양면테이프,파이프커터기,창문썬팅지
4,환갑현수막,자개명패,캠핑문패,마크라메,원목교구장,조명,무광시트지,코멜리슬라임,방문,펜스,실리콘테이프,파이프절단기,유리시트지
5,현수막,나무명패,문패,자개모빌,2단교구장,레일조명,시트지,줄눈테이프,흡음재,휀스,초강력양면테이프,동파이프커터,사생활보호필름
6,칠순현수막,명패제작,현판,촬영소품,원목교구,바다무드등,책상시트지,강마루보수,방문교체,렉산,양면테이프,전산볼트커터,자외선차단필름
7,현수막제작,대표이사명패,미니간판,인테리어모빌,한샘교구장,구름조명,방수시트지,가죽스티커,인조대리석상판,대문,몬스터클리어겔,동커터,거울시트지
8,배너,책상명패,화장실표지판,벽장식,유아교구장,펜던트조명,하이그로시시트지,장판본드,와이어액자걸이,폴리카보네이트,테프론테이프,로덴베르거,유리창시트지
9,철제입간판,미니명패,나무간판,아기방꾸미기,어린이집책상,레일등,아프로시트,타일메꾸미,액자레일,미끄럼방지테이프,벨크로,타일컷팅기,유리창문시트지
10,카페입간판,대표명패,간판,인테리어소품,이케아교구장,선셋조명,인테리어필름,frp보수,미닫이문,메쉬휀스,투명박스테이프,동관커터기,무점착창문시트지
11,생일현수막,대표이사명판,도어사인,대리석트레이,3단교구장,수유등,유광시트지,마루보수키트,스펀지,계단미끄럼방지패드,욕실방수테이프,강관커터,암막시트지
12,배너거치대,메탈명패,호실판,대형패브릭포스터,유치원책상,인테리어조명,접착아스테이지,타일줄눈마카,자석도어스토퍼,현관문말발굽,강력양면테이프,크니펙스볼트커터,불투명유리시트지
13,팔순현수막,삼각명패,영업중간판,인테리어벽장식,오노홈교구장,만달라키조명,접착시트지,못자국스티커,abs도어,실리콘패드,벨크로테이프,멀티커터,무점착시트지
14,pop글씨,사장명패,아파트호수판,마크라메월행잉,양지가구교구장,캠핑전구,단색시트지,타일보수,체어매트,칼라강판,커버링테이프,타일절단기,창문선팅지
15,아크릴입간판,원목명패,현관문패,모형책,일룸교구장,라인조명,화이트보드시트,강화마루보수,화장실문교체,지붕판넬,부직포테이프,아레나토리,반투명시트지
16,실사출력,고급명패,아크릴스카시,유리구슬,유치원의자,미러볼,화이트시트지,b7000,예림도어,깔깔이바,절연테이프,pvc파이프커터,시선차단시트지
17,미니배너,투명아크릴명패,고무스카시,헌팅트로피,낮은교구장,네온사인,싱크대시트지,월패치,선반브라켓,주차차단기,전기테이프,동커터기,창문필름
18,에어간판,블랙크리스탈명패,관계자외출입금지,드림캐쳐만들기,한샘모모로교구장,수면등,자석벽지,욕조보수,말발굽,차량진입판,강력접착테이프,튜브커터,창문사생활보호
19,베너,명폐,스카시간판,스테인드글라스,비노즈,루이스폴센조명,함석판,줄눈마카,화장실문,철망울타리,야광테이프,파이프커터날,유리문시트지
20,철제배너,대표명판,아이방문패,썬캐쳐만들기,하우디가구,라탄조명,보조시트지,금간타일보수,문,각반,투명테이프,타일컷터기,베란다창문시트지
21,나무입간판,골드명패,실내간판,아이방꾸미기,장난감교구장,인테리어소품,방염시트지,튜브보수,의자매트,방진고무,찍찍이,동파이프커터기,불투명시트지
22,a형입간판,교장명패,간판제작,인테리어책,4단교구장,이케아조명,컬러시트지,강마루보수제,자석스토퍼,항균필름,찍찍이테이프,동파이프절단기,창문열차단필름
23,베너거치대,변호사명패,영업중,나비썬캐쳐,피노키오교구장,식탁등인테리어,방염필름,깨진타일보수,액자걸이,안전방범창,덕트테이프,파이프커팅기,그라데이션시트지
24,플랜카드제작,ceo명패,현관문호수,아크릴모빌,엘피스교구장,간접조명,블랙시트지,욕실타일보수,침대헤드보드,고무발,종이박스테이프,엑셀파이프커터,안개시트지
25,등신대,공인중개사명패,아크릴현판,태피스트리,리바트교구장,led간접조명,템바보드시트지,장판보수,빈백충전재,고무패드,다용도방수테이프,파이프컷팅기,암막필름
26,지시봉,책상명판,캠핑입간판,마크라메가랜드,나무아이,감성캠핑전구,신발장시트지,피스스티커,점검구,휠체어경사로,블랙박스양면테이프,강관커터기,유리썬팅지
27,배너제작,디자인명패,표지판,선캐쳐,이케아스투바,파티라이트,월플랜,석고보드보수,스폰지,철조망,깔끔대장방수테이프,만능커터,창문필름지
28,카페배너,사장님명패,캠핑간판,라탄소품,어린이집교구장,프리모리파티라이트,칠판벽지,록타이트리뉴,방음벽,논슬립,덕테이프,엑셀커터,창문썬팅
29,미니현수막,퇴직명패,안내판,스테인드글라스썬캐쳐,자작나무교구장,앵두전구,칼라시트지,벽메꾸미,욕실문보호대,고임목,라인테이프,스텐파이프커터,유리필름
30,배너입간판,명패만들기,호수판,무지개마크라메,비노즈교구장,카르텔조명,s176,강화마루보수제,문짝,계단미끄럼방지,실리콘양면테이프,크니펙스코볼트,창문햇빛차단
31,예쁜입간판,금속명패,잠시외출중,장미곰돌이,미술교구장,네온사인주문제작,낙서벽지,가죽보수테이프,식탁유리,계단손잡이,깔끔대장,동관커터,거울필름
32,고희연현수막,종이명패,스카시,진자운동,룸앤홈교구장,전등갓,주방싱크대시트지,대리석보수,방문고정,상체식안전벨트,청테이프,dcs355d2,베란다시트지
33,메뉴판거치대,탁상명패,현판제작,오크통,5단교구장,led조명,핑크시트지,에폭시줄눈,와이어,안전손잡이,블랙박스테이프,tc-105,유리창썬팅
34,아크릴스탠드제작,환갑명패,오픈팻말,월행잉,꼬메모이교구장,달무드등,씽크대시트지,마루커버시트,방문자석스토퍼,반사경,박스테이프제작,몬토리트,유리썬팅
35,플랜카드,스텐명패,도로명주소판,인테리어소품샵,양지가구,바다조명,야광시트지,주방실리콘,현관말발굽,향균필름,면테이프,전산볼트커터기,암막시트
36,실외배너,교감명패,아트시스,키네틱아트,장난감수납장,오로라무드등,붙박이장시트지,가죽패치,유리,흡연부스,3mvhb,dcs350,스테인드글라스시트지
37,배너출력,대표님선물,미세요당기세요,소품샵,토리책상,화장대조명,lg인테리어필름,매꾸미,액자와이어,탄력바,바치리폼박사방수테이프,컷터기,오로라필름
38,세일현수막,예쁜명패,팻말,자개,우트리교구장,무선조명,롤시트지,욕실타일깨짐,베이스트랩,경사로,3m테이프,강관파이프커터,아쿠아유리
39,미니등신대,알루미늄명패,대문문패,인테리어벽난로,교구용가구/소품,캠핑알전구,다이소띠벽지,화장실타일보수,다보,보온덮개,고무테이프,전산볼트절단기,베란다썬팅
40,현수막가격,회장명패,디자인문패,전시다이,프뢰벨영아테마동화,팬던트조명,하이그로시필름,테낙스,천장점검구,문턱,opp테이프,pvc파이프커터기,망입유리시트지
41,미용실가격표,led명패,나무메뉴판,유리돔,1단교구장,집들이선물,아이보리시트지,장판용착제,유리문,계단논슬립,알루미늄테이프,pvc컷터,다이소암막시트지
42,환갑플랜카드,세무사명패,방문패,드림캐처,아기전면책장,캠핑파티라이트,욕실천장시트지,타일선새롬이,욕실문,화물차그물망,크라프트테이프,파이프컷터기,암막스티커
43,오픈현수막,아트시스명패,화장실표시,라탄인테리어,교연교구,취침등,물칠판시트지,가구스크래치,문짝교체비용,전체식안전벨트,포장테이프,엑셀파이프절단기,미러시트지
44,x배너,명패크리스탈,카페간판,불독트레이,토리원목책상,led식탁등,가죽시트지,쇼파수선,도어,논슬립테이프,은박테이프,로덴베르거파이프커터,uv차단필름
45,pop스탠드,명패케이스,브레이크타임,곰돌이꽃,이케아스투바벤치,붙이는조명,한샘시트지,메꿈이,슬라이딩도어레일,넥산,단열테이프,렉스커터기,자외선차단시트지
46,등신대제작,향나무명패,cctv녹화중,썬캐쳐diy,어린이집테이블,만달라키,smt01,배관보수테이프,함석판,안전각반,접착증진제,스텐파이프절단기,무늬유리
47,생일축하현수막,호텔문고리,큐브간판,마크라메화분걸이,리바트아기책상,오로라조명,현대s176,겔코트,전선캡,안전난간대,고릴라테이프,pvc절단기,유리창필름
48,대형현수막,상패리아,간판만들기,조개트레이,나무아이교구장,아르떼미데조명,베이지시트지,벽보수,문짝교체,그물,보호테이프,크니펙스커터,제비스코열차단필름
49,포토월,승진명패,화장실표시판,니트레터링,교구장1000,주방조명,자석보드시트지,원목마루보수,회전판,pp로프,초강력붙여보게,가따,미러필름
50,물통배너,임원명판,오픈간판,마크라메휴지걸이,어린이집사물함,알전구,슈퍼매트,줄눈보수,욕실문교체,차단봉,강력테이프,튜빙커터,컬러유리
51,시트지인쇄,임원명패,채널간판,썬캐처,가베교구장,우주무드등,비스포크시트지,리폼박사,가스쇼바,k2안전벨트,캡톤테이프,pvc커터기,지킴이필름
52,미니입간판,msds경고표지,나무문패,장미꽃곰돌이,아이교구장,led무드등,식탁시트지,벽수선제,자석말발굽,방염포,3m듀얼락,tcb105,사생활보호시트지
53,우드입간판,계좌번호판,우드간판,디스플레이박스,모던룸교구장,스테인드글라스조명,고광택시트지,화인퍼티,폴딩도어가격,주상안전대,부틸방수테이프,배관커터,윈도우필름
54,철재배너,나전칠기명패,아크릴글자,아기방인테리어,미르가구,아크릴무드등,블랙보드시트지,천장구멍,싱크대쇼바,야자매트가격,밸크로,타일커터날,썬텐지
55,전역현수막,메탈스텐명패,회사명판,감성소품,소르니아교구장,베르판조명,현대시트지,마루본드,문교체,계단난간,테이프제작,dw-105,창문자외선차단
56,전교회장포스터,삼각종이명패,미시오당기시오,라크라메,1000교구장,당기는전구,삼성인테리어필름,용착제,선반다보,노루망,투명양면테이프,동카타기,고방유리시트지
57,임대현수막,아크릴팩토리,사무실간판,자개모빌만들기,jd홈드레싱,고양이무드등,무광투명시트지,인포벨방수테이프,가구받침대,고무캡,보온테이프,호스커터,열차단시트지
58,입간판제작,자석스티커,화장실안내판,벽난로인테리어,리바트로넌,라탄전등갓,현대보닥,오공우드픽스,접이식선반대,팬스,보양테이프,dcs355,1층사생활보호
59,아크릴등신대,명패디자인,당기세요,유리공예,일룸에디키즈교구장,아이방조명,토퍼시트지,마루바닥찍힘,이케아상판,메쉬펜스,내열테이프,블랙다이아몬드커터기,유리창썬팅지
60,윈드배너,알미늄삼각명패,아크릴명판,깃털,몬테교구장,경수진조명,a4시트지,가죽수선,텍스,렉산골판,부틸테이프,알루미늄커터,창문시트
61,베너제작,명패가격,안내표지판,대형마크라메,800교구장,네온조명,성심공방,못자국,문틀,단독주택현관문,인포벨방수테이프,렉스동커터,창문반사필름
62,칠순플랜카드,아크릴명패제작,철제간판,차량용드림캐쳐,하우디교구장,미피수유등,투명접착시트지,인포벨물도깨비,문장군,주택대문,테프론,앵글커터,안개시트
63,엑스배너,투명명패,나무현판,열기구모빌,책장교구장,라탄등,현대인테리어필름,네바리,오도시,울타리망,필라멘트테이프,pvc파이프절단기,그라데이션시트
64,자이언트배너,회장님명패,셀프간판,가짜책,도토리교구장,라탄갓,리무버블시트지,가구흠집,미닫이문레일,자동바,블랙박스접착,동관절단기,샤워부스시트지
65,포스터스탠드,가격표,간판천갈이,마블트레이,한샘미술교구장,감성캠핑조명,민트색시트지,인조대리석보수,히든도어,타포린,카본테이프,멀티컷터,햇빛차단시트지
66,led배너,블랙크리스탈명패크기60,캠핑팻말,가짜창문,1400교구장,경수진램프,형광시트지,삼중지,목다보,실리콘판,몬스터테이프,전산볼트컷팅기,그라데이션필름
67,미용실배너,이글명패,나무팻말,우드소품,밀크호마이카,테이블조명,가구시트지,연성메꿈제,목모보드,안전망,원형양면테이프,dcs350n,비산방지필름
68,생신현수막,호두나무명패,포인트간판,소품트레이,오르다교구장,스트링라이트,다이소아스테이지,타일구멍,선반지지대,과속방지턱,천테이프,강관절단기,무점착암막시트지
69,플래카드,poom명패,오픈클로즈팻말,벽난로모형,프라이드리빙교구장,아고라이팅,주방시트지,강마루메꾸미,원형상판,정화조뚜껑,보양비닐,디월트,망입시트지
70,플랭카드,계좌번호,포맥스간판,댄싱머신선인장,프뢰벨교구장,간접등,현대s115,마페이줄눈,슬라이딩레일,양계망,실리콘방수테이프,전산볼트컷터기,스마트필름
71,원목입간판,교회명패,입체글자,월레스와그로밋,유치원칠판,카페조명,백색시트지,바치리폼박사,큐비클,차량고임목,다목적방수테이프,파이프컷터,물로붙이는시트지
72,근조기,대리석명패,입체간판,드림캐쳐diy,유치원교구장,빈티지조명,pvc시트,바치방수테이프,현관스토퍼,진동방지패드,방열테이프,커터칼,반사시트지
73,현수막천,문고리안내판,아크릴표지판,기와,하우디가구교구장,가정용미러볼,딥그린시트지,강화마루메꾸미,베란다문,방수갑바,박스테이프80m,파이프캇타,단열시트지
74,포맥스인쇄,사무실명패,강아지문패,스탠딩모빌,에디키즈교구장,줄조명,시트지롤,쇼파스티커,레일,난간,초강력테이프,로덴베르거커터,윈도우시트지
75,a형간판,사무실선물,나무이름표,물수정,벤치수납장,led줄조명,인테리어필름지,강화마루찍힘,흡음판,갑바,취급주의테이프,엑셀파이프커터기,칼라유리
76,led입간판,순금명패,cctv표지판,공기권총,고무나무교구장,lexon미니램프,냉장고시트지,쇼파보수,방음판,쇠사슬,신선식품테이프,동컷터,스테인글라스시트지
77,풍선간판,이쁜명패,외출중,샤넬책,교구장800,라바램프,영림필름,타일매지,현관문교체,렉산폴리카보네이트,양면벨크로,동컷터기,상구네만물상
78,스탠드간판,황동명패,금연표지판,결혼작사이혼작곡2,교구장3단,루이스폴센,가구용시트지,마루찍힘,찬넬,철망휀스,축광테이프,스텐파이프커터기,다마거
79,pop거치대,공인중개사명판,건물번호판,쿠사마야요이,스투바,렉슨미니램프,슈퍼매트시트지,재단자,의자중심봉,펜스가격,형광테이프,테이프디스펜서,중심인테리어유통
80,네일샵가격표,금명패,소화기점검표,플라즈마볼,교구수납장,크리스탈조명,pp필름,물도깨비리폼,행거도어,해태망,틈새테이프,동파이프컷터,스테인글라스
81,현수막거치대,멀티넘버링,금속간판,우드모빌,어린이집이불장,포인트조명,민트시트지,욕조보수제,게제힌지,렉산지붕,물도깨비리폼박사,튜브커터기,창문사생활보호필름
82,미니배너거치대,명패주문,출입금지표지판,빈티지소품,회전책장,무선무드등,보드시트지,매직픽스,화장실문보수,핸드레일,우림테이프,엑셀가위,유리용시트지
83,스탠드안내판,스테인레스명패,아크릴글씨,아기방소품,교구장600,주방식탁등,삼성필름,아스팔트보수,천장텍스,지붕,친환경테이프,tc105,skc단열필름
84,프로포즈현수막,이름표,회전간판,썬캐쳐재료,반달책상,무지개무드등,카키시트지,쇼파테이프,베란다창고문,렉산캐노피,카바링테이프,7122200,자외선썬팅지
85,팥빙수배너,커플민증,오픈클로즈문패,인테리어트레이,책상테두리,미피무드등,화이트보드지,마이텍스,싱크대가스쇼바,창문빗물받이,고스트겔,pb가위,다이소창문시트지
86,생일플랜카드,크리스탈삼각명패,표찰,소품책,심플룸교구장,불멍무드등,kcc인테리어필름,대리석줄눈,리빙보드,공사용부직포,망사테이프,배관절단기,창문암막
87,네일샵배너,cctv촬영중,수목장명패,라탄유모차,로이교구장,마인크래프트무드등,장덕수시트지연구소,바닥보수,고탄성스펀지,주차장차단기,차량용양면테이프,디월트충전멀티커터,글라스시트지
88,롤업배너,교패,고정문,수정구슬,심플룸,부케유리돔,재단자,가죽보수,호차,경사판,폼양면테이프,쇠파이프절단기,pdlc
89,부동산현수막,소방약장,openclose,홀로그램장미,교구장2단,스누피무드등,책상리폼,도배부자재,대형아크릴판,안전로프,스펀지테이프,디월트멀티컷터,다이크로익필름
90,여름현수막,자개명판,led돌출간판,크리스탈썬캐쳐,깊은교구장,루이스폴센ph5,lxzin,못구멍,무타공말발굽,처마물받이,신박하게방수테이프,시그마커터기,쏠라필름
91,사진현수막,접수처,현관호수,벽장식소품,데코앤비,주방식탁조명,필름시공칼,도배용풀,수대,안전바,곰팡이방지테이프,전산볼트컷터,유리시트
92,애니데이파티,msds그림문자,글자간판,말편자,영아책상,플라워팟,접착시트,창문형에어컨틈새,쇼바,텐텐지,오공테이프,rb22,다이소거울시트지
93,에어풍선간판,otto명패,원형간판,여름소품,교구장추천,led전광판,자석벽,줄눈메꾸미,선반대,화물차용품,튜브테이프,디월트전산볼트,자외선차단썬팅지
94,카페베너,계좌번호명패,안내판제작,홈포차,모모로미술교구장,네온간판,극동공업,세면대깨짐,접이식브라켓,3m미끄럼방지,투명방수테이프,에어컨공구,지킴이반사필름
95,피오피글씨,교수님명패,간판디자인,소담작업실,스케치북장,무지개조명,영림시트지,나무바닥보수,조절좌,바리게이트,폼테이프,리지드,솔라필름
96,족자현수막,교수명패,오픈클로즈안내판,행잉레더스트랩,땅콩책상,산리오무드등,필름지,가죽소파수선,책상유리,복층렉산,투명실리콘테이프,와이어커터기,미용실썬팅
97,티그램,명패아크릴,와이파이안내판,벌룬독,교구장1400,스마일조명,한샘인테리어필름,고려풀,가구스티커,안전띠,개퍼테이프,hcp200,어린이집썬팅
98,반영구배너,법무사명패,현관문번호판,대형드림캐쳐,모모로교구장,라탄갓등,현대필름s176,흠집스티커,매트밀림방지,주차차단기리모컨,누수테이프,강관커팅기,격자창문
99,전교부회장포스터,사장님선물,회사간판,아이방소품,우성아크릴,렉슨미나,보드마카시트지,인조잔디본드,유리다보,고라니망,컬러테이프,동배관커터기,지킴이단열필름
100,시트지출력,어워드닷컴,기업부설연구소현판,자개썬캐쳐,교연교구책상,플라워팟조명,화이트보드벽지,강마루본드,유리브라켓,방지턱,색테이프,tc-105h,다이소시트지
101,빙수배너,오또명패,돌출표찰,족자봉,양지교구장,led간접등,s115,줄눈닷컴,유리제작,대문제작,장판테이프,동관컷팅기,유리필름지
102,스탠드메뉴판,2단자개명패,오픈led,미니드림캐쳐,어린이집책꽂이,버섯조명,인조가죽시트지,페인트보수,화장실문방수,골판렉산,욕실테이프,밀워키동파이프,시트지
103,스틸배너,계좌번호안내판,아크릴문패,썬라이트,어린이집책상다리,주방등,es56,마루실리콘,mds도어스토퍼,능형망,울트라테이프,강관파이프절단기,어린이집창문시트지
104,깃발배너,다이소명패,준공표지판,인테리어잡지,튜즐교구장,우주조명,kcc필름,걸레받이보수,현관문클로저,고무,싱크대테이프,동커터날,샤워부스필름
105,배너물통,대표선물,원목간판,크리스탈,교구장원목,달조명,es86,온돌마루보수,화장실문짝,대문가격,싱크대방수테이프,엠바절단기,레인보우필름
106,미용실입간판,리퀴드랩,조명간판,자개모빌재료,다인교구,천장조명,반사시트지,천장보수,매트리스밀림방지패드,자동문센서,3m벨크로,용수타일절단기,창문선팅
107,실외배너거치대,문고리팻말,지싸인,바다유리,미르가구교구장,아이방수면등,방수투명시트지,콘크리트보수,쇼파밀림방지,플라스틱체인,붙여보게,강관파이프커터기,미용실시트지
108,필라테스배너,미용실로고,입체글씨,카페인테리어소품,아기책상,침대조명,인테리어시트지,미홈보수키트,이케아테이블상판,전선보호덮개,모자테이프,스텐커터,밖에서안보이는시트지
109,속눈썹배너,사장명판,사무실현판,라탄열기구,어린이집책장,광섬유,화이트보드필름,하드필키트,스파이더락도어스토퍼,휀스대문,자국안남는테이프,엣지밴딩기,안전필름
110,포토현수막,아크릴상장a4,아크릴숫자,커피벽돌,유치원테이블,미용실싸인볼,smt10,가루풀,무타공도어스토퍼,고무받침,바닥라인테이프,찬넬절단기,창문썬팅필름
111,배너디자인,알류미늄명패,지주간판,라탄벽장식,교구장4단,감성조명,접착식화이트보드,가죽리폼,가구부속품,닭장망,곰팡이테이프,동파이프컷팅기,열반사필름
112,커피배너,에코메이커스,openled,마크라메부엉이,라운드교구장,rgb조명,smt02,벽구멍,인조대리석,넥산가격,픽스테이프,라쳇동파이프커터,화이트암막시트지
113,파티붕붕,우편함스티커,회사현판,조개모빌,안지가구,led레일등,다이소시트지,가죽보수스티커,현관문고정,자동문스위치,듀얼락,철근절단기,다이소무점착시트지
114,이벤트현수막,커플증,아크릴간판제작,차키트레이,유아벤치,조명등,필름칼,타일마카,말굽,방문턱,줄눈방수테이프,c12ppc,무점착유리시트지
115,안심콜스티커,테이블명패,벽간판,철제벽장식,1200교구장,노래방조명,한화인테리어필름,샷시구멍,문소음방지,방진고무판,양면테이프프라이머,pvc파이프컷터,상가시트지
116,배너광고,통크리스탈명패,외부인출입금지,인테리어천,누누교구장,조명갓,몰딩시트,프로마,쇼파스펀지,처마,무소음테이프,tc-107,오로라시트지
117,스탠드배너,피부샵로고,갈바간판,셰이커박스,어린이책상세트,은하수무드등,시트지화이트,강마루찍힘,침대밀림방지,3m귀덮개,우벤테이프,디월트만능커터,빛차단
118,칠순잔치현수막,대표이사표지,사무실표지판,차키보관함,플레이팩토교구장,diy,무광화이트시트지,오공마루커버시트,밀림방지패드,아시바발판,청랩,로덴베르거pvc,문시트지
119,퇴직현수막,마스크착용안내문,까치발간판,아이방인테리어,유아좌식책상,신생아수유등,울트라시트지,가죽수선테이프,도어씰,범폰,조인트테이프,마닉스열선,베란다썬팅지
120,에어간판천갈이,명패선물,화장실팻말,벽꾸미기,교구선반,북유럽식탁등,lg시트지,벽지구멍,슬라이딩도어댐퍼,지붕빗물받이,몬스터겔,t커터,다이소썬팅지
121,바다현수막,명패투명,수목표찰,제프쿤스벌룬독,데코앤비교구장,인테리어주방등,울트라시트,가죽수선패치,몬스터락,캠버클,스폰지테이프,스테인리스커터,모루유리시트지
122,퇴사현수막,부착형명패,아크릴표찰,인테리어북,어린이집좌식책상,꽃무드등,에어컨시트지,구멍스티커,슬라이딩문,계단난간대,다이소방수테이프,케이블절단기,스마트유리
123,네일가격표,스틸명패,강아지도어사인,손모형뜨기,은물교구장,붙이는led,rs51,테라코화이바테이프,까치발,안전그물망,당일배송테이프,pvc컷터기,엠보시트
124,광고판,아크릴금속명패,출입금지,킨포크잡지,한국몬테소리교구장,캠핑앵두전구,다이소투명시트지,샤시구멍,계란판방음재,안전발판,비닐테이프,tc-103,창문불투명시트지
125,졸업현수막,아크릴네임택,영업중led,거실벽면인테리어,아이방교구장,우드조명,매트시트지,인조가죽스티커,베란다폴딩도어,안전대,오공박스테이프,공성파이프커터,레이스시트지
126,축하현수막,아크릴대표명판,오픈클로즈,슈가슈가룬,토리유아책상,건전지조명,방문시트지,가죽쇼파수선,문틀교체,방문턱제거,3m방수테이프,블랙다이아몬드커터,스트라이프시트지
127,회장선거포스터,의학박사명패,cctv스티커,벽걸이장식,교구장바구니,수입조명,es69,석고보드구멍,방문짝,논슬립큐,필모룩스,슈퍼동파이프커터,어린이집시트지
128,물통배너거치대,자개사장명패,아파트호수,빨강머리앤,복합교구장,와이어전구,인테리어필름샘플,스타본드,모루유리,알루미늄논슬립,물테이프,케이블캇타,아쿠아시트지
129,현수막인쇄,진급선물,벨을눌러주세요,카페소품,반원책상,갓등,벽지시트지,제스트폼건,가구수평,철대문,택배테이프,케이블컷터기,시트지거울
130,수박현수막,창업선물,산업안전표지판,쿠사마야요이호박,일룸에디,선셋무드등,현대엘엔씨필름,타일줄눈보수펜,유압쇼바,쇠사슬체인,서통전기테이프,7122200sb,색유리
131,a4거치대,탁상용명패,푯말,홈카페소품,하이솔로몬스위티,라탄조명갓,smt03,가구보수제,의자부품,미끄럼방지고무,만능테이프,nt커터칼,창문열차단썬팅지
132,대형배너,학교장명패,스텐간판,테피스트리,책장,별무드등,광확산필름,가죽의자리폼,방문가격,바리케이트,자동차양면테이프,tcb-105,사무실시트지
133,x배너거치대,a4아크릴꽂이,미세요,모형과일,코아코아교구장,베르판글로브,그레이시트지,초배지,현관말굽,맨홀뚜껑,플렉스테이프,배관커터기,시트지재단
134,예쁜현수막제작,pvc2단택케이스1세트100개명찰케이스투명비닐투명명찰,후광간판,우드오브제,파랑새교구장,라탄등갓,미니롤시트지,못구멍스티커,방문인테리어,엘리베이터보양,아크릴테이프,비올라,거실썬팅
135,미니배너제작,sq-st798-1,간판종류,마크메라,600교구장,아모램프,옥외용시트지,못스티커,아파트문교체,미끄럼방지스프레이,얇은양면테이프,시그마컷팅기,sk5095
136,폼보드인쇄,개업명패,미용실간판,아이방벽장식,마름모책상,유리돔,화이트필름지,타일줄눈테이프,식탁강화유리,점자블럭,겔테이프,호스절단기,창문에붙이는
137,pop대,검도명패,팻말제작,레터보드,스케치북정리함,무선등,삼성시트지,경성메꿈제,선반고정,안전그네,컬러박스테이프,동카타,유리에붙이는시트지
138,골드입간판,공인중개사책상,문패제작,패브릭포스터대형,책꽂이쇼파,제일조명,현대보닥인테리어필름,피스커버,천장마감재,처마차양,끈적임없는테이프,동파이프커터날,자외선필름
139,프레임배너,대표이사크리스탈명패,사이드간판,아크릴썬캐쳐,파랑새교구,노을조명,현대필름s115,비즈접착제,중문스토퍼,흡착포,3m초강력양면테이프,링쏘,베란다선팅
140,입구간판,돌명패,원형돌출간판,얼음모형,로넌교구장,앤트레디션,무광화이트보드시트지,칼라메꾸미,현관문도어스토퍼,제전매트,변기테이프,쇠파이프절단,고방유리
141,가격표제작,디자인아크릴개인명패,감성간판,옛날티비,어린이집칠판,별조명,접착투명시트지,도배초배지,자동차흡음재,주차차단기바,원형벨크로,스텐파이프커터날,창문자외선
142,출산현수막,법무사명판,회의중,마크라메행잉,하이솔로몬,생일선물,화장실문시트지,장판부자재,고경도스펀지,울타리철망,구리테이프,강관컷팅기,거실창썬팅
143,깃발제작,사원명패,아크릴박스간판,월데코,다빈치책상,크리스탈무드등,간판시트지,줄눈페인트,아파트현관문교체,간이리프트,실링테이프,디월트전산볼트커터,창문자외선차단필름
144,피켓제작,삼각명패크리스탈,화장실사인,자개드림캐쳐,리바트로넌교구장,라인등,블루시트지,소파보수,문말발굽,무늬철판,우림박스테이프,밀워키컷터기,마이필름
145,포토존현수막,삼각아크릴명패,호수스티커,고스트우드,샘키즈교구장,무드등제작,하부장시트지,dr-100,대형아크릴,침대안전바,벽지테이프,아레나토리나일론커터,어린이집창문썬팅
146,배너간판,숫자판,골드간판,매거진b,오르다가베장,펜던트등,시트지벽지,메가픽스,나무문,메쉬휀스가격,벽에붙이는테이프,에어컨배관커팅기,유리불투명시트지
147,포토프롭,스윙홀더,자석간판,말발굽편자,아기책장,스테인글라스조명,시트지샘플,쇼파가죽패치,액자레일걸이,엘리베이터보양재,테이프,주철관절단기,암막썬팅지
148,안심콜배너,아크릴이름표,예쁜현판,홈포차인테리어,양지가구교구장3단,아크릴무드등만들기,시트지함석판,3m순간접착제,재현하늘창,문턱경사로,깔끔대장다용도방수테이프,렉스동커터기,제비스코필름
149,카페현수막,아크릴팝업,오픈,쉐이커박스,양지가구전면책장,조지넬슨버블램프,실루엣시트지,강화마루수리,현관문말굽,pc판,벨크로찍찍이,만능컷터기,창문빛차단
150,뷰티샵배너,알루미늄삼각명패,led영업중,웨딩아치,유치원탁자,네온사인만들기,아파트현관문시트지,벽못자국,하나로보드,칼라강판가격,마감테이프,밀워키전산볼트,pdlc필름
151,반영구가격표,양면가로210x148,개업선물,곰돌이장미,장난감정리장,무선led등,홀로그램시트지,쇼파가죽스티커,도어범퍼,바닥고무매트,수광양면테이프,배관커팅기,베란다사생활보호필름
152,에어풍선,예약석,현관번호판,운석,700교구장,예쁜식탁조명,대리석시트지,타일사이,고탄성스폰지,벨트차단봉,다이소종이테이프,배관컷팅기,썬팅시트지
153,인셀덤배너,왁싱로고,소형간판,소품,우드교구장,미니조명,인테리어필름칼,파이프누수,화장실큐비클,대성부품,보수테이프,스마토파이프커터,uv차단시트지
154,현수막시안,입주자외주차금지,금연구역,아이스크림모형,유치원책상의자,국민수유등,es98,가구흠집스티커,가정용방음벽,디자인휀스,3m박스테이프,스텐커터기,반투명필름
155,속눈썹메뉴판,자개명패총알배송,cctv작동중,스튜디오201,몬테소리한글,led라인조명,다크그레이시트지,다이소우드픽스,다용도실문,러셀망,젤테이프,알루미늄파이프커터,에칭시트
156,아메리카노배너,자기명패,머리조심,크리스탈볼,원목교구장3단,인테리어등,싱크대상판시트지,퍼티필러,방문자석,귀덮개,석면테이프,컷쏘,패턴유리
157,에어간판가격,전문직명패,안심콜스티커,브릭나인벽난로,낮은책장,야외조명,외부용시트지,줄눈마카펜,소파스펀지,위험물저장소,커버링,파이프커터both,블라인드시트지
158,칠순배너,중개사명패가격,staffonly,아크릴볼,리바트로넌2단교구장,필립스휴싱크박스,현대l&c,소파수선,다보볼트,진동패드,3m폼양면테이프,플라스틱파이프커터,베란다창문썬팅
159,메뉴판스탠드,직원명패,엘이디간판,텐세그리티,몬테소리책장,탁상조명,시트지프라이머,타일깨짐보수,가마찌도어,휀스종류,동테이프,로덴베르거동파이프커터,창문열차단썬팅
160,실내배너거치대,직위명패,오픈사인,스윙잉스틱,양지가구3단교구장,별자리무드등,현대l&c슈퍼매트,크랙실란트,미닫이레일,안전용품,포장용테이프,파이프커터튜빅스,홀로그램시트지
161,퇴임현수막,진급선물자개,간판가격,나비장식,원목3단교구장,무드조명,기포없는시트지,도배풀제거제,강화유리제작,고무깔판,asf110,pvc배관커터,거울썬팅지
162,어깨띠제작,투명명판,미시오,빈티지페이퍼,장난감정리대,깃털조명,벽시트지,배관보수,거울받침대,산업용안전벨트,양면찍찍이,rothenberger,skc필름
163,코로나배너,편지각인,사무실명패,조니워커블루라벨,전면교구장,줄전구,파스텔시트지,소파테이프,소파밀림방지,크린룸가방,색깔테이프,동배관절단기,불투명필름
164,현수막게시대,경비실경유,테이블번호,로즈베어,헝겊책꽂이,캠핑무드등,한샘필름,타일줄눈제,헤드보드,파이프마개,3m전기테이프,동배관커터,백페인트글라스
165,현수막주문제작,계좌명패,사용중,불가사리,현대교구,식탁조명등,화이트보드스티커,욕조크랙,석고텍스,칼라강판지붕,리폼박사방수테이프,동파이프커팅기,유리선팅
166,플래카드제작,고급크리스탈명패,주소표지판,메쉬보드,높은교구장,헬로키티무드등,올리브시트지,타일줄눈마카펜,바닥스토퍼,그네식안전벨트,화장실방수테이프,로덴베르거커터날70051d,창문용시트지
167,뷰티샵메뉴판,골드미니명패,open간판,마크라메드림캐처,미술책상,감성전구,벽지칠판,대리석보수제,씽크대쇼바,앤드캡,3m투명양면테이프,멀티컷터기,선텐지
168,미용실베너,교장선물,간판글씨,스톤오브제,엘피스고무나무,아이방등,조명용시트,베어링오일,레일문,옥상난간대,pvc테이프,시그마타일,투명썬팅지
169,양면배너,금속명패반제품,사인보드,아이방인테리어소품,유아수납장,조명레일,주방하부장시트지,인테리어테이프,아스텍스,가시철망,은박지테이프,시그마타일커터,안개필름
170,안심콜,대구명패제작,쓰레기무단투기금지안내문,방꾸미기,자작나무가구,캠핑감성조명,무늬목시트지,도배용품,와이어부속,주차장코너보호대,접착테이프,이시이타일컷터기,미러썬팅지
171,피부샵메뉴판,대기업회장명패,화장실문패,어번던스,한샘아기책상,인테리어조명등,시트몰이,퍼티테이프,유리도어,충격방지패드,칼라테이프,b-tc600,아쿠아유리시트지
172,a형철제입간판,돌출표찰,오픈안내판,종이모빌,가베장,오징어등,엘지인테리어필름,피스마개,욕실선반브라켓,벽부형핸드레일,나노테이프,동커팅기,유리반사필름
173,고희현수막,로고디자인,스텐현판,스팽글,교구장5단,핀조명,영림인테리어필름,다용도메꾸미,아파트방문교체,휀스가격,타이탄겔,디월트전산볼트커터기,무점착안개시트지
174,대형현수막제작,맞춤명패,화장실문구,빨간머리앤,리코모듈,팬던트등,핀스,대리석수리,밀림방지,스피커방진패드,3m찍찍이,로덴베르거커터날,필름거울
175,대형인쇄,메탈고급명패,open팻말,물고기모형,색지정리함,무드등만들기,몰딩시트지,매지,바닥보호매트,논슬립q,소이텍스,스텐파이프컷터기,한지시트지
176,현수막출력,메탈글라스명패,아파트동호수,소라껍질,영유아책상,한지등,무광칠판시트지,보수스티커,고밀도스펀지,egi휀스,몬스터양면테이프,크니펙스파이프커터,거실유리썬팅
177,졸업식현수막,메탈상품명,예쁜led간판,아이방모빌,우드벤치,조명의신,엘지시트지,우드펜슬,그림걸이,타포린천막,삼우테이프,30공타공기,베란다윈도틴팅
178,철제배너거치대,메탈스탠드명패,층별안내판,우드이니셜,초등책장,앤트레디션플라워팟,인테리어필름시트지,파이프보수,창고문,죔줄,3m절연테이프,동카터,유리문필름
179,학생회장포스터,명패라이온스클럽,도로명표지판,인스타소품,토리원목,라이언무드등,장덕수시트지,마루보수칼라스틱,화장실도어,화물차깔깔이,천막보수테이프,동파이프커터사용법핵심요약,창문단열시트지
180,임대문의현수막,명패메탈,아크릴번호,펜트하우스굿즈,교구장모서리보호대,비츠조명,lxzin인테리어,메지칼,책장고정,미끄럼방지페인트,다이소부직포테이프,동파이프컷터기,sk단열필름
181,샌드위치배너,명패알루미늄,메탈간판,플렌스테드,교구장화이트,캐릭터무드등,pvc시트지,소파가죽패치,천장액자걸이,방진고무패드,천막보수,만능커터기,샷시썬팅
182,물놀이현수막,명패야,소방안전관리자현황표,솔방울,모모로,케어베어무드등,붙이는템바보드,육각슁글,천정고리,안전보호구함,원형찍찍이,블랙다이아몬드동커터,윈도틴팅
183,소량굿즈제작,미니나무명패,아크릴돌출간판,감성인테리어,전면책장,diy키트,싱크대필름,보수페인트,홀캡,자동문,라이프레시피,블랙다이아몬드커터기11218,중문유리시트지
184,피켓,반려동물수목장명패,호실번호판,세계지도패브릭,트임교구장,오리무드등,투명방수시트지,아덱스dg3,도어레일,용접각반,튜브보수테이프,알덴라쳇,광확산필름
185,배달의민족배너,변호사명패폰트,실내아크릴간판,거실벽장식,2단원목교구장,나노리프,흰색시트지,엘머스우드필러,리빙우드,자바라대문,신일테이프,용수타일,썬마루
186,환갑배너,병원명패,미용실회전간판,드림캐쳐재료,몬테소리장,led와이어전구,데코타일,주방용실리콘,의자럭킹,계단매트,주방방수테이프,튜브컷터기,점착식창문시트지
187,식당현수막,부동산명패,오픈문패,아기방헌팅트로피,미르가구책장,충전식무드등,벨크로시트지,백곰본드,타공도어,논슬립페인트,3m원형양면테이프,7.0045,무점착암막
188,세우는간판,사장님명판,아파트문패,포장마차인테리어,카리스교구장,누마램프,옷장시트지,다이소마루보수,유리슬라이딩도어,이탈방지끈,아크릴양면테이프,dtm52,불투명시트
189,금연현수막,삼각이름표,냉방중,마크라메선반,코너교구장,키즈조명,워터초크시트지,붙이는줄눈,tv회전판,가시철조망,튜브방수테이프,montolit,빛차단필름
190,반영구메뉴판,세련된명패,와이파이표지판,움직이는선인장,교원교구책상,무선led,직물시트지,타일줄눈보수,수맥차단매트,태양자동문,카바링,tcb-107,욕실유리시트지
191,스탠드입간판,소형명패,화장실안내문,레트로tv,미술학원수납장,개업선물,붙박이장필름,형제pvc철물,책상강화유리,휀스기둥,삼성테이프,z-v63n,창문격자
192,배너폴대,숫자명패,와이파이표시,편자,아동책상세트,특이한무드등,브라운시트지,목공오일,찬넬기둥,화물차갑바,eva테이프,갓다,무점착창문썬팅지
193,생일파티현수막,심사위원명패,주소판,라탄모빌,어린이좌식테이블,크리스탈식탁등,인테리어필름롤,몰딩보수,유리타공도어,고무받침대,타일테이프,갓따,무점착열차단
194,실사출력스티커,아크릴명패주문제작,사무실문패,레트로소품,책장겸교구장,네온바,장농시트지,방문보수,접이식도어,주물대문,차량용테이프,동관커터날,스테인드글라스필름
195,카페개업선물,아크릴삼각이름표,포맥스제작,오너먼트,프라이드리빙3단,led스트랩,고광택인테리어필름,아트월구멍,아크릴다보,고소작업렌탈,372ks,동파이프캇타,원웨이필름
196,코로나포스터,양면아크릴명패,나무간판제작,기와가격,한스교구장,카카오무드등,무광블랙시트지,욕실메꾸미,유리키스,지붕강판,asf-110,동파이프커터tc-105,거실창문썬팅
197,등신대만들기,오픈클로즈명패,사무실명판,진자,강의대,석양조명,시트박사,마루보수스틱,접이식선반브라켓,구갑망,북테이프,리지드커터,아이스크림시트지
198,스텐입간판,옥돌명패,안심콜,백화수복,교구장1100,토끼무드등,인테리어필름1롤,마루찍힘보수,다이소도어스토퍼,안전블럭,열전도테이프,볼트컷터기,유리창열차단
199,어린이집현수막,원사진급선물,간판조명,마크라메드림캐쳐,교구장810,모던미드센추리조명,테이블시트지,팀버메이트,무타공스토퍼,윤형철조망,우레탄테이프,블랙다이아몬드11116,암막창문시트지
200,아이스크림에어간판,이쁜책상명패,미용실싸인볼,비스무트,교연교구의자,커튼조명,템파보드시트지,가구기스,문교체비용,화물차아대,마스킹비닐,슈퍼파이프커터,자외선차단창문
201,실내배너,이사장명패만들기,사무실표찰,세계국기,리본막대,아모램프수유등,lg하우시스시트지,마루보수인두기,슬라이딩도어부속,스텐체인,난연테이프,스마토동파이프커터sm-105,불투명유리
202,네일배너,임원명패제작,문패만들기,빈티지책,리코책장,아크릴조명,sg113,지붕마감재,테이블유리,단차해소기,내열양면테이프,스마트스프링파이프커터날,아키스타
203,전역플랜카드,정육점명패,led아크릴간판,영문페이퍼,몬테소리수납장,샤오미무드등,무광필름지,피스캡,식탁유리가격,안전펜스,방수실리콘테이프,타일커터기,엠보시트지
204,기념일현수막,종이삼각명패,금손간판,오브제소품,어린이집2단교구장,led네온,벨벳시트지,가죽소파보수,smc,제설함,바닥테이프,rbn28,유리창암막
205,캠핑현수막,주차금지,화장실간판,여름인테리어소품,오픈형사물함,싸이키조명,보닥필름,도배네바리,레일도어,pe로프,방수양면테이프,로덴베르거동커터,유리암막시트지
206,메쉬배너,중앙기념사명패제작,디자인간판,인테리어새장,유치원책상세트,포인트등,조명시트지,장판수리,디아월,폴리스라인,3m강력양면테이프,만능컷터,베란다창문썬팅지
207,미용실현수막,철제메뉴판,아파트번호판,모빌재료,일룸,터치등,패브릭시트지,소파가죽스티커,abs문,도로반사경,기밀테이프,몬토리토,썬팅필름지
208,x베너,크리스탈명패제작,close,고래모빌,하우디가구3단교구장,자개조명,es130,실크벽지보수,욕실문방수,사각맨홀뚜껑,서통절연테이프,밀워키전산볼트커터,적외선차단필름
209,환갑상차림,탕비실표지판,소화기표지판,빈티지종이,학교책상,리비트무드등,lg필름,몰딩자,가구고정,대문종류,글루픽,밀워키파이프커터,창문투명시트지
210,입간판만들기,투명아크릴명판,계단조심,인테리어나뭇가지,한샘모모로미술교구장,눈꽃조명,단열시트지,mohawk,9mm문선,지붕재료,친환경종이테이프,블랙다이아몬드파이프커터,창시트지
211,현수막사이즈,파티션a2045,영업시간안내판,집들이선물,한샘미술장,램프,보드벽지,가구색칠,원형계단,비계발판,양면폼테이프,스텐레스절단공구,글라스필름지
212,반영구베너,포맥스도어사인제작문고리,led실내간판,만다라패브릭,미르가구웨이브3단,구름무드등,블랙아웃시트,몰딩접착제,환기창,견인바,화장실테이프,주름관컷팅기,창문단열필름
213,현수막걸이,한의사명패,아파트호실판,와이어레터링,사물함8인,원통직부등,블랙유광시트지,쇼파패치,와이어걸이,펜스종류,씽크대테이프,타일니퍼,무점착시트지화이트
214,식당배너,호두나무명패가격,우드레터링,led드림캐쳐,수납교구장,썬셋조명,축광시트지,멀티가드,유리주문,침대떨어짐방지,크라프트종이테이프,핸드타일커터,창문에붙이는시트지
215,왁싱배너,호실판,나무현판제작,시나몬가랜드,아가교구장,유리조명,함석판시트지,밀가루풀,중문바퀴,화물차발판,노턴테이프,lk-500,확산필름
216,은방이네,황동+레이저+싱글패,영업중팻말,마크라메행잉플랜트,아이꿈터교구장,원목조명,인테리어필름화이트,쇼파가죽보수,천장레일,미끄럼방지실리콘,종이양면테이프,디월트멀티커터케이스,데코사랑
217,테이블배너,회의용아크릴명패,층별안내,데스크모빌,양지가구교구장1200,이케아라탄조명,접착식아스테이지,장판논슬립,자작나무상판,옥상난간,소음방지테이프,로덴베르거강관파이프커터기,욕실거울시트지
218,매쉬배너,a형금속명패,흡연금지표지판,포스터커튼,어린이집탁자,야외전구,현관문도색,덧바르는실리콘,현관도어스토퍼,엔드캡,청보호테이프,밀워키동커터,창문반사
219,포도따기체험,cctv설치안내,깃발간판,벽면인테리어,우드웰교구장,무선led바,상부장시트지,마루보수인두,폴딩도어레일,화물아대,3m8067,밀워키동파이프커터,커피시트지
220,가로등배너거치대,t자명패,목간판,자개모빌diy,유치원1인용책상,아기수면등,슈퍼매트필름,실리콘보수,방음아트보드,분진망,일상공감,스마토pvc파이프캇터기,화이트아웃시트지
221,정년퇴직현수막,t자형아크릴꽂이,작은간판,고래썬캐쳐,핑크교구장,led레일조명,외부시트지,풀자국제거제,ㄷ자,안전휀스,친환경박스테이프,스테인리스커터기,무접착셀프시공창문썬팅지
222,배너부품,vmd멀티넘버링,정기휴일,유리썬캐쳐,학원책상,네온사인간판,침대헤드시트지,sealantfix,키보드흡음재,갑빠,페인트마스킹테이프,시그마컷터기,아파트창문필름
223,컵빙수배너,vmd멀티넘버링번호돌림판n12,led오픈,레트로티비,4단책장,후렌치,esh01,데코타일보수,흡음파티션,꿩망,플로랄테이프,엑셀컷팅기,유리재단
224,안전현수막,갈색크리스탈명패,글씨간판,크리스마스리스,e0교구장,네온,s179,에라스코,주방문,장애인경사로,다이소테이프,유리컷터기,창문보호필름
225,학원현수막,걸이명패,숫자판,무지개모빌,교원교구의자,부케돔,비닐시트지,균열보수,인테리어문,전선보호대,신선테이프,충전커터,창문썬팅반사필름
226,smp배너,검도일반명패,미끄럼주의표지판,슬레이트,매직3단교구장1100,도자기조명,싱크대필름지,매직커버셀프페인트,pvc점검구,창문렉산,까슬이보슬이,std-180e,차광시트지
227,공부방현수막,계좌번호각인,오픈표지판,조개모형,북카트,조개무드등,우드시트지,화이바테이프,smc천정재,주차장기둥보호대,무소음박스테이프,tc107,거실썬팅지
228,꽃집배너,고급명패제작,메탈현판,주기율표,삼성교구,네온사인diy,토리1004,m바,알루미늄레일,건설안전벨트,무로멀티콘테이프,tcc-1070h,건물썬팅지
229,대형스티커제작,공인중개사개업비용,알루미늄명판,현관문장식,세레스홈교구장,무선전등,현대엘앤씨,변기보수,천장와이어,전선거치대,누수방지테이프,밸류동커터기,여름창문
230,밴딩입간판,관리소장명패,현관문호수판,라디오미터,스케치북수납장,사이키조명,3m인테리어필름,오공틈새메꾸미,욕실문보수,지붕처마,두꺼운양면테이프,스텐파이프컷터,유리창선팅
231,전교회장피켓,교장명패가격,나무푯말,알라딘램프,스케치북정리,라탄전구,kcc필름지,쇼파가죽수선,강화유리난간,트럭그물망,모자사이즈테이프,시그마타일컷팅기,유리창자외선차단
232,가게입간판,교장선생님명패,상상싸인,글라스돔,스케치북함,실리콘무드등,검정무광시트지,피스커버스티커,아미텍스,화물스트랩,열에강한양면테이프,신용컷터기,창문반투명시트지
233,가로등배너,교장임명장명패,안내문구,페브릭포스터,어린이1인책상,충전식조명,밥상시트지,원목스티커,방음벽설치,계단핸드레일,3m실리콘테이프,아임삭멀티커터,햇빛차단시트
234,네일현수막,나무명패제작,예쁜간판,벽인테리어,어린이집신발장,침실조명,벽지오염방지,조색실리콘,의자바닥매트,고무논슬립,두꺼운테이프,알루미늄갓다,아파트창문썬팅
235,현수막종류,내부배면,셀프코너,옛날tv,영아교구,잭다니엘,시트지칠판,가구마카,도어스토퍼자석,카업,씽크대방수테이프,원형자르기,어린이집창문
236,마스크착용안내문,대표원장,아크릴레터링,곰돌이포스터,영아교구장,천장매립등,연노랑시트지,강마루찍힘보수,유리미끄럼방지,3m범폰,인덕션테이프,크니펙스볼트컷터,창문반사썬팅지
237,현수막원단,대표이사우드명패,우드문패,홀마크오너먼트,저렴한교구장,스마트조명,욕실시트지,도배칼받이,모듈가구만들기,창문안전바,전선테이프,armal230,창문햇빛시트지
238,이삼애드,대표자명패,카페인테리어소품,쉬폰패브릭포스터,토리책상의자,식탁조명인테리어,카메오시트지,물도깨비테이프,레일액자,닭장철망,옥상방수테이프,knipex볼트커터,투명컬러시트지
239,냉면배너,데스크명패,아파트호실,오페르툼,프뢰벨책장,침실무드등,현관문시트지,석고보드메우기,일자도어스토퍼,용접포,실크벽지테이프,pvc파이프커터60mm,무점착망입
240,미니깃발제작,매장명패제작,어린이보호,아기포토존,고무나무책상다리,만들기,4절시트지,z-1007n-nc,압축마블스펀지,전원주택휀스,이지씰,sm-127a,미용실션팅인테리어
241,초등학교전교회장포스터,메탈대표명판,자석현판,라탄볼,꼼므낮은교구장,아기방조명,a4자석시트지,마루수리,환기구커버,발포실리콘,랩테이프,ts-pc-603d,사생활필름
242,pop제작,명패디자인나무,마스크착용안내문,벽걸이소품,나무아이쇼핑몰,침대무드등,lg필름지,메도칠,방문교체비용,안전블록,원스테이프,동파이프커팅,암막썬팅
243,근조기제작,명패뿔,철제스카시,드림캐처만들기,다인교구의자,스마트무드등,그린시트지,목공용퍼티,와이어고리,추락방지망,천막테이프,렉스컷터기,에칭시트지
244,조명입간판,명패자개,텃밭팻말,차량용썬캐쳐,레이교구장,오픈네온사인,띠벽지,가죽소파스티커,유리선반다보,한반도철망,넓은테이프,밀워키동커터기,창문햇빛차단필름
245,uv인쇄,명패최저가,금속현판,홀로그램꽃,미르가구큐브,스테리나이트빔,블랙펄시트지,브이텍우드필러,가구미끄럼방지,화물바,인쇄테이프,스테인레스파이프커터,tc5095
246,y배너,문손잡이걸이용표지판,인테리어간판,오브제트레이,비즈노교구장,아카리조명,코팅시트지,소파스티커,목문,단열방화문,접착스티커,아시바절단기,건물썬팅필름
247,약국입간판,미니명패각인,레터링간판,기와지붕,비카책상다리,이케아전등갓,현관문,화성본드,슬라이딩도어스토퍼,데크난간,나노양면테이프,용수타일컷터기,중문시트지
248,환갑현수막제작,박사명패,현관문번호,부엉이마크라메,슬림교구장,코튼볼조명,lg시트,가구보수페인트,유리난간,논슬립스프레이,갑을테이프,주름관컷터기,창문무점착시트지
249,상가임대현수막,반누보,led채널간판,수정,이동식백월,불타는무드등,lx지인인테리어,시바툴,가스스프링,패킹,동양테이프,찬넬커팅기,창문시선차단
250,크로플배너,벤처기업명판,물은셀프입니다,사진거치대,일룸아이침대,나무조명,거실인테리어시트지,가죽소파패치,중문호차,웨빙띠,박스종이테이프,파이프커터기w098dh,화이트암막필름
251,깃발현수막,변호사책상명패,현관문문패,종이학1000마리,키즈파라솔,마르셋진저,네이비시트지,나무보수,쇼파밴드,주차라인,벽테이프,kftac-8,skc5095
252,여름성경학교현수막,병원돌출표찰,골드현판,책소품,프라이드리빙3단교구장,공간조명,노기스필름,배관누수테이프,벽선반브라켓,갑바천,자동차테이프,pb컷터기,거울반사필름
253,착한베너입간판,부모님감사패,원목문패,라탄가랜드,현대교구의자,싱크대조명,논슬립시트지,나사스티커,천장석고보드,라쳇바,페인트테이프,pvc커터날,유리자외선차단
254,학원배너,사무실책상명패,주택문패,마크라메가리개,1단책장,자기부상무드등,데칼시트지,다카모리,도어교체,고소작업대렌탈,박스테이프80m50개,pvc커팅기,무점착단열필름
255,a3pop,사장이름표,플렉스간판,아기방모빌,나무교구장,코튼볼,벽지화이트보드,도배본드,상판,원형방진고무,수도테이프,tcb107,물시트지
256,메뉴거치대,삼각명패25*8,방문이름표,마끄라메,모둠책상,콘센트조명,시트지제작,석고보드메꾸기,선반까치발,3m헤드셋,플라스틱테이프,ytc600,유리안전필름
257,패디플래닝배너,선반가격표,쓰레기버리지마세요,스마일패브릭,복합교구장1000,노래방미러볼,올리브그린시트지,칼받이,렉스판,볼트방진고무,배관방수테이프,디월트컷소,유리열차단
258,무선에어간판,소형자개명패제작,아크릴사인,플라스틱기와,사무용서랍장,한지조명,칠판필름,하드필마루보수키트,액자레일설치,투명지붕,접착강화제,라쳇동관커터,유리창시트
259,배너인쇄,수목장묘비문구,포맥스현판,인테리어소품책,색상지정리장,레일펜던트,태양광반사필름,구멍메꾸미,계란판,화물차고임목,공업용양면테이프,레이저타일컷터기,현대시트
260,코로나안내문,수목표식,부식간판,일본지도,스터디에그,라인led,하이글로시시트지,매꿈이,가구넘어짐방지,농약보관함,루디루디,로덴베르거42,3m자외선차단필름
261,투명배너,수협지점장명패,주행연습표지,드림캐쳐무드등,슬라이딩책장,아기무드등,sd901,방화패드,abs도어문틀,네파안전벨트,변기방수테이프,리지드파이프커터,베란다썬팅필름
262,스카이댄스,숫자돌림판,대문명패,미스모네,양지가구교구3단,레일,붙이는몰딩,가구구멍스티커,원터치말발굽,수직보호망,유리섬유테이프,모세관커터,베란다유리시트지
263,전역축하현수막,스퀘어골드명패,청소중표지판,천장모빌,양지가구교구장4단,버블램프,시트지아이보리,가구보수펜,유리선반브라켓,실외기방진패드,까슬이,볼트절단기,사생활보호반사필름
264,정년퇴임문구,스테인레스나무명패,표시판,모빌인테리어,어린이원목의자,침대등,영림중백색,장판찍힘,천정점검구,3m미끄럼방지테이프,화장실변기테이프,스마토sm-105,샤워부스안전필름
265,해변현수막,심플명패,화장실사용중,빨간머리앤소품,유치원책장,조명후렌치,침대헤드보드,타일구멍메우기,화장실문틀,주영산업,블랙박스용양면테이프,스틸파이프커터날,스테인글라스창문
266,마카롱배너,아크릴명패가나안,남녀표시,여름인테리어,이동식교구장,led라인,s178,타일매직터치원,a1k1278100ab,자동차고임목,게퍼테이프,신용타일컷터기,자외선차단보호필름
267,미용실요금표,아크릴인쇄,실내led간판,조개껍데기,일룸키즈교구장,오늘의무드,sd920,도배칼,다이소액자레일,닭망,덕성하이텍,알미늄파이프컷팅,햇빛차단
268,생일현수막제작,아크릴파일꽂이,인피니티미러,드리프트우드,호마이카교구장,붙이는전등,sl516,인조잔디접착제,유리맞춤,미니깔깔이바,아이비그립테이프,에어컨배관커터,max30
269,시장놀이현수막,아파트호수판,미니현판,드림캐쳐키트,화이트보드판,전광판,골드시트지,찢어진장판,행거레일,방충망잠금장치,타이탄겔양면테이프,엑셀절단기,광확산시트
270,가격표만들기,안내설명판,자율형건물번호판,사슴뿔,3단우드장,꽈배기전선,단색시트지진카키,타일틈새메꾸미,폴리몰리충전재,주차턱,식품테이프,와이어절단기,무점착반투명시트지
271,코로나현수막,알류미늄책상명패,open,발리소품,7단교구장,주방간접등,시공칼,가구펜,마블스펀지,유신주상안전대,자국없는테이프,컷소,베란다자외선차단
272,x배너제작,알미늄명패,간판업체,수정구,꼬메모이로이교구장,뚱이무드등,크림화이트시트지,강화마루보수키트,욕실천정재,h10a,3m블랙박스,크니펙스동커터,썬팅필름1롤
273,가게간판,어린이상장,노크해주세요,정원인테리어소품,도서관슬라이드,등,필름프라이머,깨진타일,뉴슬라이드백,pe방호벽,서나마켓,타공기,사생활보호썬팅지
274,배너대,엘리트명패,재실표찰,방연당,로넌2단교구장,무선조명등,현대시트,석고보드땜빵,흡착식말발굽,나무아대,위장테이프,타일컷터,스테인드글라스스티커
275,경작금지,우승컵,집호수,스톤트레이,리바트소품,포그머신,무광실버시트지,석고보드패치,레일액자걸이,받침목,3m강력테이프,7112200,창문암막필름
276,배너현수막,원목고급명패,펜션간판,철재벽장식,몬테소리교구장크기,조명쇼핑몰,비스코프시트지,쇼파가죽시트지,중문롤러,주차장바리게이트,라바테이프,c12pc-0c,검정시트지
277,실외입간판,원장님선물,화장실표찰,포토행거,미르가구일반형교구장4단810형,사각매입등,시트지컬러,갤코트,두현창호,오토바이사다리,초강력방수테이프,ht-430,격자시트지
278,굿즈샤인,웬지명패,기대지마시오,아기방,베라스교구장,루이스조명,인디핑크시트지,도배부직포,epp충전재,rt-321a,열에강한테이프,kniper볼트커터,오픈시간시트지
279,투명입간판,인증명패,후렉스간판,행잉패브릭포스터,비노즈라운드,이케아식탁등,페인트팜시트지,솔리드에폭시,슬라이딩댐퍼,실내반사경,flextape,ksx로덴베르거스덴파이프커터,창문.시트지
280,피오피,인천명패,명패디자인,크리스탈원석,삼나무교구장3단,델로나,현대l&c필름,장판보수테이프,유리가격,낙하물방지망,고릴라양면테이프,pvc가위,강아지시트지
281,현수막배너,자개명패550,외부음식반입금지,스튜디오소품,솔로몬책상,피카츄무드등,현대보닥s176,접착가죽,현관문스토퍼,아연능형망,매직양면테이프,pvc카터기,단열필름시공
282,실외용배너,자개명패수정,저렴한나무간판,타조깃털,아기미니교구장,리모컨무드등,es131,들뜬타일,앵글평상,유공발판,욕조방수테이프,rems,인테리어필름
283,케이배너,자석명판,글씨,쉬폰포스터,아기원목교구장,미니무드등,lg수성프라이머,소파가죽수선,차음판,경사발판,텐트보수테이프,sus파이프커터,창문반사시트지
284,회갑현수막,자석형윙게시,글자,나뭇가지인테리어,아기원목책상,led취침등,rs130,아크졸,높이조절볼트,생명줄,박스테잎,sy730,창문사생활보호시트지
285,포스터거치대,정육명패,도로명주소,바나나모형,양지가구4단교구장,레일등기구,가구필름지,장판땜빵,스프링도어스토퍼,판넬지붕,호스테이프,tc400타일,성당창문
286,현수막걸이대,제품가격표,호수번호판,풍경패브릭포스터,어린이파라솔,인테리어무드등,거실벽시트지,하드필마루보수,안방문,실외기방진고무,매직보수테이프,vk34n,창문불투명
287,꽃집입간판,종이명패a4,아크릴큐브간판,하이큐태피스트리,엘피스고무나무교구장,무로롱거라이트,광고용시트지,인두스틱,피스캡,낙상경보기,스폰지양면테이프,동배관컷팅기,창문프라이버시필름
288,배너사이즈,직업군인명패,호실,공중전화부스,역할교구장,미피조명,블랙무광시트지,집텍스,액자걸이와이어,문턱경사,3m커버링테이프,동캇타기,베란다유리썬팅
289,엑스배너거치대,책상명패가격,간판글자,산호오브제,예쁜교구장,식탁led등,비스포크필름지,wallpatch,미니픽스,에어컨실외기진동,멀티콘테이프,디월트전산커터,사생활보호창문시트지
290,옛날팥빙수,천정표지,공부중,조개장식,원목신발장,캠핑줄조명,실루엣카메오시트지,마루흠집,방문틀,고정바,칼라박스테이프,로터리커터,창문시트지파는곳
291,피아노학원배너,청송명패,로고간판,가짜얼음,유아책장,라탄식탁등,월넷,아파트벽구멍,도마발,실리콘고무판,금속테이프,마닉스열선커터기,붙이는암막시트지
292,연예인등신대,케이크네임택,룸넘버,대한,유치원좌식책상,무대조명,장폭시트지,욕실보수,현관문말발굽,차량차단기,3m5069,만능컷터기날,스테인드글라스시트
293,예쁜글씨pop,케이크이름표,방번호,홀로그램모빌,조립식교구장,렉슨조명,책상리폼시트지,pr-50a,차음시트,우퍼방진매트,opp박스테이프,배관파이프커터,유리창선팅지
294,음악학원배너,크리스탈메탈명패,어린이보호표지판,미니마크라메,컴퓨터책상,말랑하니수유등,핫핑크시트지,목재보수,포켓도어,주택울타리,대영테이프,벨류동커터기,자외선차단필름지
295,캘리그라피현수막,트로피,층표시,아기방인테리어소품,키높이도어형교구장,빙글빔,화이트무광시트지,벽지못자국,고정브라켓,계단논슬립패드,본디지테이프,엑셀관커터기,통유리시트지
296,현수막고리,파티션꽂이c타입,고무스카시간판,드림캡쳐,키즈수납장,장식장조명,lg하우시스인테리어필름,셀프줄눈마켓,실내방음벽,고무롤,블랙박스스티커,전산봉커터,3m사생활보호필름
297,스킨플래닝배너,파티션꽂이아크릴,사무실안내판,루일리모빌,한샘모모로미술교구장세트1500,모던미드센추리인테리어,rs69,아스콘보수,영림도어,고무판파는곳,욕실실리콘테이프,절단기,가정용썬팅지
298,웨딩포토월,파티션명패,실외간판,요술램프,한샘책장,프리츠한센조명,단색무광시트지,인조대리석수리,현관문자석스토퍼,흡연실,한일마스킹테이프,주름관절단기,거실창문필름
299,칠순상차림,편의점개업선물,금연구역스티커,춤추는선인장,흰색교구장,파티등,롤시트,장판메꾸미,황동발,탄화포,고정테이프,주름관커팅기,반투명유리
300,게릴라현수막,포도명패,브레이크타임팻말,선라이트,6단교구장,침실등,밀크화이트시트지,구멍메꾸기,벽선반받침대,현관캐노피,커트에이스,철근커터,시야차단필름
301,스카이댄서,포맥스방,와이파이안내,스톰글라스,교구장1000양지가구,베르판,바닥시트지,욕실줄눈테이프,유리문스토퍼,경사로진입판,pu테이프,호스가위,유리문썬팅
302,뷰티메뉴판,하이우드원목상패,젤리키,스탠드모빌,교구책상,파티조명,블루그레이시트지,욕실타일구멍,가구부속,생고무,다이소찍찍이,7112200sb,유리시트지그라데이션
303,워킹배너,학교교장명패,몬스터다이버,북유럽인테리어소품,높이조절교구장,led주방등,칼라시트지a4,콘크리트균열,방화문스토퍼,석면포,다이소풀테이프,dtm52z,자외선차단썬팅
304,롤배너,향나무명패공장,안내문,만다라태피스트리,다빈치유아책상,네온플렉스,한샘필름지,가구까짐,유리난간대,진입판,라이프레시피울트라테이프,dw105,창문열차단시트지
305,맥주배너,호수명판,집명패,브리타정수기받침대,라채독서대,논네온,현대l&c시트지,가죽쇼파보수,천정텍스,플라스틱사슬,신선식품박스테이프,ht-600d,학원시트지
306,부모님생신현수막,호실번호판,사무실팻말,마크라메화분,레인보우교구장,모닥불무드등,홀로그램비닐,달팽이줄눈,차음재흡음재,가빠,알미늄테이프,pb파이프커터,유리창윈도틴팅
307,작은출력소,호텔문고리사인,우드사인,세계지도패브릭포스터,리틀라핀교구장,카페등,도안지,원목스크래치,다보피스,엘리베이터버튼,열테이프,pvc절단가위,커피숍시트지
308,네일샵입간판,화장실남여표시,차고앞주차금지,행잉포스터,몽프로제,우드식탁등,로즈로사시트지,참우드씰,택스,쥬브바,불연테이프,pvc파이프커터파는곳,타공시트
309,손글씨메뉴판,화장실돌출표시판,화장실안내,마크라메무지개,벌코책상,레일전등,시트벽지,틈새메꾸기,문가격,흑고무판,실리콘단면테이프,pvc파이프커팅기,투명안전필름
310,착한배너,화장실표시판,cctv안내,곰돌이트레이,어린이집가구,led바조명,시트지색상,석고보드메꿈,통풍구,pvc논슬립,박스테이프50m,tc206h,투명열차단필름
311,컵빙수포스터,환자확인,led채널,불가사리모형,어린이집좌식테이블,줄네온,신발장필름,실리콘세트,로봇청소기문턱,목재대문,보슬이까슬이,vk63n,도트그라데이션시트지
312,스프링배너,회사명패제작,open네온,북유럽소품,오르다,터치조명,싱크대리폼,타일구멍막기,흡음재차음재,캐노피공사,원준테이프,다이아몬드블랙튜빙커터,무점착썬팅
313,전역이벤트,회의용아크릴케이스,개인과외교습자현판,브리타받침대,원목사물함,책상등,연핑크색,타일눈,문짝문틀,코오롱안전벨트,3mvhb양면테이프,동관가위,바르는시트지
314,주차금지현수막,회장님명판,개조심팻말,벽지가리기,원형책상의자세트,리모컨조명,조명필름,푸가프레스카,패브릭보드,바닥철판,다이소양면테이프,동절단기,욕실창문시트지
315,탁상용배너,회장명판,돌출표지판,인어공주오너먼트,유아책상가림판,플로스조명,타일시트지,갈라진벽보수,그림레일,방음헤드셋,다이소자석테이프,동파이프커터60,유리깨짐방지
316,팔순잔치현수막,45배면섬프수조,사인물,촬영오브제,유치원신발장,렉슨,화이트필름,공예본드,보니타빈백충전재,비계계단,벨크로양면테이프,동파이프컷터자동,유리창문썬팅지
317,팔순플랜카드,45배면수조,행잉간판,클래퍼보드,유치정리장,부케말리기선물,가구시트지리폼,소파보수테이프,픽처레일,선홈통,고내열양면테이프,디월트dcs350,3m윈도우필름
318,피부관리실메뉴판,a4메뉴판액자,미용실간판그라피티,인어공주캐슬,이단교구장,led책상등,광폭시트지,장판틈새,흡착식도어스토퍼,알루미늄대문,양면실리콘테이프,디월트전산볼트컷터기,led필름
319,대형시트지제작,a4아크릴다보,사각돌출간판,무한동력,이케아벤치수납장,루이스폴센파테라,데코리코,마루보수펜,가구밀림방지,현관문스토퍼,창문테이프,디월트전산봉,레인보우시트지
320,배너가격,a4용지부동산광고,옥외간판제작,채소모형,책가방장,주방레일조명,몰딩용시트지,바닥찍힘,자동말굽,스텐대문,창진테이프,라쳇형파이프커터,무점착시트지망입
321,수학학원배너,a64단카탈로그,감성문패,기와장,카리스2단교구장,해파리무드등,아트월시트지,석고보드메꾸미,전공구,와이퍼올,한국테이프,로덴베르거강관컷팅시험용,썬팅필름30m
322,스탠드표지판,b090055,아크릴조명간판,바다소품,토리책상세트,짱구무드등,유광펄시트지,쇼파수선스티커,방화문교체,제전가방,흰색전기테이프,밀워키pvc,울타리시트지
323,스틸배너거치대,ceo명판,숫자아크릴,마크라메인형,퍼시스유아책상,레일전구,현대엘앤씨인테리어필름,수성연질폼,원목상판,화물용품,3m양면,밀워키스트리퍼,각종창문격자
324,수박배너,led아크릴설명판,오픈클로즈사인,미니불가사리,하우디가구아가교구장,뫼비우스조명,3m시트,포리코트,피스다보,산업용귀마개,갑바테이프,밀워키전산봉,모루시트지
325,승진현수막,mp12-19,커피간판,조개소품,학교의자,주방레일등,rs56,가구찍힘,현관자석스토퍼,화물차덮개,물도깨비방수테이프,밸류동파이프커터기,베란다선팅지
326,오픈예정현수막,no표시판,간판견적,까사알렉시스,한샘모모로미술,일자조명,sl610,마루찍힘보수제,소파밴드,골고무판,테이프프라이머,보쉬멀티커터,차광필름
327,현수막주문,open스티커,빈티지간판,벽걸이천,한샘모모로미술교구장1500,토끼조명,다크그린시트지,벽구멍보수,망입유리,수직망,3m3939,볼트컷터기24in,컬러투명시트지
328,모던입간판,pvc번호표,아티스디자인,유리조각,호마이카책장,컬러조명,현대보닥s115,소파패치,크레홈,화물차탄력밴드,박스테이프중포장,블랙다이아동컷터기,햇빛가리개시트지
329,워크샵현수막,r아서p해라,재료소진,딸기모형,1단교구장트임형,은하수조명,화이트우드시트지,타일혁명,도어고정,복층폴리카보네이트,도깨비테이프,사라기,skc윈도우필름
330,커피숍배너,간이명패,측면간판,체리모형,2*2교구장,부엌조명,가구리폼시트지,가죽쇼파스티커,스톱퍼,개구부덮개,러버테이프,스마토sm105,거실창문시트지
331,피부샵배너,간판의탄생,led글자,크리스탈문진,2단책장,미스터마리아,걸레받이,마폴코리아,일자스토퍼,미니깔깔이,3mvhb4910,신용타일컷팅기,맥주시트지
332,뉴마커스,감정평가사명패,수목장팻말,홀로그램썬캐쳐,3단막힘교구장,샤오미이라이트,단색필름지,바닥보수키트,문발굽,추락방지대,vhb4910,알루미늄볼트커터,암막화이트시트지
333,애견미용가격표,강아지가짖어요,골드스카시,석영,h38-1,주문제작무드등,시트지블랙,슈퍼크랙실,나뭇잎도어스토퍼,포터그물망,공업용테이프,알루미늄파이프커터기,인테리어시트지
334,파티현수막,강아지나무명패,대표이사실,빅이슈잡지,거실교구장,인테리어전구,아파트현관문,풀젠틴,선반고정핀,라쳇벨트,모자사이즈조절테이프,와이어컷터기,점착시트지
335,냉면현수막,개업명패선물,도로명주소표지판,골드인테리어소품,교구서랍장,벽걸이무드등,애니시트,가죽쇼파테이프,거실폴딩도어,슬로프,접착벨크로,유압파이프커터,창문암막시트
336,미니현수막제작,경고그림,벨누르지마세요,도자기십자가,교구장세트,led줄전구,옷장필름,다이소우레탄폼,도어자석,윙바디부품,접착식벨크로,이시이타일커터,칼라유리시트지
337,골프현수막,경고표지,플래그간판,썬캐쳐키트,교연교구8인,공중에뜨는달무드등,코인텍시트지,마페이케라칼라,ㄷ형강,휀스철망,신흥테이프,충전만능커터,패턴시트지
338,시트지실사출력,경로당간판,호수표시,문장식,나무와아이,아이방무드등,투명시트지1롤,벽메꾸미세트,도어스톱,충격흡수패드,전기절연테이프,컷터칼,해바라기유리문시트지
339,큐방현수막,경로당명패,화장실도어사인,감성인테리어소품,뉴꼼므5단교구장,아크릴조명diy,한양시트지,석고텍스,반달스토퍼,휠체어문턱,초강력접착테이프,크니픽스볼트커터,uv시트지
340,미숫가루배너,경산나무명패제작,여자화장실,사슴머리,둥근책상,거실간접조명,현대보닥필름,씽크대보수,ㄱ브라켓,벨트미끄럼방지제,크라프트박스테이프,튜브컷팅기,고방시트지
341,속눈썹연장배너,고급메탈명패,담배꽁초버리지마세요,물고기모빌,리바트낮은교구장,비비아플라밍고,화이트펄시트지,오공메꾸미,고양이도어스토퍼,불티방지포,3m폼테이프,파이프컷터엑셀가위,유리컬러시트지
342,정년퇴임현수막,공공화장실안내,목재간판,마크라메대형,리코모듈가구,시크릿빔,escj1,우드마커,레일와이어,아연철망,단면실리콘테이프,파트너컷팅기,창문자외선필름
343,종이거치대,공군기념품,현관호수판,짱구아크릴,모듈가구교구장,건전지전구,lges86,틈새메우기,액자걸이레일,창문가드,망테이프,페이스커터,투명시트지
344,거울입간판,공로명패,아크릴스카시간판,생일선물,미르가구3단교구장,바조명,검정시트지,벽걸이접착제,스텐난간대,청각반,블랙박스고정테이프,플라스틱커팅,햇빛시트지
345,대형입간판,과장승진선물,외출중팻말,손석고,미술교구함,수입식탁등,고광택펄시트지,벽구멍보수패치,벽방음,호로,크림하우스픽스테이프,허스크바나파트너,3m창문필름
346,바다배경현수막,교수님명패선물,금연포스터,풍선강아지,삼성교구장,조명커버,메탈시트지,실리콘조색,자석말굽,이동식경사로,테이프인쇄,호스커터기,거울필름지
347,선거피켓,교장명패크리스탈,아크릴명판제작,포트메리온오일버너,아기침대바퀴,led터치등,시트지카키,점섞슬,폴딩도어부속,흡연부스가격,asf-110fr,30도커터칼,무점착암막시트
348,크로플포스터,군인전역명패,아크릴숫자판,수박모형,아이책상,이케아라탄등,싱크대문짝시트지,데코덴투명,하부가이드,컬러강판,겔양면테이프,403-1104,베란다창문필름
349,웰컴보드,금도금명패,계단표찰,패브릭세계지도,어린이집사물함8,집게등,욕실방수시트지,타일금보수,diy가구,슬러지보관함,메쉬테이프,kxp-230,유리디자인시트지
350,a3스탠드,금연석명패,엘리베이터안내판,라탄장식,엘피스3단,led선,유광화이트시트지,팀버메이트우드필러,미닫이문교체,미끄럼방지제,몬스터화이트쉴드,l-500grp,유리창반투명시트지
351,결혼현수막,금연시설,openclosed,빈티지열쇠,우드700교구장,톰딕슨조명,인테리어필름색상,b7000본드,가스실린더,철판패킹,박스포장테이프,tcb-107슈퍼,은반사필름
352,대형실사출력,나무명패옆면,금연구역표지판,슈가슈가룬하트,좌식테이블키즈,등갓,인테리어필름시공칼,러스크린,슬라이딩도어부품,네파각반,서통테이프,ytc500,투명창문시트지
353,스탠드pop,나무자개명패,미니돌출간판,악세사리촬영소품,초등1책상,붙이는무드등,차콜시트지,륨본드,의자스펀지,실리콘시트,3m얇은양면테이프,다이소파이프커터기,확산시트
354,퇴임식현수막,네일샵간판디자인,천장표찰,포르나세티접시,치료용벤치,갤럭시로즈,풍선시트지,가죽쇼파패치,가구쇼바,주차차단기가격,강력한양면테이프,단열재열선,거실창필름
355,a3거치대,다이빙금지표지판,현관번호,광석,토리초등책상,경수진인테리어,현대l&cs115,가죽접착,거실폴딩도어가격,플라스틱판넬,고릴라방수테이프,동관컷팅,무점착자외선차단필름
356,a3입간판,다이소파티션네임택,신발을벗고들어오세요,인테리어모형책,티비다이책장,라탄전등,sd902,강화마루시트지,맞춤유리,야광밴드,고온테이프,동캇타,사생활보호필름시공
357,수박주스배너,대리석대문문패,아크릴현판제작,자개모빌키트,파랑새원목교구장,셀프간접조명,걸레받이몰딩,물유리,유리고정,진동방지,의료용양면테이프,디월트컷쏘,썬팅퀵
358,외부메뉴판,대신명패,안내표지판제작,스타일지음,프라이드리빙매직교구장,무선램프,눈금시트지,우드테이프,퀵스토퍼,빗물받이,3m투명테이프,렉스동파이프커터n30,열차단필름
359,물통입간판,대출반납일,어린이집반패,여자아이방꾸미기,프뢰벨은물교구장,버섯램프,물백묵시트지,접착제/보수용품,abs도어가격,산업안전벨트,아크릴폼테이프,로덴베르거강관커터,유리문썬팅지
360,뷰티샵가격표,대표골드명판,외부간판,나무오브제,피노키오카리스교구장,터치무드등,미러보드필름,정배솔,바닥도어스토퍼,안전난간,인포벨홈쇼핑,로덴베르거동관커터,유리불투명
361,생맥주배너,대표님명패,원목현판,방문장식,한샘교구장600,마이멜로디무드등,시트지그린,가죽쇼파시트지,셀프방문교체,pvc타포린,신일박스테이프,로덴베르거컷팅기,유리썬팅필름
362,생일축하배너,대표명패디자인,쓰레기무단투기금지,유리모빌,한성교구,필립스휴그라디언트,씽크대필름,만능풀,가구부품,미니차단봉,무광면테이프,로덴베르거플라스틱파이프커터,전통시트지
363,소형현수막,대표명패제작사장부장크리스탈명패ud4010,입체숫자,모세바구니,1000복합교구장,오엘라led,알루미늄시트,못자국메꾸미,방음자재,창문안전망,욕실양면테이프,리지드118,점착창문시트지
364,속눈썹가격표,대표명패필요성,재실,등불,1단원목교구장,별자리조명,유광블랙시트지,쇼파보수스티커,유리상판,고무칩,전도성테이프,밀워키동관커터기,다이크로익
365,레트로현수막,대표미니명패,방문문패,고양이썬캐쳐,1인용책상,렉슨미나m,유광실버시트지,벽메꿈이,무지주선반브라켓,방화포,취급주의박스테이프,밀워키전산볼트컷터기,무점착유리창문시트지
366,패트지,"대표이사명패,정왕동",뚝딱인테리어,스누피패브릭포스터,800장난감진열,레일등인테리어,유광흰색시트지,석고보드수리,우와도어,엘리베이터항균필름,태영테이프,베스토타일커터,반투명유리시트지
367,포토월제작,대표이사명패대,사진촬영금지,나무창문,cpu홀더,북유럽조명,조명용시트지,스타본드950,문인테리어,실내흡연부스,강력찍찍이,수퍼동파이프커터,외부차단필름
368,피부관리실베너,대표이사명패디자인,호실번호,슈가슈가룬에클,가꿈책상,엘사조명,칼라시트,강마루보수키트,접이식선반받침대,실외기고무,모자사이즈조절,슈퍼사라기,자외선선팅지
369,대형현수막거치대,대표이사사무실입간판,화살표,열기구,고무나무3단교구장,부착식조명,핑크인테리어필름,강화마루흠집,자동문만들기,철기방,박스테이프50개,스마토sm107,창문차광
370,애드몬스터즈,대표이사아크릴,화장실픽토그램,온고,고무나무사물함,비행기조명,현관문리모델링,고려풀500g,방문시공,현장안전벨트,비닐하우스보수테이프,스마토sm312,글라스시트
371,약국배너,대표이사아크릴명패제작,led문패,카페포토존,공부상,감성무드등,현대l&c인테리어필름,금간변기,강화도어스토퍼,타이거로프,가스레인지테이프,아크릴절단기,꽃시트지
372,에이드배너,대표이사책상,메뉴간판,선캐처,교구장120,리비트,ldl90df,다이소못자국스티커,수맥차단,베란다안전가드,덕성테이프,열선컷터기,도트그라데이션
373,은퇴현수막,도어사인문고리,식당브레이크타임,마크라메리스,교구장se0,아모램프밸류2,문시트지,드라이월패치,유압자석스토퍼,고무방진패드,박스테이프소량제작,전산봉커터기,미용실유리시트지
374,칠순현수막제작,도축증명서,영업중led간판,뱃지플래그,교구장몬테소리,스팟조명,붙이는자석시트지,마루수리키트,현대홈도어,채양,보호랩,지관컷팅기,반투명시트
375,카페배너제작,돔사인,유리창간판,창문패브릭포스터,교구책상다리,네온무드등,시트지책상,못구멍막기,강화유리상판,loto,외벽방수테이프,초음파커터,방범필름
376,현수막칠순,드리움사무실명패,층별안내도,풍경,국민서관교구장,코보파티라이트,예림크림화이트,벽수리,럭킹,고무바닥,크래프트테이프,콤팩트볼트커터,빛차단시트지
377,메뉴판,뚝딱인테리어,광고물부착금지,꼬떼따블,그린웨이브책상,가랜드조명,외부용시트,삼광도배,문자석,원형고무캡,3m300lse,파이프자르기,아이방창문시트지
378,세일문구,라벨홀더,마이캘리,풍경패브릭,꼬메모이북웨건,행성무드등,지붕방수시트지,오공마루시트,천장인테리어,중앙분리대,강력벨크로,파이프커터기날,오로라시트
379,스탠드현수막,럭셔리네추렬단풍나무금도금명패,미니led간판,고래패브릭,뉴꼼므교구장,네온사인제작,천정몰딩시트지,가죽리폼스티커,아교도시,토목용부직포,만능방수테이프,파이프컷팅기tcb105,유리윈도틴팅
380,입간판배너,레고명패,반패,영문책,로넌2단,오아무드등,현대보닥시트지,벽균열,인테리어파이프,화물벨트,박스테이프인쇄,한신타일커터,유리창열차단필름
381,칠순플래카드,레이저각인명패,브레이크타임표지판,소품팩토리,룸앤홈거실장,미드센추리모던조명,화장실시트지,벽메꿈이세트,방문도어,부착바,보강테이프,핸드절단기,창문프라이버시
382,퇴직축하,로마크명패,포장마차메뉴판,공중전화박스,르시아교구장,led주방조명,3mmc103,우디코크워시오크,파이프인테리어,차단기리모컨,봉인테이프,5.5054,흰색시트지
383,미용실pop,마스크착용안내문(코로나19),회사명판제작,꽃곰돌이,리바트꼼므교구장,led바다조명,es132,인포벨홈쇼핑,흡음재종류,단차해소,인덕션방수테이프,7.0051,가정어린이집썬팅
384,아이스아메리카노배너,마트가격표,후렉스,불독인테리어,리바트뉴꼼므낮은교구장,미드센추리모던,lg조명용시트지,장판융착제,우마브라켓,렉산가격,전기용고무테이프,cmp-1,밖에서안보이는유리필름
385,포맥스출력,매니저명패,금속스카시,빈티지트렁크,모모로교구장600,식탁전등,rs57,타일메지칼,원터치도어스토퍼,보양지,초강력벨크로,c찬넬,베란다사생활보호
386,회전깃대,멀티넘버링n24,돌출형간판,석고트레이,몬테소리2단교구장,전구조명,나무시트지,타일복원,책상상판,산업안전용품,화이트테이프,lk250,스테인드글라스창문
387,미용실메뉴판,멀티넘버링n6,부재중,신선혜,미술장,무선간접등,무광흰색시트지,금간세면대,도어자석스토퍼,안전벨트상체식,가나잇라인,rex동커터,유리보호필름
388,베너물통,멀티넘버링번호돌림판n12,손대지마세요,펠트모빌,미술학원수납,네온싸인,보닥인테리어필름,도자기수리,방음인테리어,텅스텐논슬립,고무발포테이프,rex동파이프커터날,조명필름
389,상조기,메달제작,아크릴led간판,철제새장,베이비몬테소리교구장,루미르조명,샌드베이지시트지,마루보수시트,매트미끄럼방지패드,달비계,보안테이프,rex커터기,창문uv차단
390,금속입간판,메세지명패,철재간판,돌고래썬캐쳐,북웨건,레이저조명,시트지a4,매직앤타일,꿈비패밀리침대,차단기바,섬유테이프,sm-107,프라이버시창문
391,까페배너,메탈명패꽂이,철제돌출간판,야명주,삼성교구의자,아이방전등,시트지무광,쇼파가죽시트,미끄럼방지도트,부직포,크림하우스테이프,ts-rpc-42,3m다이크로익
392,메뉴판글씨,명패금색대표,흡연구역,우드알파벳,선반교구장,타이머무드등,영림도어시트지,시금액,화장실유리문,아트휀스,파이프테이프,각도절단기,거실필름
393,배너스프링,명패다이소,가게팻말,대리석소품,아기방교구장,테라스조명,인테리어필름무광화이트,찢어진소파,샷시보수용레일,차호로,3m372ks,강철파이프커터,무점착시트
394,부동산입간판,명패도금,당기세요미세요,크리스탈모빌,아이책장,usb무드등,인테리어필름사이즈,틈새방수,레일걸이,엘리베이터향균필름,끈끈이없는테이프,대구경파이프커터,사무실유리썬팅
395,아이러브현수막,명패맞춤제작,방호수,하와이소품,어린이집교구의자,미드센추리조명,인테리어필름프라이머,강마루접착제,어닝핸들,전선덮개,몬스터겔테이프,동파이프미니커터기,아크릴유리
396,안내스탠드,명패소,에폭시채널,아이방,어린이집접이식책상,각인무드등,인테리어필름핑크,벽지보수스티커,여닫이창문,폴리카보네이트가격,태영전기테이프,동파이프커터ct-105,유리블럭
397,오픈현수막제작,명패스티커,옆간판,마크라메모빌,어린이책상의자세트,식탁펜던트,장롱시트지,쇼파보수테이프,욕실도어,주차차단바,다이소실리콘테이프,드라이월커터,유리햇빛차단
398,피부샵가격표,명패알루미늄30×6,주차금지팻말,스테인드글라스모빌,에디슨교구장,화장대전구,투명무광시트지,싱크대보수,아파트방문,크레인발판,덕성박스테이프,디월트dcs355d2,창문유리시트지
399,led베너,명패자석,현관문숫자,제프쿤스,와이드교구장,누마수유등,투명시트지접착,찢어진쇼파,abs문틀,주물대문가격,일상공감붙여보게,디월트만능컷터,무점착썬팅지
400,등신대거치대,명패제작대표이사,아크릴문자,행잉패브릭,원목장난감장,커튼박스조명,투명접착아스테이지,타일석고,공업용쇼바,염소망,저소음테이프,디월트전산볼트컷팅기,무점착안개
401,메뉴입간판,명패핑크색,방이름표,인테리어오브제,원목책장,발목등,필름헤라,타일홈,구멍마개,충격흡수,블랙박스3m,렉스동관커터,반사거울
402,미니플랜카드,목판명패,캠핑명패,곰인형꽃,유아소품,오엘라센서바,화이트보드코팅지,tenax,문만들기,실내계단난간,스펀지양면테이프,로덴베르거70045,시트메카
403,부동산배너,문고리알림판,골드문패,모든요일,유치원나무의자,전구갓,회색시트지,가구테이프,알루미늄철판,정전기방지매트,테이프주문제작,로덴베르거동파이프커트,유리암막
404,스마트배너,문고리푯말,사용중표지판,음식모형,유치원책꽂이,화장대led,es76,깨진변기보수,예림도어ym-8001,실내난간,수중테이프,마블커터,은반사썬팅지
405,정육점pop,문명패,숫자레터링,인조얼음,은물장,부착조명,ps041,깨진세면대,기둥,주영산업자동바,일상공감초강력붙여보게,몬토리트타일,창문uv필름
406,현수막제작비용,문손잡이도어사인,미끄럼주의스티커,다거러,이동식책꽂이,아고조명,s176필름,마루보수본드,알루미늄점검구,로하스각반,황색테이프,밀워키가위,창문안개시트지
407,광고배너,문호수붙이는스티커,부서표지판,부산여행지도,이케아아기수납장,led등,극동공업함석판,원목보수,중고문짝,미니자동바,3m9448a,밀워키전산볼트카타기최저가격,투명썬팅필름
408,마스크포스터,미니명패품절,화장실마크,우드인테리어소품,장난감진열,루나스퀘어,롤거울,줄눈보수펜,현관노루발,스텐자바라대문,경고테이프,밀워키전산커터,매직글라스
409,원두막현수막,방향표지판,간판까치발,깃털장식,전면책꽂이,엔틱조명,물백묵칠판시트지,다이소도배풀,벽레일,에어로겔,깔끔대장신박하게방수테이프,블랙다이아몬드동커터기,물로붙이는썬팅지
410,임영웅미니등신대,방화문호실판,공부방간판,마카롱진열,책꽂이,마인크래프트횃불,살색시트지,모학연성메꿈제,선반받침대,추락방지,다이소테프론테이프,블랙다이아몬드사라기,불투명창문시트지
411,입간판철제,번호표,물은셀프,모빌,철제교구장,보라색조명,신발장필름지,복구페인트,슬라이드도어,등산로매트,몬스터클리어,블랙다이아몬드커터11112,샷시유리필름
412,팥빙수현수막,법조인호두나무명패,아기문패,페이퍼웨이트,체육관의자,튤립무드등,싱크대인테리어필름,콘크리트균열보수제,이지폴딩,고무과속방지턱,실테이프,수동강관파이프커터,성당유리
413,풍선간판가격,벤처기업인증명패,led간판가격,북유럽모빌,초등학교책상,카카오프렌즈무드등,양면시트지,타일갈라짐,철계단,클린룸가방,의류용벨크로,수동서스절단기,시트지그라데이션
414,미용배너,벨금지자석,간판걸이,골드소품,카제랩,붙이는등,엘지시트지카키그레이,frp자재,픽쳐레일,k2전체식안전벨트,vhb양면테이프,수동파이프절단기,실버반사필름
415,스탠딩간판,벨라우모,나무안내판,나비선캐쳐,튜즐,자석조명,옐로우시트지,mt200v,슬라이딩도어롤러,실외기진동,양면테이프종류,수동파이프커터,욕실필름
416,응원현수막,벽면부착명패,나무표지판,달자개모빌,피노키오카리스3단,클럽조명,인테리어필름샘플북,규산소다,천장,차량검지기,택배종이테이프,수축튜브절단기,유리문시트지제작
417,철제거치대,변호사명패자개,옷가게간판,벽난로선반,하양교구장,무토조명,청록색시트지,명장대리석,천장재,장애인핸드레일,특수테이프,슈퍼동커터,유리창반사필름
418,현수막환갑,병원장명패,원룸간판,키트레이,하우디5단교구장,샤오미캔들라이트,코타화이트시트지,세라믹줄눈,원터치말굽,문턱슬로프,판양면테이프,시그마타일커터기,자외선차단투명필름
419,반영구pop,부서안내판,원형포인트간판,구름모빌,한샘모모로기능성교구장,강아지무드등,토리시트,시카본드,대문스토퍼,폴리카보네이트재단,하우스테이프,유리절단기,창문거울시트지
420,배너부속,부서장명패,음식물반입금지,로마기둥,현대교구책상다리,글라스조명,es92,타일메꾸기,매트리스미끄럼방지,안전벨트죔줄,황색박스테이프,유압철근컷터기최저가,카페시트지
421,생일플래카드,부착용꽂이판,cctv경고문,크리스탈구슬,화이트교구장,벽난로무드등,hs204,프로클리마,문고정자석,자동차간이리프트,3m4910,자동라쳇파이프커터,투명자외선차단필름
422,여름캠프현수막,분리수거명패,농장간판,패브릭풍선,화이트보드교구장,무브레일,smt시트지,도배삼중지,미닫이도어,계단경사로,벽지양면테이프,전동컷터기,uv썬팅시트
423,음식점배너,브랜드로고간판,문살짝,빈티지인테리어소품,회전식벤치책상위낮은만화책선반아기미니책장책꽂이,불멍조명,tg-80012,도배자,방문문콕방지,돔반사경,청소신방수테이프,전산볼트캇타,uv차단창문
424,전봇대현수막,사무실고급명패,아크릴문구,모형물고기,2단교구장600,usb미러볼,걸레받이시트지,마루복원,유리레일,블랙야크안전벨트,3m8979,철사절단기,강화유리비산방지필름
425,철제베너,사무실책상이름표,이쁜간판,레몬모형,3단1000교구장,싱크대간접조명,단색띠벽지,석고벽보수,흡음타공판,계단미끄럼방지테이프,3m라인테이프,철파이프커터날,베란다보호필름
426,환갑플래카드,사물함이름표꽂이,포맥스실사,지중해그물망,3단교구장h75cm,필립스휴,모눈종이시트지,석고벽수리,베란다폴딩도어가격,차단바,3m양면폼테이프,카터칼,선탠지
427,a자입간판,사장님이름표,포맥스표지판,돌오브제,8단교구장,귀여운무드등,무광인테리어필름,쇼파가죽테이프,벽선반지지대,1톤그물망,그라스테이프,크니펙스튜빅스,윈도우단열필름
428,배경현수막,사장님푯말,화장실돌출표지판,라탄바구니,거제몬테소리교구장,히트조명,방문,쇼파수선테이프,컨테이너자재,고무스티커,로고테이프,킹토니pvc커터,유리사생활보호필름
429,배달의민족현수막,사장패,led전광판,아크릴얼음,교구3단,원목식탁등,샘플북,인조가죽보수,햇님토이실리콘패드,안전그물,비닐하우스테이프,타일자르는기계,창문단열썬팅지
430,스탠딩배너,사파이어블랙명패,사용중팻말,튜브링거401,교구수납,조명브라켓,셀프웨인스코팅,치과용접착제,방문제작,유리문고무,실리콘테이프단면,타일재단기,창문암막썬팅지
431,약국pop,삼각명찰,샤워실표지판,홀마크,교구의자,diy무드등,실리콘시트지,필름보수,산코체어매트,비받이,열선테이프,파이프집게,창문햇빛가리개시트지
432,에어풍선간판가격,삼각명패pc판,스카시글자,원소주기율표,교구장6단,버블조명,실외용시트지,강마루셀프보수,스폰지종류,쇠기둥,오성테이프,파이프커트기w0098날,거실사생활보호필름
433,점포정리현수막,삼각명패마곡,캠핑led문패,우드슬라이스,교구장바퀴,led접이등,싱크대무광시트지,다이소타일보수,방문고정장치,윙카호스,천면테이프,파이프컷팅,검은색시트지
434,케이베너입간판,삼각명패용지,분리수거표지판,페이퍼가든,나무숲교구장,플라워팟vp1,씽크대상판시트지,마루기스,방음재,침대추락방지,3m블랙박스테이프,65미리pvc커터기,샤시썬팅
435,현수막디자인,삼각종이명패만들기,개봉상회,피라미드,나무아이3단,건전지무드등,오렌지시트지,벽지구멍스티커,중심봉,식생매트,백색테이프,ct-105,아키스타필름
436,현수막탱탱이,삼각표찰,나무명판,뉴턴의요람,놀이방교구장,베르판문,접착식템바보드,에어컨메꾸미,호차레일,대광와이어로프,유리양면테이프,frp탱크,아파트유리썬팅
437,환갑잔치현수막,상담실명패,아크릴로고,우드카메라,다리교구장,여자친구100일선물,천정방수,에폭시보수,ㄱ선반,접이식바리게이트,차량양면테이프,pvc컷팅기,아파트필름
438,a형배너,상장투명케이스,주차금지안내판,외국잡지,라운드3단교구장,볼조명,체크시트지,오공마루커버,다이소와이어,홀로철망,무광테이프,rbn22,암막시트지재단
439,여행현수막,샌미포토,호실표찰,타로소품,로넌2단교구장+3단상부장,허먼밀러조명,투명시트지롤,인조대리석메꾸미,자석문고정,동물방지망,이사테이프,tc103b,창문거울필름
440,은퇴문구,선반킹,화장실표지,pespes,리틀라핀듀스아망뜨미니,거실간접등,페인트우드시트지,찢어진가죽쇼파,문설치,안전줄,초강력젤테이프,ton-230,홀로그램
441,미니등신대제작,속눈썹간판,휴무간판,페이크윈도우,매직3단교구장,무선led조명,현관문리폼,피스구멍스티커,상가유리문,우레탄볼라드,클리어겔,tubecutter,거실열차단필름
442,브라이덜샤워현수막,수영금지표지판,101호,빈티지새장,모던룸원목교구장,스테인드글라스,현대싱크대시트지,b5본드,유리폴딩도어,제전비닐,호일테이프,wx681,그라데이션유리시트지
443,아크릴배너,숫자데칼,led현판,전화부스,모둠용책상,주방보조등,a4투명시트지,가죽보수제,화장실슬라이딩도어,안전벨트전체식,3m벨크로테이프,xl파이프커터,베란다유리필름
444,카페메뉴배너,숫자스티커,어린이집문패,패션잡지,몬테소리3단교구장,까르텔조명,ps022,거실바닥보수,epp,원목핸드레일,리폼방수테이프,ytc-600,창문유리필름
445,가격표인쇄,스탠드아크릴판,입체문자,아기방벽장식,몬테소리백색교구장,무아스무드등,간판용시트지,다용도메꿈이,마이텍스,장애인점자블럭,물샘방지테이프,z-v63,그라데이션창문시트지
446,감성상점,스텐삼각명패,잠시외출합니다,인테리어접시,몬테소리증정용교구장,스포트라이트,계산동광고시트지,들뜬타일보수,슬라이딩도어하부가이드,안전모햇빛가리개,보호비닐,강관컷터,비산방지
447,경축현수막,신주명패,출장중,인형밀짚모자,뮤리엘교구장1000,주방간접조명,무광매트시트지,목재빠데,이케아린몬상판,장애인안전손잡이,서경테이프,강철강관하우스파이프커터,사생활보호썬팅
448,백릿,실리콘신분증,휴무안내판,반구문진,미르가구책꽂이,예쁜조명,베이지색필름,벽틈새,바닥자석스토퍼,화물그물망,신박한방수테이프,냉동공구,얇은시트지
449,엑스레이티드,실버색명패,경고문,벽인테리어소품,미술학원가구,벙커침대조명,스티커칠판,엠바,방문자석홀더,3mh10a,지붕방수테이프,다이소파이프커터,점착식스트라이프창문시트지
450,원아모집현수막,심사위원판,도로명주소간판,장식트레이,벨라로사교구장,도자기식탁등,시트지2m,우드크레용,줄비오,계단마감재,tesa테이프,닥트커터,차단필름
451,카페에어간판,아빠생일명패,부서표찰,진심디자인,사물함,꽃조명,시트지sd920,인조가죽수선,pvc폴딩도어,계단안전바,내열실리콘테이프,대형파이프커터,투명칼라시트지
452,a4스탠드,아크릴개인명패,티타늄간판,포도모형,사물함18인용,부착형조명,싱크대유광시트지,천연가죽스티커,도어키퍼,고무밧줄,띠테이프,동관커팅기,dmck
453,끌림배너,아크릴메탈명패,open표지판,감성모빌,시내그린,장식장led,아스테이지접착,초강력고려풀,슬라이딩롤러,화물고정,아세테이트테이프,동파이프절단,가정용썬팅지가격
454,나무배너,아크릴삼각명패,간판스카시,인테리어용책,아기장난감정리,매립형led,야광시트,하드필마루,유리방문,멧돼지철망,틈새방수테이프,디월트만능컷터기,다이소썬팅필름
455,배너거치대부품,아크릴쇼케이스팝업,갈매기표지판,귀멸의칼날태피스트리,아동좌식테이블,화장대등,엘지필름,강마루수리,충전재,발끝막이판,동박테이프,디월트멀티커터355,무점착열차단필름
456,배너프레임,아크릴회의명패,문을닫아주세요,모듈휴지케이스,양지가구교구장라운드,led글씨,영림프라임인테리어필름,나무마루보수,칸스톤상판,화물차안전망,무로멀티콘,디월트멀티커터dcs355,무점착윈도우시트지
457,백월,아트사인1534,옥외간판,대형태피스트리,양지가구몬테소리교구장,조지넬슨,외부용인테리어필름,마루바닥보수키트,화이트상판,고탄력바,열전도양면테이프,디월트충전만능컷트,무점착필름
458,실사출력시트지,아트사인계단형진열대,고정문스티커,로에베책,어린이집가방장,이사선물,인테리어칠판,마루스크래치,쇼파부직포,클린가방,욕조테이프,라쳇동파이프,사생활보호창문필름
459,합격현수막,아트시스스퀘어골드,사용중표시등,가짜불,어린이집교구장3단바퀴,캠핑네온사인,천장몰딩,방수테이프,앵글자재,협착방지봉,3m기밀테이프,레이저타일절단기,사생활보호필름창문
460,네일아트가격표,안전보건표지,쉿!아기가자고있어요,인테리어그물,어린이집좌식,astep2065,칼라보드시트지,베르누이흡출기,화장실미닫이문,화물고정벨트,방수줄눈테이프,렉스rb22,아파트사생활보호필름
461,뷰티베너,알루미늄회사명판,스테인레스간판,인테리어노트,에디슨1000복합교구장,led광고판,칼라접착시트지,싱크대상판보수,갤러리도어,고무방지턱,방수테잎,렉스동관커터기,열반사시트지
462,산수연현수막,알미늄삼각명패pc판,쓰레기를버리지마세요,테이블모빌,열린책상,마인크래프트횃불무드등,투명시트지45m,썬라이트지붕,자동말발굽,더존논슬립,사포테이프,로덴베르거52000,열차단창문시트지
463,산악회현수막,애견미용간판,예쁜나무간판,귀여운인테리어소품,영아반달책상,스마일무드등,투명접착시트,아크릴퍼티,케인도어,염소투입기,석고테이프,로덴베르거7.0045,유리인테리어
464,수학학원현수막,약국돌출간판,천장간판,만다라패브릭포스터,영아용책상,싸이키,형광시트,장판보수제,가구고임목,접이식바리케이트,쓰리엠양면테이프,로덴베르거동커터기,유리창무점착시트지
465,외부배너,얇은회사명판제작,호수번호,부엉이드림캐쳐,우드70교구장,이케아무드등,ps043,찢어진가죽,매트리스밀림방지,pvc판넬,자국안남는양면테이프,로덴베르거파이프커터날,자외선차단필름3m
466,카페배너디자인,어린이보호400*150,계단간판,스누피패브릭,원목2단교구장,책조명,ps044,튜브보수패치,힐림,골판,테프론필름,링크형파이프커터,창문해바라기시트지
467,플라잉배너,어린이보호차량표지판,스텐명판,썬캐쳐크리스탈,원목교구장5단,고정형led등기구,ps080,화장실타일깨짐보수,상가폴딩도어,계단안전손잡이,3m5068,마끼다dtm52,창필름
468,현수막각목,예쁜골드명패,스텐현판제작,후긴앤무닌,원목유치원책상,베르판펀,s198,cx1,아트보드흡음재,스텐핸드레일,3m초강력,박판타일커터기,타공시트지
469,pop배너,오목교명패제작,안내사인,가을소품,유아교구장1000,이케아솔빈덴,미색시트지,가구메꿈제,화장실문보호대,오탁방지막,누수방수테이프,반지늘림기,해바라기썬팅지
470,까페개업선물,오텀트리,우디브로,라탄자개모빌,유아미술책상,우드등,붙이는빔스크린,나사구멍메꾸기,걸쇠,오토스냉각기,방수용테이프,베스토타일컷터b-tc600l,해바라기창문시트지
471,미니x배너,오픈시간,카페안내판,모형벽난로,유아좌식책상반달,갓조명,블랙인테리어필름,마루칼라스틱,계란판흡음재,쪽문,흰색절연테이프,볼트커터,3mes45
472,수박밭그림,온아데이,cctv문구,인테리어서핑보드,유치원사물함,라이트패널,싱크대상부장시트지,보수용페인트,문받침,출입문,다이소벨크로,블랙다이아몬드동관커터기,무점착투명시트지
473,아이스크림배너,우드명패사무실,간판비용,하트보석,유치원융판,바이브폴,싱크대하부장시트지,석고보수,충진재,불티비산방지포,마스킹테이프비닐,블랙다이아몬드동커터11195,물방울시트지
474,안내판거치대,우편함호수명패,단조간판,고래패브릭포스터,이케아키즈,만들기키트,애쉬그레이시트지,얀크로스,침대지지대,세라믹테이프,방수마스킹테이프,블랙다이아몬드컷팅,시트지창문
475,철제pop,유리명패,사인통,원기둥,이프샵,스마트led,영림ps041,오공방수테이프,노출슬라이딩도어,현관논슬립,비닐마스킹테이프,소형엑셀카터,전통문양시트지
476,현수막큐방,유아용잉크패드,스카시제작,이니셜우드,이홈데코에디슨,자석led,옐로우그린인테리어필름,테라코화이바,침대미끄럼방지,화물차바,양면테이프5mm,쇠파이프자르기,한옥문양시트지
477,배민배너,은행명패,예약석팻말,불독차키트레이,자작교구장,레트로조명,욕실문시트지,템바보드,가벽문,미끄럼방지시트,열수축테이프,슈퍼동파이프캇타tc-205,3m창문썬팅지
478,pop손글씨,음각크리스탈,우편함호수,빨강머리앤소품,자작나무se0e0,우메이아스테리아,우딘시트지,필름지보수,강화도어고무,상체식벨트,욕조수리,슈퍼파이프커터tc-103b,교회시트지
479,교회현수막,음악학원로고,직원외출입금지,무지개소품,장난감서랍장,경첩등,중백색시트지,강화마루수선,쇼파스폰지,소방포,인덕션테두리,스마토24,무점착망입시트지
480,미용가격표,음용불가표시,현관간판,보물상자,조립식유치원책상,도라에몽무드등,칼라시트지1m45m,건축용주사기,점검구600,실내경사로,한일카바링,스마토pvc커터파이프커터p676,무점착자외선차단
481,병원놀이현수막,이글트로피,회의중팻말,북유럽인테리어모빌,좌식테이블어린이,일자식탁등,하이그로시인테리어필름,닥터마루니,찬넬브라켓,울타리그물망,흡입테이프,스테인레스파이프커터기,외부시선차단시트지
482,속눈썹펌배너,일식집메뉴판,호수문패,영어신문,책상가림막,게이밍조명,현대s179,디커플링매트,공기창,원형고무,3m아크릴폼양면테이프,스테인리스파이프커터,유리창암막시트지
483,요리현수막,일요일쉽니다명패,금색간판,나무글자,초등용책상,레일플러그,es127,바닥흠집,단열폴딩도어,원형맨홀,3m커버링,스텐파이프컷팅기,유리창장식
484,철입간판,입체대표명패,벽걸이메뉴판,매쉬보드,초등의자h360,스모그머신,es49,소파수선스티커,문닫힘방지자석,pe휀스,강력붙여보게,스프링파이프커터,유리컬러필름
485,커피입간판,자개명패파는곳,사각포인트간판,모형얼음,칠레송,구름등,lg시트지화이트펄,인포벨리폼박사,유리주문제작,미끄럼방지고무판,고려테이프,에어컨배관절단기,창문스티커
486,광고현수막,자개명패협찬,텐트문패,쏘잉싸롱,키즈대기원목벤치,독서조명,lg캘,자동차보수페인트,천정마감재,철망펜스,로고테이프제작,엑셀커터기,창문암막스티커
487,연예인굿즈,자개이름판,현관문호실판,원형자개,토리원목책상세트,석양무드등,pm003,지붕재,히든슬라이딩도어,화물차흙받이,주차라인테이프,원더커터,창문유리
488,매장입간판,자격증케이스,호실스티커,위크앤드,토리원목초등,구비조명,s159,창틀보수,계란판스펀지,화물차고리,차량테이프,전동파이프커터,창문자외선썬팅지
489,배너스탠드,자석라벨표시판,회사명패,디자인모빌,팀버제이교구장,스마트센서등,s217,타일들뜸보수,원형테이블상판,ta-023k,테이프80m,전산커터,쿨네트
490,선거벽보,장애인주차구역위반,나무표찰,라탄,퍼시스좌식테이블,싱크대등,sg1129,타일메꿈,침대매트리스밀림방지,버튼커버,화장실곰팡이방지,젠텐6050,화장실거울시트지
491,세일배너,재실표시장치,신발벗고들어오세요,라탄썬캐쳐,피부미용가방,led알전구,가죽무늬시트지,탄성코트보수,경신창호산업,보온덮게,3mm양면테이프,주철관절단,화장실창문시트지
492,개업현수막,점자,오픈전광판,베어스마켓,하우디2단교구장,레이스웨이레일,그린칠판시트지,가구못자국스티커,바닥레일,작업안전벨트,글라스테이프,주철관파이프커터,uv차단시트
493,결혼기념일현수막,제주도명패,주소문패,빈티지바비,한국몬테소리책장,빈티지펜던트조명,다크브라운시트지,가구크레용,아파트문,차량버팀목,넓은양면테이프,철밴드거치대,거실창썬팅지
494,고깃집배너,조합장명패,창문led간판,영원한7일의도시,한샘장난감정리함,스트립조명,무광검정시트지,가죽쇼파수리패치,각도조절수대,포터갑바,랩핑테이프,타스코컷터기,망입유리시트
495,미러입간판,종이꽂이함,회사문패,오브제장식,한솔미술교구장,침대간접조명,문틀시트지,깨진세면대보수,고무스토퍼,마닐라로프,밴드앤픽스,타일카터기,미러선팅지
496,반영구현수막,종이류분리수거,흡연금지,행잉모빌,100*150교구장,무선스탠드조명,시트지1마,쇼파구멍,문틀세트,이동식펜스,부직포양면테이프,타일컷팅기대여,밖에서안보이는썬팅
497,세일포스터,좌우로움직이는pop,갈바돌출간판,달조형물,1인용책상유치원,네온글씨,시트지베이지,집본드,책장받침,고무차량진입판,스텐테이프,파이프리머,반투명필름지
498,외부입간판,주물명패,돌출간판가격,벽장식천,3단책장,콘센트등,엘지하우시스es86,rj부속,미닫이방문,무인주차차단기,전자파차단테이프,파이프커터날4.8*18.7*3,식물시트지
499,유리광고,주차구역용품,cctv안내표지판,에이미루시,50×70수납장,콘센트무드등,연핑크시트지,나무메꿈,시디즈t50좌판,구리항균필름,vhb,파이프커터날스페인,아크릴시트지
500,유리부착현수막,주차금지포맥스,사각간판,이소품,8인사물함,크리스탈램프,영림필름ps035,마루들뜸보수본드,책상고정,미끄럼방지고무패드,나노도깨비겔,파트너공구,유리창필름지
