,생활/건강>>문구/사무용품>>사무용품>>현수막,가구/인테리어>>인테리어소품>>기타장식용품,가구/인테리어>>인테리어소품>>디자인문패,가구/인테리어>>인테리어소품>>조명>>인테리어조명,가구/인테리어>>DIY자재/용품>>시트지>>단색시트지,가구/인테리어>>DIY자재/용품>>접착제/보수용품,가구/인테리어>>DIY자재/용품>>가구부속품>>기타가구부속품,생활/건강>>문구/사무용품>>사무용품>>명패,생활/건강>>공구>>안전용품>>기타안전용품,생활/건강>>공구>>포장용품>>테이프,생활/건강>>공구>>설비공구>>컷터기,가구/인테리어>>DIY자재/용품>>시트지>>유리용시트지
1,입간판,패브릭포스터,아크릴간판,무드등,투명시트지,물도깨비방수테이프,도어스토퍼,명패,야자매트,박스테이프,파이프커터,창문시트지
2,케이배너입간판,드림캐쳐,돌출간판,식탁등,칠판시트지,물도깨비리폼박사,슬라이딩도어,크리스탈명패,그물망,방수테이프,디월트멀티커터,창문암막시트지
3,착한배너입간판,썬캐쳐,led간판,선셋조명,화이트보드시트지,마루바닥보수,폴딩도어,아크릴명패,고무판,3m양면테이프,파이프커터기,창문썬팅지
4,환갑현수막,마크라메,캠핑문패,식탁조명,시트지,코멜리슬라임,방문,나무명패,휀스,실리콘테이프,파이프절단기,유리시트지
5,칠순현수막,자개모빌,문패,조명,무광시트지,줄눈테이프,흡음재,자개명패,폴리카보네이트,초강력양면테이프,동파이프커터,사생활보호필름
6,현수막,촬영소품,현판,레일조명,책상시트지,가죽스티커,방문교체,명패제작,대문,양면테이프,전산볼트커터,자외선차단필름
7,현수막제작,인테리어모빌,화장실표지판,바다무드등,방수시트지,강마루보수,인조대리석상판,대표이사명패,펜스,몬스터클리어겔,로덴베르거,거울시트지
8,배너,벽장식,미니간판,구름조명,아프로시트,장판본드,와이어액자걸이,대표명패,렉산,테프론테이프,강관커터,유리창시트지
9,철제입간판,아기방꾸미기,나무간판,레일등,하이그로시시트지,타일메꾸미,액자레일,미니명패,미끄럼방지테이프,벨크로,멀티커터,유리창문시트지
10,생일현수막,인테리어소품,간판,펜던트조명,인테리어필름,frp보수,미닫이문,책상명패,메쉬휀스,투명박스테이프,동커터,암막시트지
11,카페입간판,대리석트레이,도어사인,수유등,유광시트지,못자국스티커,스펀지,대표이사명판,현관문말발굽,욕실방수테이프,크니펙스볼트커터,무점착창문시트지
12,배너거치대,대형패브릭포스터,호실판,만달라키조명,접착아스테이지,타일줄눈마카,자석도어스토퍼,삼각명패,계단미끄럼방지패드,강력양면테이프,타일컷팅기,불투명유리시트지
13,팔순현수막,인테리어벽장식,영업중간판,인테리어조명,싱크대시트지,마루보수키트,abs도어,메탈명패,실리콘패드,벨크로테이프,동관커터기,무점착시트지
14,pop글씨,모형책,아파트호수판,캠핑전구,접착시트지,타일보수,화장실문교체,사장명패,깔깔이바,절연테이프,pvc파이프커터,창문선팅지
15,아크릴입간판,마크라메월행잉,현관문패,라인조명,단색시트지,강화마루보수,체어매트,원목명패,칼라강판,부직포테이프,타일절단기,시선차단시트지
16,실사출력,유리구슬,아크릴스카시,미러볼,화이트보드시트,b7000,선반브라켓,투명아크릴명패,주차차단기,전기테이프,아레나토리,반투명시트지
17,미니배너,드림캐쳐만들기,고무스카시,네온사인,화이트시트지,욕조보수,예림도어,블랙크리스탈명패,지붕판넬,커버링테이프,동커터기,창문필름
18,베너,헌팅트로피,관계자외출입금지,수면등,자석벽지,월패치,말발굽,고급명패,차량진입판,강력접착테이프,파이프커터날,창문사생활보호
19,에어간판,스테인드글라스,스카시간판,루이스폴센조명,방염필름,줄눈마카,화장실문,교장명패,각반,투명테이프,튜브커터,유리문시트지
20,철제배너,아이방꾸미기,실내간판,라탄조명,함석판,욕실타일보수,자석스토퍼,대표명판,철망울타리,야광테이프,타일컷터기,불투명시트지
21,a형입간판,썬캐쳐만들기,간판제작,썬셋조명,템바보드시트지,금간타일보수,의자매트,명폐,항균필름,찍찍이,동파이프커터기,안개시트지
22,나무입간판,인테리어책,아크릴현판,인테리어소품,방염시트지,튜브보수,액자걸이,골드명패,방진고무,찍찍이테이프,동파이프절단기,창문열차단필름
23,베너거치대,태피스트리,현관문호수,앵두전구,보조시트지,록타이트리뉴,문,디자인명패,안전방범창,덕트테이프,엑셀파이프커터,그라데이션시트지
24,플랜카드제작,아크릴모빌,아이방문패,이케아조명,컬러시트지,장판보수,침대헤드보드,변호사명패,휠체어경사로,종이박스테이프,강관커터기,베란다창문시트지
25,미니현수막,나비썬캐쳐,캠핑입간판,간접조명,블랙시트지,깨진타일보수,점검구,공인중개사명패,논슬립,다용도방수테이프,파이프커팅기,암막필름
26,등신대,마크라메가랜드,영업중,식탁등인테리어,s176,강마루보수제,빈백충전재,ceo명패,고무발,바치리폼박사방수테이프,파이프컷팅기,창문필름지
27,배너제작,선캐쳐,캠핑간판,led간접조명,신발장시트지,피스스티커,스폰지,책상명판,계단미끄럼방지,깔끔대장방수테이프,엑셀커터,창문썬팅
28,지시봉,라탄소품,잠시외출중,파티라이트,월플랜,석고보드보수,욕실문보호대,교감명패,고무패드,덕테이프,만능커터,유리썬팅지
29,카페배너,장미곰돌이,표지판,감성캠핑전구,칠판벽지,벽메꾸미,방음벽,사장님명패,철조망,블랙박스양면테이프,크니펙스코볼트,유리필름
30,배너입간판,오크통,안내판,네온사인주문제작,칼라시트지,대리석보수,문짝,퇴직명패,고임목,깔끔대장,스텐파이프커터,창문햇빛차단
31,메뉴판거치대,무지개마크라메,호수판,오로라무드등,씽크대시트지,마루커버시트,식탁유리,명패만들기,반사경,청테이프,동관커터,거울필름
32,고희연현수막,월행잉,현판제작,프리모리파티라이트,핑크시트지,강화마루보수제,와이어,환갑명패,안전손잡이,라인테이프,로덴베르거파이프커터,유리창썬팅
33,세일현수막,진자운동,아트시스,전등갓,롤시트지,에폭시줄눈,현관말발굽,금속명패,계단손잡이,실리콘양면테이프,dcs355d2,유리썬팅
34,플랜카드,인테리어소품샵,스카시,led조명,하이그로시필름,가죽보수테이프,방문고정,스텐명패,상체식안전벨트,블랙박스테이프,tc-105,베란다시트지
35,아크릴스탠드제작,유리돔,오픈팻말,카르텔조명,낙서벽지,주방실리콘,방문자석스토퍼,탁상명패,향균필름,박스테이프제작,강관파이프커터,암막시트
36,예쁜입간판,전시다이,도로명주소판,바다조명,야광시트지,가죽패치,유리,대표님선물,흡연부스,3mvhb,몬토리트,아쿠아유리
37,배너출력,소품샵,디자인문패,달무드등,현대s176,매꾸미,다보,예쁜명패,경사로,면테이프,전산볼트절단기,스테인드글라스시트지
38,실외배너,스테인드글라스썬캐쳐,팻말,집들이선물,lg인테리어필름,화장실타일보수,액자와이어,종이명패,탄력바,3m테이프,전산볼트커터기,베란다썬팅
39,미용실가격표,키네틱아트,미세요당기세요,화장대조명,붙박이장시트지,테낙스,베이스트랩,세무사명패,보온덮개,고무테이프,pvc커터기,오로라필름
40,환갑플랜카드,곰돌이꽃,화장실표시,캠핑알전구,주방싱크대시트지,욕실타일깨짐,천장점검구,알루미늄명패,안전각반,opp테이프,스텐파이프절단기,망입유리시트지
41,현수막가격,자개,방문패,무선조명,다이소띠벽지,타일선새롬이,전선캡,회장명패,논슬립테이프,알루미늄테이프,컷터기,암막스티커
42,미니등신대,드림캐처,카페간판,캠핑파티라이트,욕실천장시트지,메꿈이,유리문,led명패,문턱,크라프트테이프,pvc컷터,uv차단필름
43,x배너,인테리어벽난로,대문문패,팬던트조명,아이보리시트지,벽보수,욕실문,아트시스명패,계단논슬립,포장테이프,pvc파이프커터기,다이소암막시트지
44,오픈현수막,불독트레이,나무메뉴판,만달라키,가죽시트지,장판용착제,슬라이딩도어레일,명패케이스,화물차그물망,은박테이프,튜빙커터,미러시트지
45,생일축하현수막,라탄인테리어,큐브간판,취침등,물칠판시트지,줄눈보수,도어,상패리아,차단봉,접착증진제,파이프컷터기,무늬유리
46,등신대제작,조개트레이,브레이크타임,led식탁등,베이지시트지,겔코트,문짝교체,향나무명패,넥산,단열테이프,멀티컷터,자외선차단시트지
47,pop스탠드,마크라메화분걸이,아크릴글자,붙이는조명,자석보드시트지,쇼파수선,회전판,삼각종이명패,전체식안전벨트,보호테이프,배관커터,유리창필름
48,물통배너,장미꽃곰돌이,간판만들기,오로라조명,한샘시트지,가구스크래치,가스쇼바,승진명패,방염포,고릴라테이프,타일커터날,미러필름
49,철재배너,니트레터링,cctv녹화중,아르떼미데조명,슈퍼매트,벽수선제,문교체,메탈스텐명패,안전난간대,강력테이프,렉스커터기,제비스코열차단필름
50,대형현수막,마크라메휴지걸이,채널간판,알전구,smt01,배관보수테이프,문짝교체비용,알미늄삼각명패,그물,캡톤테이프,크니펙스커터,컬러유리
51,시트지인쇄,썬캐쳐diy,오픈간판,우주무드등,투명접착시트지,리폼박사,함석판,임원명판,k2안전벨트,3m듀얼락,호스커터,사생활보호시트지
52,포토월,썬캐처,우드간판,아크릴무드등,고광택시트지,용착제,욕실문교체,임원명패,pp로프,초강력붙여보게,가따,썬텐지
53,임대현수막,디스플레이박스,미시오당기시오,led무드등,식탁시트지,화인퍼티,싱크대쇼바,가격표,노루망,테이프제작,dcs350,지킴이필름
54,자이언트배너,깃털,회사명판,스테인드글라스조명,비스포크시트지,오공우드픽스,자석말발굽,명패디자인,야자매트가격,밸크로,동관절단기,그라데이션필름
55,우드입간판,감성소품,화장실표시판,당기는전구,현대보닥,원목마루보수,선반다보,명패크리스탈,주상안전대,투명양면테이프,dcs355,윈도우필름
56,미니입간판,라크라메,나무문패,주방조명,현대시트지,천장구멍,폴딩도어가격,자석스티커,고무캡,보온테이프,pvc절단기,열차단시트지
57,전역현수막,자개모빌만들기,당기세요,고양이무드등,무광투명시트지,가죽수선,가구받침대,호텔문고리,팬스,보양테이프,전산볼트컷터기,고방유리시트지
58,윈드배너,차량용드림캐쳐,화장실안내판,경수진조명,삼성인테리어필름,마루본드,문틀,황동명패,렉산골판,부틸방수테이프,tcb105,창문반사필름
59,베너제작,마블트레이,사무실간판,베르판조명,블랙보드시트지,인조대리석보수,접이식선반대,계좌번호판,울타리망,부틸테이프,pvc파이프절단기,창문자외선차단
60,아크릴등신대,열기구모빌,아크릴명판,아이방조명,형광시트지,네바리,오도시,나전칠기명패,안전망,내열테이프,알루미늄커터,안개시트
61,입간판제작,가짜책,간판천갈이,라탄전등갓,현대s115,바치방수테이프,텍스,msds경고표지,실리콘판,필라멘트테이프,디월트,창문시트
62,엑스배너,벽난로인테리어,캠핑팻말,네온조명,a4시트지,바치리폼박사,문장군,아크릴팩토리,과속방지턱,원형양면테이프,렉스동커터,유리창썬팅지
63,포스터스탠드,유리공예,철제간판,라탄갓,주방시트지,가구흠집,이케아상판,이쁜명패,메쉬펜스,블랙박스접착,블랙다이아몬드커터기,그라데이션시트
64,칠순플랜카드,소품트레이,안내표지판,미피수유등,다이소아스테이지,마루바닥찍힘,목다보,아크릴명패제작,타포린,테프론,파이프컷터,1층사생활보호
65,led배너,우드소품,나무현판,라탄등,토퍼시트지,못자국,슬라이딩레일,크리스탈삼각명패,단독주택현관문,몬스터테이프,앵글커터,햇빛차단시트지
66,플래카드,대형마크라메,포인트간판,감성캠핑조명,리무버블시트지,마페이줄눈,선반지지대,투명명패,자동바,카본테이프,전산볼트컷팅기,샤워부스시트지
67,미용실배너,아기방인테리어,포맥스간판,경수진램프,슈퍼매트시트지,삼중지,미닫이문레일,블랙크리스탈명패크기60,계단난간,천테이프,동카타기,비산방지필름
68,플랭카드,벽난로모형,나무팻말,스트링라이트,백색시트지,타일구멍,목모보드,사무실명패,정화조뚜껑,보양비닐,7122200,자외선썬팅지
69,근조기,드림캐쳐diy,셀프간판,간접등,성심공방,쇼파보수,현관스토퍼,호두나무명패,주택대문,취급주의테이프,엑셀파이프절단기,망입시트지
70,a형간판,가짜창문,아크릴표지판,아고라이팅,딥그린시트지,강마루메꾸미,큐비클,poom명패,진동방지패드,신박하게방수테이프,동컷터,무점착암막시트지
71,led입간판,월레스와그로밋,입체글자,카페조명,민트시트지,연성메꿈제,히든도어,교회명패,양계망,다목적방수테이프,로덴베르거커터,스마트필름
72,생신현수막,기와,오픈클로즈팻말,테이블조명,인테리어필름지,쇼파스티커,원형상판,대리석명패,차량고임목,박스테이프80m,커터칼,반사시트지
73,생일플랜카드,스탠딩모빌,입체간판,빈티지조명,민트색시트지,타일매지,현관문교체,명패가격,방수갑바,방열테이프,스텐파이프커터기,물로붙이는시트지
74,포맥스인쇄,쿠사마야요이,cctv표지판,줄조명,현대인테리어필름,인포벨물도깨비,무타공말발굽,문고리안내판,쇠사슬,실리콘방수테이프,tc105,칼라유리
75,현수막거치대,공기권총,소화기점검표,led줄조명,냉장고시트지,강화마루메꾸미,행거도어,사무실선물,갑바,초강력테이프,dcs350n,단열시트지
76,스탠드간판,결혼작사이혼작곡2,금연표지판,가정용미러볼,pvc시트,강화마루찍힘,리빙보드,순금명패,철망휀스,망사테이프,와이어커터기,pdlc
77,스탠드안내판,샤넬책,표찰,lexon미니램프,인테리어시트지,매직픽스,찬넬,자개명판,핸드레일,신선식품테이프,동컷터기,스테인글라스
78,프로포즈현수막,빈티지소품,고정문,라바램프,가구시트지,아스팔트보수,천장텍스,msds그림문자,난간,친환경테이프,테이프디스펜서,윈도우시트지
79,네일샵가격표,인테리어트레이,출입금지표지판,크리스탈조명,lxzin,고려풀,레일,공인중개사명판,텐텐지,형광테이프,tc-105h,어린이집썬팅
80,현수막천,우드모빌,회전간판,렉슨미니램프,s115,마이텍스,방음판,명패주문,렉산폴리카보네이트,우림테이프,파이프캇타,창문사생활보호필름
81,pop거치대,소품책,강아지문패,루이스폴센,필름지,재단자,흡음판,스테인레스명패,펜스가격,양면벨크로,강관절단기,유리용시트지
82,원목입간판,아기방소품,건물번호판,무선무드등,삼성필름,줄눈메꾸미,베란다문,어워드닷컴,공사용부직포,스펀지테이프,디월트전산볼트,중심인테리어유통
83,졸업현수막,홀로그램장미,금속간판,주방식탁등,시트지롤,마루찍힘,의자중심봉,otto명패,렉산지붕,틈새테이프,디월트충전멀티커터,skc단열필름
84,미니배너거치대,썬캐쳐재료,현관호수,무지개무드등,재단자,도배부자재,싱크대가스쇼바,계좌번호,안전로프,축광테이프,쇠파이프절단기,스테인글라스시트지
85,풍선간판,물수정,나무이름표,스누피무드등,영림필름,가죽보수,게제힌지,교패,주차장차단기,차량용양면테이프,배관절단기,유리시트
86,사진현수막,플라즈마볼,외출중,미피무드등,한샘인테리어필름,바닥보수,호차,멀티넘버링,복층렉산,폼양면테이프,동파이프컷터,지킴이반사필름
87,롤업배너,라탄유모차,led돌출간판,포인트조명,보드시트지,나무바닥보수,화장실문보수,사장님명판,해태망,카바링테이프,시그마커터기,상구네만물상
88,부동산현수막,소담작업실,수목장명패,루이스폴센ph5,접착시트,인포벨방수테이프,책상유리,아크릴팝업,3m미끄럼방지,오공테이프,엑셀파이프커터기,자외선차단썬팅지
89,여름현수막,홈포차,openclose,불멍무드등,카키시트지,쇼파테이프,고탄성스펀지,이름표,렉산캐노피,튜브테이프,철근절단기,다이소창문시트지
90,애니데이파티,말편자,아크릴글씨,플라워팟,가구용시트지,도배용풀,베란다창고문,접수처,지붕,누수테이프,튜브커터기,쏠라필름
91,네일샵배너,수정구슬,글자간판,무지개조명,kcc필름,가죽소파수선,조절좌,테이블명패,경사판,컬러테이프,리지드,글라스시트지
92,카페베너,크리스탈썬캐쳐,원형간판,주방식탁조명,pp필름,강마루본드,수대,계좌번호명패,안전띠,곰팡이방지테이프,hcp200,창문암막
93,티그램,행잉레더스트랩,오픈클로즈문패,부케유리돔,보드마카시트지,세면대깨짐,선반대,교수님명패,안전바,폼테이프,동관컷팅기,다이크로익필름
94,에어풍선간판,벌룬독,회사간판,산리오무드등,kcc인테리어필름,못구멍,대형아크릴판,교수명패,바리게이트,개퍼테이프,스텐커터,미용실시트지
95,족자현수막,벽장식소품,오픈클로즈,led전광판,책상리폼,인조잔디본드,쇼바,마스크착용안내문,대문제작,색테이프,pb가위,솔라필름
96,팥빙수배너,인테리어잡지,준공표지판,네온간판,화이트보드벽지,대리석줄눈,유리다보,명패아크릴,화물차용품,장판테이프,강관커팅기,시트지
97,스탠드메뉴판,대형드림캐쳐,간판디자인,라탄갓등,es69,창문형에어컨틈새,유리브라켓,법무사명패,방지턱,투명실리콘테이프,동배관커터기,어린이집창문시트지
98,시트지출력,족자봉,돌출표찰,렉슨미나,영림시트지,마루실리콘,접이식브라켓,사장님선물,골판렉산,싱크대방수테이프,로덴베르거동파이프커터,다이소시트지
99,깃발배너,자개썬캐쳐,원목간판,플라워팟조명,자석벽,페인트보수,말굽,아크릴금속명패,주차차단기리모컨,투명방수테이프,에어컨공구,다이소거울시트지
100,실외배너거치대,여름소품,오픈클로즈안내판,달조명,화이트보드지,줄눈닷컴,화장실문짝,아크릴네임택,고무,고스트겔,동파이프컷팅기,상가시트지
101,반영구배너,아이방소품,기업부설연구소현판,미용실싸인볼,smt10,흠집스티커,유리제작,커플민증,능형망,줄눈방수테이프,디월트만능커터,지킴이단열필름
102,미용실입간판,크리스탈,미세요,우주조명,es56,가루풀,가구스티커,회장님명패,창문빗물받이,싱크대테이프,마닉스열선,유리필름지
103,속눈썹배너,썬라이트,현관문번호판,광섬유,es86,미홈보수키트,매트밀림방지,2단자개명패,고라니망,인포벨방수테이프,밀워키동파이프,다마거
104,안심콜스티커,바다유리,아크릴간판제작,침대조명,화이트보드필름,욕조보수제,화장실문방수,개업명패,전선보호덮개,3m벨크로,케이블절단기,샤워부스필름
105,칠순잔치현수막,라탄열기구,오픈led,led간접등,장덕수시트지연구소,콘크리트보수,현관문클로저,대표선물,고무받침,붙여보게,c12ppc,격자창문
106,이벤트현수막,쿠사마야요이호박,아크릴문패,버섯조명,극동공업,하드필키트,매트리스밀림방지패드,리퀴드랩,방문턱,무소음테이프,강관파이프절단기,미용실썬팅
107,졸업식현수막,자개모빌재료,사무실현판,천장조명,다이소시트지,가죽보수스티커,무타공도어스토퍼,문고리팻말,자동문스위치,바닥라인테이프,동커터날,창문썬팅필름
108,배너물통,미니드림캐쳐,와이파이안내판,감성조명,방수투명시트지,벽구멍,mds도어스토퍼,미용실로고,닭장망,욕실테이프,용수타일절단기,무점착유리시트지
109,스틸배너,인테리어천,안내판제작,아이방수면등,한화인테리어필름,걸레받이보수,가구부속품,삼각이름표,자동문센서,자국안남는테이프,공성파이프커터,레인보우필름
110,파티붕붕,차키트레이,지싸인,캠핑앵두전구,현대필름s176,천장보수,도어씰,소방약장,대문가격,픽스테이프,라쳇동파이프커터,다이소무점착시트지
111,피오피글씨,마크라메부엉이,회사현판,rgb조명,인조가죽시트지,가죽리폼,스파이더락도어스토퍼,아크릴상장a4,휀스대문,우벤테이프,쇠파이프절단,문시트지
112,대형배너,조개모빌,아크릴숫자,노을조명,울트라시트,인조가죽스티커,쇼파밀림방지,알류미늄명패,플라스틱체인,양면테이프프라이머,엑셀가위,열반사필름
113,스탠드배너,라탄벽장식,조명간판,은하수무드등,접착식화이트보드,구멍스티커,침대밀림방지,에코메이커스,캠버클,울트라테이프,찬넬절단기,스마트유리
114,포토현수막,아이방인테리어,입체글씨,주방등,그레이시트지,샷시구멍,밀림방지패드,예약석,처마,모자테이프,디월트멀티컷터,밖에서안보이는시트지
115,배너광고,카페인테리어소품,화장실팻말,북유럽식탁등,필름시공칼,온돌마루보수,슬라이딩도어댐퍼,커플증,처마물받이,플렉스테이프,로덴베르거pvc,오로라시트지
116,필라테스배너,벽꾸미기,외부인출입금지,조명갓,무광화이트시트지,가죽수선패치,인조대리석,통크리스탈명패,방진고무판,청랩,엣지밴딩기,빛차단
117,빙수배너,거실벽면인테리어,벽간판,선셋무드등,방문시트지,오공마루커버시트,까치발,편지각인,3m귀덮개,곰팡이테이프,블랙다이아몬드커터,아쿠아시트지
118,퇴직현수막,차키보관함,미용실간판,조명등,몰딩시트지,비즈접착제,이케아테이블상판,피부샵로고,범폰,몬스터겔,스마토파이프커터,안전필름
119,네일가격표,인테리어북,지주간판,노래방조명,반사시트지,장판부자재,계란판방음재,cctv촬영중,안전발판,듀얼락,컷쏘,창문선팅
120,배너디자인,셰이커박스,cctv스티커,와이어전구,파스텔시트지,벽지구멍,몬스터락,t자형아크릴꽂이,안전대,조인트테이프,크니펙스7112200,어린이집시트지
121,광고판,슈가슈가룬,아크릴표찰,꽃무드등,lg시트지,스타본드,현관문고정,계좌번호안내판,넥산가격,스폰지테이프,링쏘,색유리
122,물통배너거치대,철제벽장식,사무실표지판,신생아수유등,벽지시트지,피스커버,문틀교체,금명패,아시바발판,당일배송테이프,dw-105,레이스시트지
123,커피배너,제프쿤스벌룬독,openled,건전지조명,시트지화이트,석고보드구멍,쇼파스펀지,다이소명패,알루미늄논슬립,다이소방수테이프,pvc파이프컷터,베란다썬팅지
124,현수막인쇄,마크라메행잉,갈바간판,led레일등,매트시트지,프로마,현관말굽,대표자명패,점자블럭,오공박스테이프,강관컷팅기,엠보시트
125,퇴사현수막,카페소품,자석간판,diy,몰딩시트,못구멍스티커,모루유리,로고디자인,주차차단기바,택배테이프,디월트전산볼트커터,다이소썬팅지
126,x배너거치대,댄싱머신선인장,출입금지,인테리어주방등,시트지샘플,가죽쇼파수선,문소음방지,명패선물,철대문,서통전기테이프,블랙다이아몬드파이프커터,화이트암막시트지
127,바다현수막,빨강머리앤,강아지도어사인,우드조명,smt02,강마루찍힘,슬라이딩문,명패투명,미끄럼방지고무,물테이프,스테인리스커터,창문불투명시트지
128,에어간판천갈이,홈카페소품,까치발간판,갓등,인테리어필름롤,가구흠집스티커,방문짝,부착형명패,계단난간대,자동차양면테이프,케이블컷터기,모루유리시트지
129,a4거치대,킨포크잡지,산업안전표지판,붙이는led,다이소투명시트지,가죽수선테이프,가구수평,스틸명패,미끄럼방지스프레이,비닐테이프,배관커팅기,시트지거울
130,pop대,아이방벽장식,영업중led,아모램프,인테리어필름샘플,경성메꿈제,식탁강화유리,아크릴대표명판,쇠사슬체인,필모룩스,7122200sb,sk5095
131,프레임배너,손모형뜨기,원형돌출간판,베르판글로브,현대엘엔씨필름,도배초배지,천장마감재,알루미늄삼각명패,논슬립큐,3m방수테이프,pvc컷터기,시트지재단
132,축하현수막,소품,아파트호수,무드등제작,간판시트지,타일줄눈보수펜,아파트현관문교체,원장님선물,맨홀뚜껑,컬러박스테이프,강관파이프커터기,창문열차단썬팅지
133,미니배너제작,얼음모형,수목표찰,무선등,광확산필름,쇼파가죽스티커,베란다폴딩도어,의학박사명패,엘리베이터보양,아크릴테이프,동파이프커터날,스트라이프시트지
134,폼보드인쇄,테피스트리,간판종류,라탄조명갓,시트지벽지,메가픽스,중문스토퍼,자개사장명패,방문턱제거,만능테이프,만능컷터기,어린이집창문썬팅
135,인셀덤배너,마크메라,후광간판,크리스탈무드등,옥외용시트지,줄눈페인트,유압쇼바,진급선물,안전그물망,벨크로찍찍이,블랙다이아몬드동커터,고방유리
136,수박현수막,벽걸이장식,푯말,마인크래프트무드등,현대보닥인테리어필름,가구보수제,의자부품,창업선물,제전매트,구리테이프,시그마컷팅기,사무실시트지
137,퇴임현수막,모형과일,벨을눌러주세요,별조명,필름칼,칼라메꾸미,무타공스토퍼,탁상용명패,흡착포,얇은양면테이프,아레나토리나일론커터,창문에붙이는
138,골드입간판,옛날티비,스텐간판,앤트레디션,홀로그램시트지,타일줄눈테이프,자동차흡음재,통신사로고,침대안전바,변기테이프,케이블캇타,pdlc필름
139,가격표제작,쉐이커박스,화장실사인,수입조명,화이트보드스티커,3m순간접착제,방문가격,파티션a2045,위험물저장소,겔테이프,호스절단기,거실썬팅
140,안심콜배너,곰돌이장미,개업선물,유리돔,삼성시트지,못스티커,현관문도어스토퍼,학교장명패,지붕빗물받이,실링테이프,동카터,마이필름
141,포토프롭,월데코,회의중,제일조명,에어컨시트지,쇼파가죽패치,선반고정,pvc2단택케이스1세트100개명찰케이스투명비닐투명명찰,울타리철망,3m초강력양면테이프,배관커터기,베란다선팅
142,반영구메뉴판,우드오브제,예쁜현판,네온사인만들기,접착투명시트지,배관보수,방문인테리어,sq-st798-1,엘리베이터보양재,3m박스테이프,배관컷팅기,유리불투명시트지
143,카페현수막,패브릭포스터대형,팻말제작,라인등,다크그레이시트지,초배지,아파트문교체,경비실경유,바리케이트,다이소종이테이프,스텐파이프커터날,창문자외선차단필름
144,어깨띠제작,레터보드,문패제작,생일선물,무광블랙시트지,퍼티필러,고경도스펀지,공인중개사책상,벨트차단봉,커버링,알루미늄파이프커터,반투명필름
145,현수막시안,자개드림캐쳐,아크릴박스간판,별무드등,미니롤시트지,가죽의자리폼,고탄성스폰지,교감명패서각,무늬철판,끈적임없는테이프,tcb-105,썬팅시트지
146,포토존현수막,아크릴썬캐쳐,간판가격,라탄등갓,대리석시트지,타일마카,대형아크릴,대표이사크리스탈명패,간이리프트,동테이프,t커터,거실창썬팅
147,코로나배너,말발굽편자,골드간판,스테인글라스조명,벨벳시트지,dr-100,문말발굽,돌명패,메쉬휀스가격,우림박스테이프,디월트전산볼트커터기,유리에붙이는시트지
148,뷰티샵배너,스튜디오201,안심콜스티커,국민수유등,시트지프라이머,강화마루수리,재현하늘창,디자인아크릴개인명패,칼라강판가격,테이프,렉스동커터기,자외선필름
149,에어풍선,고스트우드,아파트호실판,아크릴무드등만들기,울트라시트지,벽못자국,도어범퍼,법무사명판,안전그네,원형벨크로,에어컨배관커팅기,투명썬팅지
150,칠순배너,웨딩아치,머리조심,조지넬슨버블램프,하부장시트지,샤시구멍,강화유리제작,사장명판,pc판,리폼박사방수테이프,크니펙스파이프커터,제비스코필름
151,배너간판,운석,사이드간판,무선led등,한샘필름,소파보수,액자레일걸이,삼각명패크리스탈,귀덮개,보수테이프,rb22,창문자외선
152,에어간판가격,나비장식,감성간판,펜던트등,현대필름s115,다이소우드픽스,석고텍스,삼각아크릴명패,처마차양,포장용테이프,동배관절단기,암막썬팅지
153,출산현수막,빈티지페이퍼,led영업중,예쁜식탁조명,화장실문시트지,제스트폼건,가정용방음벽,스윙홀더,산업용안전벨트,벽지테이프,동파이프캇타,에칭시트
154,깃발제작,아크릴볼,주소표지판,인테리어등,싱크대상판시트지,타일사이,미닫이레일,아크릴이름표,문턱경사로,수광양면테이프,밀워키동파이프커터,패턴유리
155,메뉴판스탠드,불가사리,사무실명패,미니조명,주방하부장시트지,소파수선,나무문,양면가로210x148,바닥고무매트,마감테이프,밀워키전산볼트,창문열차단썬팅
156,실내배너거치대,홈포차인테리어,현관번호판,led라인조명,smt03,엘머스우드필러,다용도실문,오또명패,파이프마개,젤테이프,밀워키전산볼트커터,한지시트지
157,입구간판,크리스탈볼,금연구역,무드조명,무광화이트보드시트지,파이프누수,하나로보드,우편함스티커,디자인휀스,벽에붙이는테이프,밀워키컷터기,베란다윈도틴팅
158,현수막주문제작,브릭나인벽난로,스텐현판,야외조명,붙이는템바보드,소파테이프,가마찌도어,이사명패,러셀망,석면테이프,슈퍼동파이프커터,유리선팅
159,캠핑현수막,텐세그리티,소방안전관리자현황표,필립스휴싱크박스,영림인테리어필름,아덱스dg3,화장실큐비클,입주자외주차금지,안전용품,은박지테이프,엠바절단기,uv차단시트지
160,전교회장포스터,조니워커블루라벨,오픈사인,깃털조명,외부용시트지,테라코화이바테이프,아스텍스,자기명패,진동패드,나노테이프,파이프커터both,창문빛차단
161,예쁜현수막제작,매거진b,호수스티커,캠핑무드등,템파보드시트지,대리석보수제,방문자석,전문직명패,벽부형핸드레일,칼라테이프,nt커터칼,홀로그램시트지
162,반영구가격표,로즈베어,화장실문패,탁상조명,패브릭시트지,도배풀제거제,헤드보드,주차금지,충격방지패드,깔끔대장다용도방수테이프,rothenberger,선텐지
163,양면배너,스톤오브제,아크릴번호,스마일조명,rs51,마루보수스틱,smc,중개사명패가격,타포린천막,pvc테이프,스텐커터기,베란다사생활보호필름
164,현수막출력,스윙잉스틱,층별안내판,줄전구,벽시트지,욕조크랙,씽크대쇼바,직원명패,주차장코너보호대,접착테이프,시그마타일,블라인드시트지
165,플래카드제작,종이모빌,쓰레기무단투기금지안내문,헬로키티무드등,싱크대필름,타일깨짐보수,소파스펀지,직위명패,크린룸가방,3m폼양면테이프,전산볼트컷터,백페인트글라스
166,아메리카노배너,빨간머리앤,open간판,핀조명,접착식아스테이지,줄눈마카펜,다보볼트,진급선물자개,대성부품,asf110,주철관절단기,아키스타
167,피부샵메뉴판,방꾸미기,소화기표지판,식탁조명등,화이트필름지,도배용품,홀캡,투명명판,앤드캡,색깔테이프,튜브컷터기,창문용시트지
168,a형철제입간판,메쉬보드,화장실문구,무드등만들기,흰색시트지,메지칼,현관문말굽,호구명패,칼라강판지붕,3m전기테이프,파이프커터튜빅스,무점착안개시트지
169,미용실베너,아이방인테리어소품,사인보드,감성전구,lxzin인테리어,크랙실란트,거울받침대,호실판,휀스종류,양면찍찍이,pvc배관커터,빛차단필름
170,대형인쇄,마크라메드림캐처,cctv작동중,한지등,pvc시트지,붙이는줄눈,그림걸이,a4아크릴꽂이,안전보호구함,3m투명양면테이프,갓따,거울썬팅지
171,철제배너거치대,아이스크림모형,staffonly,석양조명,실루엣시트지,우드펜슬,소파밀림방지,골드메탈명패제작,휀스가격,천막보수테이프,공성/ksu/파이프커터,skc필름
172,고희현수막,솔방울,주소판,라이언무드등,엘지시트지,퍼티테이프,고밀도스펀지,골드미니명패,옥상난간대,타이탄겔,동배관커터,안개필름
173,아이스크림에어간판,어번던스,소형간판,앤트레디션플라워팟,인테리어필름1롤,타일줄눈마카펜,리빙우드,교장선물,죔줄,소이텍스,동파이프커팅기,자외선차단창문
174,피켓,우드이니셜,엘이디간판,조명의신,장농시트지,마루보수인두기,욕실선반브라켓,대구명패제작,지붕재료,3m찍찍이,로덴베르거커터날70051d,중문유리시트지
175,뷰티샵메뉴판,펜트하우스굿즈,테이블번호,팬던트등,붙박이장필름,베어링오일,찬넬기둥,대기업회장명패,논슬립q,삼우테이프,슈퍼파이프커터,베란다창문썬팅
176,실내배너,소라껍질,미시오,인테리어조명등,워터초크시트지,욕실메꾸미,바닥스토퍼,돌출표찰,계단매트,천막보수,이시이타일컷터기,불투명필름
177,소량굿즈제작,커피벽돌,호실번호판,별자리무드등,인테리어필름칼,다용도메꾸미,유리도어,맞춤명패,방진고무패드,몬스터양면테이프,크니펙스동커터,창문격자
178,안심콜,스팽글,간판글씨,조명레일,투명방수시트지,피스마개,천정고리,메탈고급명패,고무깔판,화장실방수테이프,핸드타일커터,유리반사필름
179,피켓제작,아이방모빌,오픈문패,캠핑감성조명,현대l&c,파이프보수,아크릴다보,메탈글라스명패,그네식안전벨트,원형찍찍이,b-tc600,필름거울
180,현수막사이즈,인스타소품,사용중,아이방등,기포없는시트지,주방용실리콘,유리키스,메탈명패제작,용접각반,신일테이프,pvc커터날,sk단열필름
181,속눈썹메뉴판,움직이는선인장,아크릴돌출간판,오징어등,블루시트지,타일줄눈제,화장실도어,메탈스탠드명패,휀스기둥,3m절연테이프,tc-103,무점착암막
182,안전현수막,드림캐쳐재료,도로명표지판,비츠조명,lg하우시스시트지,보수페인트,접이식선반브라켓,명패메탈,egi휀스,3m원형양면테이프,로덴베르거커터날,욕실유리시트지
183,현수막게시대,거실벽장식,오픈,크리스탈식탁등,데코타일,마루보수인두,욕실문방수,명패알루미늄,안전블럭,카바링,비올라,미러썬팅지
184,금연현수막,세계지도패브릭,오픈안내판,나노리프,블랙유광시트지,가구색칠,창고문,명패야,화물차깔깔이,튜브방수테이프,스텐파이프컷터기,거실유리썬팅
185,임대문의현수막,감성인테리어,아파트동호수,캐릭터무드등,시트박사,소파가죽패치,밀림방지,미니나무명패,스피커방진패드,아크릴양면테이프,스티로폼절단,아쿠아유리시트지
186,기념일현수막,포장마차인테리어,정기휴일,개업선물,시트지함석판,육각슁글,바닥보호매트,반려동물수목장명패,이탈방지끈,우레탄테이프,시그마타일커터,윈도틴팅
187,배너폴대,플렌스테드,계단조심,diy키트,옷장시트지,인테리어테이프,책상강화유리,변호사명패폰트,자동문,eva테이프,알덴라쳇,창문단열시트지
188,실사출력스티커,물고기모형,미용실회전간판,무선led,es130,장판논슬립,디아월,병원명패,자바라대문,라이프레시피,montolit,광확산필름
189,현수막원단,오브제소품,사무실문패,led와이어전구,슈퍼매트필름,팀버메이트,천장액자걸이,부동산명패,고소작업렌탈,튜브보수테이프,tc-107,유리문필름
190,등신대만들기,레트로소품,예쁜led간판,충전식무드등,엘지인테리어필름,매지,유리슬라이딩도어,사장님이름표,주물대문,삼성테이프,갓다,점착식창문시트지
191,샌드위치배너,세계국기,금손간판,키즈조명,조명시트지,몰딩보수,책장고정,소형명패,가시철망,주방방수테이프,동카타,창시트지
192,환갑상차림,마크라메드림캐쳐,나무간판제작,led스트랩,직물시트지,방문보수,아파트방문교체,숫자명패,윤형철조망,북테이프,로덴베르거동커터,유리창암막
193,네일배너,기와가격,미용실싸인볼,특이한무드등,코팅시트지,가죽소파보수,도어레일,숫자판,태양자동문,청보호테이프,블랙다이아몬드커터기11218,거실창문썬팅
194,대형현수막제작,고래모빌,open팻말,오리무드등,테이블시트지,다이소마루보수,와이어걸이,스탠드명패,구갑망,난연테이프,신용컷터기,무점착열차단
195,카페개업선물,빈티지책,포맥스제작,케어베어무드등,검정무광시트지,대리석수리,의자럭킹,실내형대형배너,미끄럼방지페인트,차량용테이프,용수타일,적외선차단필름
196,환갑배너,오너먼트,led아크릴간판,모던미드센추리조명,그린시트지,보수스티커,타공도어,심사위원명패,스텐체인,flextape,컷소,샷시썬팅
197,세우는간판,편자,사무실표찰,누마램프,벽지칠판,실크벽지보수,가구고정,아크릴명패주문제작,지붕강판,마스킹비닐,타일커터기,유리창열차단
198,생일파티현수막,마크라메선반,메탈간판,커튼조명,보닥필름,형제pvc철물,식탁유리가격,아크릴삼각이름표,가시철조망,기밀테이프,플라스틱파이프커터,창문단열필름
199,스텐입간판,백화수복,목간판,네온바,아파트현관문시트지,오공틈새메꾸미,abs문,옥돌명패,분진망,다이소부직포테이프,tcb-107,불투명시트
200,상가임대현수막,인테리어새장,close,아크릴조명,자석시트지,가구마카,레일문,원사진급선물,논슬립페인트,서통절연테이프,z-v63n,썬마루
201,코로나포스터,레트로tv,화장실안내문,led네온,무광칠판시트지,마루보수칼라스틱,테이블유리,이쁜책상명패,pe로프,친환경종이테이프,동커팅기,창문보호필름
202,x베너,led드림캐쳐,디자인간판,샤오미무드등,밥상시트지,메도칠,수맥차단매트,이사장명패만들기,비계발판,asf-110,동파이프커터tc-105,무점착창문썬팅지
203,물놀이현수막,드리프트우드,현관문호수판,카카오무드등,조명용시트,몰딩자,레일도어,임원명패제작,안전펜스,내열양면테이프,리지드커터,불투명유리
204,반영구베너,라탄모빌,문패만들기,아모램프수유등,현대시트,밀가루풀,9mm문선,정육점명패,옥상난간,372ks,만능커터기,스테인드글라스필름
205,스탠드입간판,만다라패브릭,아파트문패,싸이키조명,띠벽지,아트월구멍,환기창,종이삼각명패,화물차아대,3m8067,멀티컷터기,유리창선팅
206,식당현수막,레트로티비,층별안내,터치등,벽지오염방지,장판수리,슬라이딩도어부속,중앙기념사명패제작,도로반사경,무소음박스테이프,밀워키파이프커터,데코사랑
207,어린이집현수막,모빌재료,와이파이표지판,포인트등,브라운시트지,피스캡,방음아트보드,철제메뉴판,대문종류,열전도테이프,블랙다이아몬드11116,썬팅필름지
208,세계지도,알라딘램프,간판조명,자개조명,올리브시트지,목공오일,현관문말발굽,크리스탈명패제작,제설함,친환경박스테이프,스마토pvc파이프캇터기,암막썬팅
209,현수막걸이,자개모빌diy,사무실명판,램프,외부시트지,소파가죽스티커,tv회전판,탕비실표지판,고무받침대,바닥테이프,스마토동파이프커터sm-105,암막창문시트지
210,미용실현수막,인테리어나뭇가지,화장실간판,무선led바,인테리어필름시트지,몰딩접착제,유리타공도어,투명아크릴명판,화물차갑바,타일테이프,스마트스프링파이프커터날,유리암막시트지
211,가로등배너거치대,진자,실내아크릴간판,원통직부등,토리1004,물도깨비리폼,문교체비용,한의사명패,폴리스라인,방수양면테이프,30공타공기,창문반사
212,메쉬배너,데스크모빌,와이파이표시,토끼무드등,핀스,백곰본드,유리주문,호두나무명패가격,화물차발판,신선테이프,동관커터날,창문에붙이는시트지
213,입간판만들기,영문페이퍼,흡연금지표지판,리비트무드등,현관문도색,지붕마감재,키보드흡음재,화장실표시판,미끄럼방지실리콘,종이양면테이프,동파이프커터사용법핵심요약,아파트창문썬팅
214,포도따기체험,부엉이마크라메,led오픈,구름무드등,현대l&c슈퍼매트,풀자국제거제,폴딩도어레일,황동+레이저+싱글패,견인바,3m실리콘테이프,디월트컷소,베란다자외선차단
215,smp배너,시나몬가랜드,led채널간판,이케아라탄조명,lg필름,멀티가드,접이식도어,회의용아크릴명패,펜스종류,크라프트종이테이프,모세관커터,스테인글라스창문
216,테이블배너,곰돌이포스터,영업시간안내판,눈꽃조명,무광필름지,sealantfix,다이소도어스토퍼,a형금속명패,사각맨홀뚜껑,3m강력양면테이프,스텐레스절단공구,유리재단
217,매쉬배너,주기율표,작은간판,유리조명,시트몰이,덧바르는실리콘,주방문,cctv설치안내,장애인경사로,페인트마스킹테이프,아임삭멀티커터,창문반투명시트지
218,배달의민족배너,빈티지종이,화장실사용중,led레일조명,올리브그린시트지,데코타일보수,원형계단,t자명패,엔드캡,화장실테이프,파이프커터휠,확산필름
219,꽃집배너,크리스마스리스,깃발간판,네온사인간판,s179,마루수리,레일액자,t자형명패,용접포,노턴테이프,lk-500,skc5095
220,식당배너,레인보우메이커,인테리어간판,아기수면등,네이비시트지,쇼파가죽수선,천장레일,vmd멀티넘버링,주차장기둥보호대,두꺼운양면테이프,디월트멀티커터케이스,거실썬팅지
221,전역플랜카드,벽걸이소품,나무현판제작,원목조명,무늬목시트지,가구기스,ㄷ자,vmd멀티넘버링번호돌림판n12,트럭그물망,방수실리콘테이프,라쳇파이프커터,건물썬팅지
222,대형스티커제작,와이어레터링,미끄럼주의표지판,조개무드등,벨크로시트지,실리콘보수,방음벽설치,간이명패,화물아대,양면폼테이프,로덴베르거강관파이프커터기,물시트지
223,배너부품,아기방헌팅트로피,숫자판,도자기조명,시트지칠판,타일줄눈보수,현관도어스토퍼,갈색크리스탈명패,단차해소기,벽테이프,만능컷터기날,엠보시트지
224,밴딩입간판,비스무트,예쁜간판,야외전구,우드시트지,쇼파패치,욕실문보수,걸이명패,안전블록,소음방지테이프,스테인리스커터기,투명시트지
225,공부방현수막,슬레이트,오픈표지판,후렌치,축광시트지,원목스티커,천장와이어,검도일반명패,안전휀스,글루픽,신용타일컷팅기,투명컬러시트지
226,약국입간판,종이학1000마리,메탈현판,라탄전구,칠판필름,m바,아미텍스,계좌명패,전선보호대,나노양면테이프,엑셀컷팅기,화이트아웃시트지
227,회갑현수막,드림캐처만들기,알루미늄명판,불타는무드등,시트지아이보리,도배네바리,레일액자걸이,계좌번호각인,계단핸드레일,위장테이프,유리컷터기,거울반사필름
228,가로등배너,옛날tv,청소중표지판,식탁조명인테리어,침대헤드시트지,석고보드메우기,현관문스토퍼,고급명패제작,갑빠,갑을테이프,충전커터,광확산시트
229,은방이네,조개모형,led실내간판,사이키조명,esh01,쇼파가죽보수,자작나무상판,고급크리스탈명패,화물스트랩,씽크대테이프,크니펙스볼트컷터,베란다창문썬팅지
230,환갑현수막제작,포스터커튼,냉방중,네온,거실인테리어시트지,에라스코,렉스판,공인중개사개업비용,침대떨어짐방지,실크벽지테이프,파트너컷팅기,원웨이필름
231,근조기제작,고래썬캐쳐,상상싸인,무선전등,벽지화이트보드,mohawk,유리미끄럼방지,관리소장명패,건설안전벨트,넓은테이프,std-180e,유리창자외선차단
232,네일현수막,벽면인테리어,호실,코튼볼조명,하이글로시시트지,균열보수,일자도어스토퍼,교장명패가격,꿩망,다이소테이프,tcc-1070h,창문썬팅반사필름
233,컵빙수배너,아기방모빌,아파트번호판,마르셋진저,현관문,조색실리콘,중문바퀴,교장선생님명패,방충망잠금장치,동양테이프,밸류동커터기,건물썬팅필름
234,이삼애드,무지개모빌,우드레터링,부케돔,현대보닥s115,가구구멍스티커,smc천정재,교장임명장명패,전선거치대,천막테이프,스마토동파이프커터107,창문사생활보호시트지
235,학원현수막,라디오미터,금속현판,아기방조명,현대보닥s176,소파스티커,가스스프링,나무명패제작,고무논슬립,페인트테이프,스텐파이프컷터,격자시트지
236,왁싱배너,루일리모빌,셀프코너,잭다니엘,3m인테리어필름,시바툴,상판,대표원장,전원주택휀스,까슬이,알루미늄갓다,여름창문
237,정년퇴임현수막,글라스돔,원목문패,자기부상무드등,단열시트지,도배칼받이,원터치말발굽,데스크명패,추락방지망,랩테이프,주름관커팅기,욕실거울시트지
238,uv인쇄,방연당,나무푯말,스마트조명,연노랑시트지,마루찍힘보수,벽선반브라켓,로마크절곡스탠딩l자형명패표지판,화물바,유리섬유테이프,주름관컷팅기,햇빛차단시트
239,y배너,오브제트레이,자율형건물번호판,천장매립등,욕실시트지,방화패드,모듈가구만들기,매장명패제작,3m범폰,인쇄테이프,타일니퍼,베란다썬팅필름
240,크로플배너,페브릭포스터,표시판,싱크대조명,페인트팜시트지,화이바테이프,인테리어문,메달제작,주차라인,전선테이프,타일컷터,유리깨짐방지
241,학원배너,여름인테리어소품,현관문문패,침실조명,화이트펄시트지,구멍메꾸미,알루미늄레일,메탈대표명판,창문안전바,플로랄테이프,허스크바나파트너,차광시트지
242,x배너제작,오페르툼,아크릴레터링,충전식조명,lg필름지,목공용퍼티,환기구커버,명패골드,데크난간,모자사이즈테이프,armal230,창문반사썬팅지
243,마스크착용안내문,유리썬캐쳐,우드문패,델로나,보드벽지,배관누수테이프,와이어고리,명패디자인나무,원형방진고무,열에강한양면테이프,kftac-8,창문햇빛시트지
244,코로나안내문,조개껍데기,글씨간판,오픈네온사인,블랙펄시트지,브이텍우드필러,pvc점검구,명패뿔,유신주상안전대,일상공감,sm-127a,화이트암막필름
245,pop제작,라탄볼,텃밭팻말,침대무드등,상부장시트지,칼받이,흡음파티션,명패자개,미니깔깔이바,수도테이프,ts-pc-603d,무점착망입
246,가게입간판,나자르본주,부식간판,실리콘무드등,시트지컬러,인조잔디접착제,강화유리난간,명패최저가,실외기방진패드,접착스티커,리지드파이프커터,미용실션팅인테리어
247,생일현수막제작,현관문장식,철제스카시,이케아전등갓,함석판시트지,가죽소파패치,천장석고보드,문손잡이걸이용표지판,카업,다이소찍찍이,밀워키동커터,중문시트지
248,워킹배너,차량용썬캐쳐,안심콜,공간조명,es131,마루흠집,의자바닥매트,미니명패각인,논슬립스프레이,두꺼운테이프,밀워키동커터기,창문무점착시트지
249,조명입간판,홀로그램꽃,젤리키,나무조명,lges86,변기보수,가구미끄럼방지,박사명패,단열방화문,까슬이보슬이,스테인레스파이프커터,사생활필름
250,착한베너입간판,일본지도,간판업체,버블램프,도안지,아크졸,중문호차,반누보,라쳇바,누수방지테이프,시그마컷터기,아이스크림시트지
251,투명배너,수정,쓰레기버리지마세요,침실무드등,문시트지,찢어진장판,가구넘어짐방지,벤처기업명판,웨빙띠,무로멀티콘테이프,아시바절단기,3m자외선차단필름
252,현수막종류,쉬폰패브릭포스터,안내문구,스테리나이트빔,블랙아웃시트,피스커버스티커,천정점검구,변호사책상명패,수직보호망,박스테이프80m50개,와이어절단기,검정시트지
253,해변현수막,집들이선물,영업중팻말,아카리조명,비닐시트지,가구보수페인트,슬라이딩도어스토퍼,부모님감사패,3m미끄럼방지테이프,박스종이테이프,원형자르기,무점착단열필름
254,굿즈샤인,사진거치대,금연구역스티커,노래방미러볼,싱크대필름지,강마루찍힘보수,목문,사무실책상명패,pe방호벽,옥상방수테이프,전산봉커터기,무점착반투명시트지
255,무선에어간판,책소품,물은셀프입니다,아기무드등,영림중백색,도배부직포,도어교체,사원명패,주영산업,고릴라양면테이프,주름관절단기,유리컬러시트지
256,미니깃발제작,라탄가랜드,골드현판,만들기,장덕수시트지,다카모리,쇼파밴드,사장이름표,패킹,배관방수테이프,주름관컷터기,자외선차단보호필름
257,깃발현수막,아기포토존,노크해주세요,전광판,카메오시트지,석고보드땜빵,스프링도어스토퍼,삼각명패25*8,네파안전벨트,원스테이프,지관컷팅기,햇빛차단
258,메뉴거치대,행잉패브릭포스터,호수번호판,콘센트조명,태양광반사필름,하드필마루보수,마블스펀지,선반가격표,닭장철망,자국없는테이프,타일용홀커터,tc5095
259,미용실요금표,마크라메행잉플랜트,포맥스현판,스마트무드등,es98,하드필마루보수키트,유리난간,소형자개명패제작,발포실리콘,텐트보수테이프,파이프커터기w098dh,단열필름시공
260,전교부회장포스터,모빌인테리어,어린이보호,한지조명,rs69,가구찍힘,유리선반브라켓,수목장묘비문구,농약보관함,공업용양면테이프,호스가위,사생활보호반사필름
261,엑스배너거치대,스마일패브릭,카페인테리어소품,코튼볼,sd901,갤코트,벽선반받침대,수목표식,고소작업대렌탈,씽크대방수테이프,7112200sb,썬팅필름1롤
262,코로나현수막,플라스틱기와,인피니티미러,등,sl516,나사스티커,압축마블스펀지,숫자돌림판,투명지붕,타이탄겔양면테이프,ht-600d,어린이집창문
263,칠순상차림,드림캐쳐무드등,주행연습표지,조명쇼핑몰,가구리폼시트지,석고보드메꾸기,폴리몰리충전재,스퀘어골드명패,3m헤드셋,식품테이프,pb컷터기,커피시트지
264,피아노학원배너,크리스탈원석,레터링간판,led바다조명,가구시트지리폼,타일구멍메우기,선반까치발,스테인레스나무명패,볼트방진고무,초강력방수테이프,ytc600,사생활보호썬팅지
265,현수막걸이대,사슴뿔,현관문번호,네온사인diy,고광택인테리어필름,타일매직터치원,유리선반다보,신주명패,실리콘고무판,칼라박스테이프,동관커팅기,유리창시트
266,피부관리실메뉴판,가짜얼음,openclosed,레일,논슬립시트지,화성본드,중문롤러,심플명패,h10a,라바테이프,동배관컷팅기,창문암막시트
267,a3pop,공중전화부스,주택문패,led라인,싱크대유광시트지,z-1007n-nc,액자레일설치,아크릴명패가나안,자동차고임목,루디루디,동파이프컷터기,무접착셀프시공창문썬팅지
268,스킨플래닝배너,수정구,플렉스간판,인테리어무드등,침대헤드보드,나무보수,방문교체비용,아크릴파일꽂이,지붕처마,자동차테이프,라쳇동관커터,베란다유리시트지
269,실외용배너,드림캡쳐,대문명패,레일펜던트,현대엘앤씨,들뜬타일,abs도어문틀,안내설명판,화물차고임목,플라스틱테이프,레이저타일컷터기,스테인드글라스스티커
270,정년퇴직현수막,미스모네,명패디자인,말랑하니수유등,lg시트,장판찍힘,슬라이딩댐퍼,알류미늄책상명패,고정바,한국테이프,로덴베르거42,스테인드글라스시트
271,투명입간판,홀마크오너먼트,실내led간판,조명후렌치,s178,석고보드메꿈,차음시트,알미늄명패,갑바천,화장실변기테이프,볼트절단기,유리열차단
272,팔순잔치현수막,마끄라메,화장실표찰,주방간접등,골드시트지,아스콘보수,유리맞춤,어린이상장,주차장바리게이트,매직양면테이프,스마토smp0350,창문반사시트지
273,현수막주문,스톤트레이,재실표찰,라인led,단색시트지진카키,가죽소파스티커,흡착식도어스토퍼,오텀트리,나무아대,변기방수테이프,스틸파이프커터날,창문햇빛차단필름
274,배너대,기와지붕,글씨,사각매입등,데칼시트지,강마루보수키트,다이소액자레일,오픈클로즈명패,낙상경보기,인덕션테이프,시그마타일컷팅기,3m윈도우필름
275,배너사이즈,천장모빌,마스크착용안내문,포그머신,비스포크필름지,깨진타일,epp충전재,원목고급명패,창문렉산,게퍼테이프,신용타일컷터기,고방시트지
276,경작금지,하이큐태피스트리,몬스터다이버,붙이는전등,시공칼,도배칼,포켓도어,웬지명패,한반도철망,블랙박스용양면테이프,알미늄파이프컷팅,베란다유리썬팅
277,전역이벤트,포토행거,간판글자,줄네온,시트벽지,벽메꾸미세트,도마발,이글트로피,주차턱,3m강력테이프,에어컨배관커터,사생활보호창문시트지
278,정년퇴임문구,벽인테리어,자석현판,리모컨무드등,장폭시트지,장판보수테이프,도어스토퍼자석,인증명패,rt-321a,3m블랙박스,엑셀절단기,아파트창문필름
279,케이배너,인어공주캐슬,아크릴사인,침대등,필름프라이머,접착가죽,a1k1278100ab,인천명패,낙하물방지망,덕성하이텍,와이어컷터기,인테리어필름
280,냉면배너,행잉포스터,남녀표시,꽈배기전선,lx지인인테리어,wallpatch,계란판,자개명패550,알루미늄대문,박스테잎,이시이타일커터,점착시트지
281,패디플래닝배너,스톰글라스,룸넘버,led책상등,rs56,강화마루보수키트,행거레일,자석형윙게시,차량차단기,opp박스테이프,전산커터,창문.시트지
282,가게간판,인테리어소품책,철제돌출간판,캠핑줄조명,무광실버시트지,구멍메꾸기,수맥차단,정육명패,실외기방진고무,대영테이프,절단기,창문암막필름
283,캘리그라피현수막,마크라메가리개,기대지마시오,미니무드등,바닥시트지,물도깨비테이프,유리가격,제품가격표,경사발판,실리콘단면테이프,플라스틱커팅,창문열차단시트지
284,롤배너,산호오브제,저렴한나무간판,미피조명,신발장필름,쇼파가죽시트지,고정브라켓,종이류분리수거,유공발판,3mvhb4910,arm볼트커터,창문투명시트지
285,시장놀이현수막,마크라메무지개,브레이크타임팻말,네온플렉스,인디핑크시트지,가구까짐,와이어부속,종이명패a4,제전가방,블랙박스스티커,c12pc-0c,커피숍시트지
286,웨딩포토월,마크라메화분,아크릴큐브간판,공중에뜨는달무드등,조명필름,가구보수펜,차음판,직업군인명패,생명줄,서나마켓,ht-430,타공시트
287,음악학원배너,벽지가리기,아파트호실,뚱이무드등,현관문시트지,가죽쇼파보수,현관문자석스토퍼,책상명패가격,실내반사경,신선식품박스테이프,kniper볼트커터,거실창문시트지
288,현수막배너,풍경패브릭포스터,어린이보호표지판,피카츄무드등,현대l&c인테리어필름,셀프줄눈마켓,가구부속,천정표지,포터그물망,커트에이스,ksx로덴베르거스덴파이프커터,거실창문필름
289,브라이덜샤워현수막,미니마크라메,방문이름표,라탄식탁등,현대엘앤씨인테리어필름,인조대리석수리,유리문스토퍼,카달로그꽂이,개구부덮개,이지씰,pvc가위,도트그라데이션
290,배너가격,빨간머리앤소품,공부중,무선조명등,lg하우시스인테리어필름,집텍스,로봇청소기문턱,케이크네임택,문턱경사,3m커버링테이프,pvc카터기,무점착시트지화이트
291,시트지실사출력,드림캐쳐키트,외부음식반입금지,무로롱거라이트,눈금시트지,타일틈새메꾸미,방문틀,크리스탈메탈명패,가빠,라이프레시피울트라테이프,sy730,샤워부스안전필름
292,커피숍배너,여름인테리어,open네온,빙글빔,단색필름지,솔리드에폭시,안방문,크리스탈명판,철판패킹,벨크로양면테이프,tc400타일,성당창문
293,부모님생신현수막,아기방인테리어소품,사무실팻말,식탁led등,한샘필름지,욕실보수,화장실문틀,크리스탈명패양각,플라스틱사슬,아이비그립테이프,vk34n,오픈시간시트지
294,꽃집입간판,정원인테리어소품,재료소진,오늘의무드,핫핑크시트지,욕실줄눈테이프,실내방음벽,투명삼각아크릴명패,아연능형망,원준테이프,동캇타기,유리문썬팅
295,전역축하현수막,브리타받침대,층표시,토끼조명,현대l&c필름,소파가죽수선,영림도어,투명아크릴명판꽂이,오토바이사다리,접착강화제,디월트전산커터,거울필름지
296,포스터거치대,쉬폰포스터,펜션간판,이케아식탁등,sg113,참우드씰,패브릭보드,트로피,받침목,고정테이프,로덴베르거날,외부차단필름
297,마카롱배너,홀로그램모빌,호실번호,레일전등,단색무광시트지,푸가프레스카,흡착식말발굽,트루먼명패,주택울타리,3m양면,로터리커터,은반사필름
298,뷰티메뉴판,바나나모형,로고간판,무대조명,밀크화이트시트지,가구펜,픽처레일,파티션꽂이c타입,코오롱안전벨트,알미늄테이프,몬토리토,자외선선팅지
299,소형현수막,북유럽인테리어소품,실외간판,모던미드센추리인테리어,시트지색상,달팽이줄눈,뉴슬라이드백,파티션꽂이아크릴,흡연실,금속테이프,배관파이프커터,차광필름
300,작은출력소,기와장,후렉스간판,프리츠한센조명,시트지제작,마루수리키트,두현창호,파티션명패,우퍼방진매트,박스테이프50m,벨류동커터기,창문시트지파는곳
301,주차금지현수막,불가사리모형,led글자,렉슨조명,인테리어필름화이트,강화마루흠집,앵글평상,편의점개업선물,탄화포,신일박스테이프,수동파이프절단기,시야차단필름
302,피오피,유리조각,도로명주소,베르판,현대l&c시트지,도배본드,다보피스,포도명패,닭망,멀티콘테이프,스마토sm-105,유리시트지그라데이션
303,미니현수막제작,벽걸이천,돌출표지판,레일등기구,화이트무광시트지,장판땜빵,통풍구,포맥스방,쥬브바,pu테이프,엑셀관커터기,인테리어시트지
304,배너인쇄,발리소품,빈티지간판,리모컨조명,3m시트,장판메꾸미,피스캡,피아노학원로고,계단논슬립패드,본디지테이프,열선컷터기,컬러투명시트지
305,배너현수막,스튜디오소품,사무실안내판,모닥불무드등,hs204,가죽쇼파시트지,거실폴딩도어,하이우드원목상패,불티방지포,열테이프,전산볼트캇타,가정용썬팅지
306,착한배너,선라이트,커피간판,은하수조명,lg수성프라이머,공예본드,자동말굽,학교교장명패,고무롤,한일마스킹테이프,타일자르는기계,바르는시트지
307,가격표만들기,세계지도패브릭포스터,open,침실등,광폭시트지,마루찍힘보수제,망입유리,향나무명패공장,고무판파는곳,다이소풀테이프,파이프자르기,창문불투명
308,레트로현수막,스탠드모빌,글자,논네온,노기스필름,벽구멍보수,바닥도어스토퍼,호수명판,수직망,3m5069,페이스커터,창문시선차단
309,스카이댄스,무한동력,사각돌출간판,파티조명,로즈로사시트지,벽지못자국,도어자석,호텔문고리사인,판넬지붕,다이소자석테이프,7112200,패턴시트지
310,스프링배너,나뭇가지인테리어,led채널,파티등,물백묵시트지,수성연질폼,액자걸이와이어,화장실남여표시,산업용귀마개,매직보수테이프,dcs551n,max30
311,실외입간판,브리타정수기받침대,간판견적,카페등,싱크대문짝시트지,pr-50a,천정텍스,화장실돌출표시판,석면포,모자사이즈조절테이프,dw105,에칭시트지
312,애견미용가격표,조개장식,미니현판,장식장조명,아파트현관문,가죽쇼파패치,황동발,회의용아크릴케이스,생고무,몬스터화이트쉴드,pb파이프커터,욕실창문시트지
313,은퇴현수막,만다라태피스트리,방번호,플로스조명,연핑크색,다이소우레탄폼,문발굽,회장명판,골고무판,스폰지양면테이프,pvc컷팅기,유리자외선차단
314,현수막고리,촬영오브제,집호수,led취침등,천정몰딩시트지,석고보드수리,욕실천정재,45배면섬프수조,스텐대문,강력한양면테이프,pvc파이프커터파는곳,칼라유리시트지
315,미용실메뉴판,크리스탈문진,cctv안내,필립스휴그라디언트,화이트필름,석고보드패치,방화문스토퍼,45배면수조,슬로프,겔양면테이프,pvc파이프커팅기,dmck
316,파티현수막,빅이슈잡지,도로명주소표지판,우드식탁등,rs130,콘크리트균열,높이조절볼트,a4메뉴판액자,에어컨실외기진동,공업용테이프,sm-p0363,각종창문격자
317,포맥스출력,조개소품,아크릴현판제작,렉슨,미러보드필름,인조가죽보수,문짝문틀,a4아크릴다보,흑고무판,러버테이프,sus파이프커터,레인보우시트지
318,여름성경학교현수막,타조깃털,플래그간판,벽걸이무드등,비스코프시트지,접착제/보수용품,벽방음,a4용지부동산광고,중앙분리대,열에강한테이프,tc107,무점착썬팅
319,탁상용배너,손석고,개조심팻말,미스터마리아,싱크대무광시트지,풀젠틴,택스,a5상장,창문안전망,욕조방수테이프,tc206h,유리안전필름
320,회장선거포스터,썬캐쳐키트,벨누르지마세요,led바조명,애니시트,석고보드메꾸미,가스실린더,a64단카탈로그,슬러지보관함,박스테이프중포장,tcb107,자외선차단필름지
321,a3스탠드,가을소품,측면간판,루이스조명,유광펄시트지,쇼파수선테이프,미니픽스,b090055,엘리베이터버튼,신흥테이프,vk63n,투명열차단필름
322,승진현수막,아기방,감성문패,주방레일조명,인테리어필름색상,실리콘조색,일자스토퍼,ceo명판,미니깔깔이,전기절연테이프,다이아몬드블랙튜빙커터,학원시트지
323,연예인등신대,골드인테리어소품,고무스카시간판,레일전구,투명접착아스테이지,아파트벽구멍,보니타빈백충전재,led아크릴설명판,와이퍼올,크라프트박스테이프,단열재열선,3m사생활보호필름
324,외부메뉴판,짱구아크릴,당기세요미세요,주문제작무드등,홀로그램비닐,타일구멍막기,스텐난간대,mp12-19,청각반,테이프인쇄,동관가위,led필름
325,패트지,홀로그램썬캐쳐,사인물,부케말리기선물,sl610,가죽쇼파스티커,유리고정,no표시판,호로,호스테이프,동절단기,자외선차단썬팅
326,a3거치대,마크라메인형,옥외간판제작,주방레일등,걸레받이,갈라진벽보수,유리난간대,open스티커,복층폴리카보네이트,불연테이프,동파이프커터60,햇빛시트지
327,수박배너,클래퍼보드,우드사인,거실간접조명,메탈시트지,물유리,차음재흡음재,pvc번호표,경사로진입판,접착벨크로,동파이프커팅,현대시트
328,예쁜글씨pop,까사알렉시스,와이파이안내,책상등,밀리터리시트지,벽메꿈이,의자스펀지,간판의탄생,화물차탄력밴드,접착식벨크로,동파이프컷터자동,skc윈도우필름
329,원두막현수막,딸기모형,외부간판,인테리어전구,블랙무광시트지,삼광도배,선반받침대,감정평가사명패,비계계단,취급주의박스테이프,드라이월커터,맥주시트지
330,팔순플랜카드,행잉패브릭,행잉간판,일자조명,블루그레이시트지,소파보수테이프,가구밀림방지,개업명패선물,휀스철망,흰색전기테이프,디월트만능컷터,무점착썬팅지
331,결혼현수막,서핑보드장식,반패,라탄전등,옐로우시트지,슈퍼크랙실,반달스토퍼,경고그림,캐노피공사,3m폼테이프,디월트전산볼트컷터기,반투명유리
332,뉴마커스,스누피패브릭포스터,아크릴조명간판,뫼비우스조명,장롱시트지,욕실타일구멍,방문시공,경고표지,전선덮개,고내열양면테이프,디월트컷쏘,베란다선팅지
333,게릴라현수막,인어공주오너먼트,차고앞주차금지,터치조명,크림화이트시트지,러스크린,흡음재차음재,경로당간판,차단기바,창문테이프,라쳇형파이프커터,베란다유리필름
334,현수막칠순,북유럽소품,개인과외교습자현판,컬러조명,타일시트지,륨본드,diy가구,경로당명패,추락방지대,테이프프라이머,로덴베르거7.0045,붙이는암막시트지
335,대형시트지제작,철재벽장식,수목장팻말,해파리무드등,현대엘엔씨슈퍼매트,목재보수,고양이도어스토퍼,경산나무명패제작,흡연부스가격,3mvhb양면테이프,로덴베르거강관컷팅시험용,울타리시트지
336,대형실사출력,대한,아크릴숫자판,수입식탁등,화이트보드코팅지,쇼파보수스티커,그림레일,고급메탈명패,방음헤드셋,3m투명테이프,밀워키pvc,유리창윈도틴팅
337,종이거치대,마크라메대형,집명패,짱구무드등,화이트우드시트지,틈새메우기,원터치도어스토퍼,고급스러운대표명패,라쳇벨트,다이소양면테이프,밀워키스트리퍼,창문거울시트지
338,크로플포스터,꼬떼따블,목재간판,아크릴조명diy,회색시트지,tenax,크레홈,골드스텐판,벨트미끄럼방지제,무광테이프,밀워키전산볼트컷터기,창문프라이버시필름
339,속눈썹연장배너,수박모형,아크릴명판제작,루이스폴센파테라,a4자석시트지,마페이케라칼라,문가격,골프언더패,엘리베이터항균필름,박스테이프소량제작,밀워키전산봉,햇빛가리개시트지
340,컵빙수포스터,여자아이방꾸미기,아티스디자인,샤오미이라이트,a4투명시트지,벽걸이접착제,원목상판,공공화장실안내,진입판,욕실실리콘테이프,밸류동파이프커터기,3m창문필름
341,냉면현수막,바다소품,현관호수판,아이방무드등,sd920,씽크대보수,접이식선반받침대,공군기념품,현관캐노피,3m3939,보쉬멀티커터,uv시트지
342,옛날팥빙수,체리모형,농장간판,경수진인테리어,가구필름지,가죽쇼파테이프,강화도어스토퍼,공로명패,선홈통,메쉬테이프,볼트컷터기,다이크로익
343,오픈예정현수막,사슴머리,호수표시,시크릿빔,광고용시트지,스타본드950,도어고정,과장승진선물,부착바,태영테이프,볼트컷터기24in,매직글라스
344,큐방현수막,석영,화장실돌출표지판,부엌조명,붙이는몰딩,줄눈보수펜,도어스톱,관리실pop,단차해소,vhb4910,블랙다이아동컷터기,무점착암막시트
345,퇴임식현수막,슈가슈가룬에클,화장실안내,마이멜로디무드등,스크린시트지,타일금보수,방화문교체,교수님명패선물,안전난간,갑바테이프,사라기,베란다창문필름
346,현수막제작비용,요술램프,브레이크타임표지판,버섯램프,시트지그린,타일혁명,소파밴드,교장명패크리스탈,pvc논슬립,보슬이까슬이,스마토sm105,유리문썬팅지
347,생일축하배너,모세바구니,안내문,오엘라led,시트지블랙,깨진세면대,피스다보,교장크리스탈명패,산업안전벨트,창진테이프,알루미늄파이프커터기,유리보호필름
348,아이러브현수막,미니불가사리,화장실도어사인,led줄전구,실리콘시트지,마루보수시트,아교도시,군인전역명패,화물용품,깔끔대장신박하게방수테이프,유압파이프커터,점착창문시트지
349,철제베너,문장식,숫자아크릴,집게등,유광블랙시트지,벽균열,스톱퍼,금도금명패,안전벨트상체식,바치리폼박사,전동파이프커터,조명필름
350,칠순현수막제작,풍선강아지,재실,코보파티라이트,유광필름지,석고텍스,레일와이어,금연석명패,윙바디부품,가나잇라인,전산봉커터,투명안전필름
351,맥주배너,감성인테리어소품,후렉스,미드센추리모던조명,칼라시트지a4,타일석고,자석말굽,금연시설,방화포,강력벨크로,크니픽스볼트커터,거실창필름
352,세일문구,채소모형,금연포스터,비행기조명,투명시트지1롤,가죽접착,매트미끄럼방지패드,나무명패옆면,충격흡수패드,망테이프,핸드절단기,무점착자외선차단
353,손글씨메뉴판,슈가슈가룬하트,천장표찰,건전지전구,한양시트지,금간변기,방음자재,나무자개명패,로하스각반,블랙박스고정테이프,호스커터기,샷시유리필름
354,수학학원배너,열기구,화살표,led선,현관문리모델링,마루보수펜,시디즈t50좌판,내부배면,목재대문,스펀지양면테이프,403-1104,썬팅퀵
355,스탠드표지판,포트메리온오일버너,회사명판제작,붙이는무드등,현대보닥필름,만능풀,도어자석스토퍼,네일샵간판디자인,원목핸드레일,종이테이프,knipex볼트커터,거실필름
356,스틸배너거치대,생일선물,대표이사실,조명커버,4절시트지,매꿈이,무지주선반브라켓,다이빙금지표지판,창문가드,3m300lse,kxp-230,글라스필름지
357,거울입간판,빈티지열쇠,방호수,터치무드등,es127,소파패치,현관자석스토퍼,다이소파티션네임택,플라스틱판넬,asf-110fr,l-500grp,도트그라데이션시트지
358,바다배경현수막,뱃지플래그,여자화장실,루미르조명,es49,정배솔,ㄷ형강,대나무명패,현관문스토퍼,도깨비테이프,pvc커팅기,불투명창문시트지
359,배너스프링,패브릭세계지도,방이름표,바조명,escj1,포리코트,매직3구말굽스티커,대리석대문문패,고무칩,서통테이프,rems,아이방창문시트지
360,베너물통,곰돌이트레이,쓰레기무단투기금지,가랜드조명,ldl90df,거실바닥보수,책상상판,대림바스매립형욕조,바닥철판,초강력벨크로,tcb-107슈퍼,열차단필름
361,애드몬스터즈,고래패브릭,옷가게간판,네온무드등,고광택펄시트지,도배자,하부가이드,대신명패,차단바,크래프트테이프,ytc500,유리디자인시트지
362,웰컴보드,빈티지트렁크,원목현판,엘사조명,데코리코,실리콘세트,ㄱ브라켓,대출반납일,화물벨트,고릴라방수테이프,다이소파이프커터기,유리창문썬팅지
363,퇴직축하,풍경패브릭,흡연구역,이케아라탄등,롤시트,오공메꾸미,슬라이드도어,대표골드명판,주물대문가격,양면실리콘테이프,동관컷팅,유리창반투명시트지
364,환갑플래카드,돌고래썬캐쳐,메뉴간판,미드센추리조명,문틀시트지,콘크리트균열보수제,전공구,대표님명패,주차차단바,경고테이프,동캇타,창문암막썬팅지
365,정육점pop,모빌,부재중,경첩등,보닥인테리어필름,타일복원,가구쇼바,대표명패디자인,폴리카보네이트가격,몬스터겔테이프,디월트dcs350,창문유리시트지
366,골프현수막,북유럽모빌,돌출형간판,톰딕슨조명,시트지카키,강마루접착제,선반고정핀,대표명패제작사장부장크리스탈명패ud4010,철기방,봉인테이프,렉스동파이프커터n30,창문자외선필름
367,뷰티샵가격표,인테리어모형책,물은셀프,행성무드등,실루엣카메오시트지,규산소다,폴딩도어부속,대표명패필요성,크레인발판,블랙박스3m,로덴베르거동관커터,투명자외선차단필름
368,피부관리실베너,고양이썬캐쳐,담배꽁초버리지마세요,별자리조명,싱크대인테리어필름,벽메꿈이세트,액자걸이레일,대표미니명패,보양지,저소음테이프,로덴베르거컷팅기,투명창문시트지
369,대형입간판,공중전화박스,분리수거표지판,스팟조명,양면시트지,석고벽수리,기둥,"대표이사명패,정왕동",유리문고무,전기용고무테이프,로덴베르거플라스틱파이프커터,꽃시트지
370,메뉴판글씨,라탄장식,아크릴led간판,비비아플라밍고,유광화이트시트지,우드테이프,방문도어,대표이사명패대,이동식경사로,초강력접착테이프,리지드118,반투명유리시트지
371,상조기,마카롱진열,안내표지판제작,led터치등,인테리어필름핑크,다이소도배풀,자동말발굽,대표이사사무실입간판,진동방지,다이소실리콘테이프,마닉스열선커터기,빛차단시트지
372,스탠드pop,라탄,외출중팻말,미드센추리모던,차콜시트지,벽수리,문인테리어,대표이사아크릴,부직포,단면실리콘테이프,만능컷터,사생활보호필름창문
373,스탠드현수막,나무창문,우편함호수,부착식조명,칼라시트,우드마커,어닝핸들,대표이사아크릴명패제작,loto,박스테이프50개,몬토리트타일,썬팅지
374,실내용배너,아크릴얼음,현관번호,네온사인제작,화장실시트지,인두스틱,현대홈도어,대표이사책상,실내흡연부스,박스테이프인쇄,블랙다이아몬드사라기,오로라시트
375,원아모집현수막,자개모빌키트,아크릴스카시간판,레일등인테리어,3m필름지,타일눈,구멍마개,돔사인,아연철망,보강테이프,수축튜브절단기,화장실거울시트지
376,led베너,포르나세티접시,영업중led간판,오아무드등,s176필름,틈새메꾸기,셀프방문교체,동판명판,우레탄볼라드,열선테이프,수퍼동파이프커터,3m다이크로익
377,감성상점,광석,오픈클로즈사인,감성무드등,sd902,틈새방수,우마브라켓,두꺼운고무줄,차량검지기,3m라인테이프,스마토sm107,무점착시트
378,모던입간판,모형벽난로,화장실픽토그램,리비트,걸레받이몰딩,b7000본드,천장재,드리움사무실명패,타이거로프,고온테이프,시그마타일커터기,유리불투명
379,미니플랜카드,마크라메리스,가게팻말,무선간접등,나무시트지,못자국메꾸미,레일걸이,디자인글꽃,고무방진패드,의료용양면테이프,아크릴절단기,유리창반사필름
380,배너거치대부품,크리스탈구슬,계단표찰,등갓,문짝시트지,벽지구멍스티커,철계단,디자인미니명패,네파각반,인덕션방수테이프,열선커터기,유리햇빛차단
381,약국배너,나무오브제,아기문패,각인무드등,싱크대리폼,시금액,나뭇잎도어스토퍼,뚝딱인테리어,실리콘시트,황색박스테이프,원더커터,창문차광
382,에이드배너,온고,주차금지팻말,led주방등,유광실버시트지,싱크대보수,미끄럼방지도트,라벨홀더,정전기방지매트,3m얇은양면테이프,초음파커터,모루시트지
383,등신대거치대,펠트모빌,골드스카시,전구조명,유광흰색시트지,아덱스fg8,방음재,럭셔리네추렬단풍나무금도금명패,주차차단기가격,보안테이프,콤팩트볼트커터,미러선팅지
384,배경현수막,방문장식,손대지마세요,발목등,인테리어필름프라이머,우디코크워시오크,아파트방문,레고명패,클린룸가방,수중테이프,타공기,미용실유리시트지
385,배너프레임,하와이소품,유리창간판,불멍조명,조명용시트지,점섞슬,맞춤유리,로마크명패,고무바닥,욕실양면테이프,타일컷팅기대여,반투명창문시트지
386,임영웅미니등신대,석고트레이,캠핑명패,식탁전등,책상리폼시트지,탄성코트보수,슬라이딩도어부품,마네킹가격표,안전그물,의류용벨크로,파이프컷팅기tcb105,사무실유리썬팅
387,칠순플래카드,영문책,led전광판,식탁펜던트,현대보닥시트지,홈메우기,중고문짝,마스크착용안내문(코로나19),추락방지,판양면테이프,한신타일커터,시트메카
388,카페배너제작,카페포토존,금연구역표지판,led등,현대인테리어필름s176,닥터마루니,강화유리상판,마트가격표,현장안전벨트,화이트테이프,30도커터칼,욕실필름
389,현수막환갑,풍경,미니돌출간판,아모램프밸류2,걸레받이시트지,도자기수리,럭킹,매니저명패,pvc타포린,3m9448a,5.5054,유리창선팅지
390,경축현수막,부산여행지도,미용실간판그라피티,북유럽조명,몰딩용시트지,마폴코리아,미닫이도어,멀티넘버링n24,계단미끄럼방지테이프,덕성박스테이프,7.0045,유리창열차단필름
391,부동산배너,우드인테리어소품,부서표찰,보라색조명,무광흰색시트지,방수폼,원터치말굽,멀티넘버링n6,렉산가격,섬유테이프,7.0051,창문스티커
392,아이스아메리카노배너,귀여운인테리어소품,식당브레이크타임,네온싸인,샌드베이지시트지,쇼파보수테이프,천장,멀티넘버링번호돌림판n12,산업안전용품,테이프주문제작,bmi수평대,창문안개시트지
393,유리광고,소품팩토리,어린이집반패,셀프간접조명,옷장필름,에폭시보수,알루미늄점검구,메탈명패꽂이,엘리베이터향균필름,강력찍찍이,cmp-1,카페시트지
394,응원현수막,유리모빌,옆간판,아이방전등,우딘시트지,오공마루시트,산코체어매트,명패금색대표,장애인점자블럭,모자사이즈조절,c찬넬,밖에서안보이는유리필름
395,전봇대현수막,악세사리촬영소품,층별안내도,무선램프,인테리어필름사이즈,원목보수,유리상판,명패다이소,차단기리모컨,박스포장테이프,pvc커터,스테인드글라스창문
396,포토월제작,구름모빌,화장실마크,커튼박스조명,코타화이트시트지,장판융착제,퀵스토퍼,명패도금,장애인핸드레일,신박한방수테이프,rex동파이프커터날,실버반사필름
397,피부샵가격표,도자기십자가,스카시글자,글라스조명,태양광반사매트,치과용접착제,미닫이문교체,명패맞춤제작,주영산업자동바,태영전기테이프,rex커터기,아크릴유리
398,학생회장포스터,모든요일,신발을벗고들어오세요,타이머무드등,투명접착시트,타일들뜸보수,인테리어파이프,명패서각일탄아트,화물차덮개,황색테이프,sm-107,유리썬팅필름
399,a3입간판,불독인테리어,철재간판,루나스퀘어,현대s179,타일메지칼,천장인테리어,명패소,원형고무캡,덕성테이프,ytc-600,창문uv차단
400,까페배너,스테인드글라스모빌,금속스카시,필립스휴,현대보닥슈퍼매트,드라이월패치,흡음재종류,명패스티커,윙카호스,무광면테이프,강철파이프커터,확산시트
401,미숫가루배너,스타일지음,마이캘리,베르판문,es132,마루기스,꿈비패밀리침대,명패알루미늄30×6,화물고정벨트,실테이프,고속절단기,흰색시트지
402,워크샵현수막,선캐처,부서표지판,무아스무드등,lges22,못구멍막기,벽레일,명패자석,원형맨홀,크림하우스테이프,다이소파이프커터,선탠지
403,대형현수막거치대,등불,옥외간판,클럽조명,ps080,벽지보수스티커,우와도어,명패제작대표이사,컬러강판,3m372ks,대구경파이프커터,성당유리
404,메뉴판,음식모형,포장마차메뉴판,건전지무드등,검정시트지,시카본드,가구부품,명패핑크색,식생매트,3m블랙박스테이프,대형커터칼,유리암막
405,배너스탠드,키트레이,숫자레터링,귀여운무드등,극동공업함석판,우드크레용,베란다폴딩도어가격,목판명패,안전줄,가스레인지테이프,동파이프커터ct-105,자외선차단투명필름
406,배달의민족현수막,페이퍼웨이트,아크릴문자,튤립무드등,샘플북,찢어진소파,스폰지종류,문고리도어사인,베란다안전가드,아크릴폼테이프,디월트dcs355d2,창문uv필름
407,속눈썹가격표,홀마크,에폭시채널,usb무드등,시트지5m,프로클리마,유리레일,문고리알림판,등산로매트,유리양면테이프,디월트전산볼트컷팅기,프라이버시창문
408,스마트배너,라탄자개모빌,cctv경고문,usb미러볼,시트지sd920,가구마카펜,햇님토이실리콘패드,문고리표지판,쇠기둥,리폼방수테이프,렉스동관커터,반투명시트
409,스탠딩간판,인테리어오브제,led문패,레이저조명,시트지책상,가죽쇼파수리,샷시보수용레일,문고리푯말,실외기고무,보호랩,로덴베르거동커터기,방범필름
410,외부배너,전화부스,주차금지안내판,볼조명,싱크대시트지무광화이트,다이소타일보수,유압자석스토퍼,문명패,야광밴드,3m8979,로덴베르거동파이프커트,사생활보호필름시공
411,네일샵입간판,철제새장,창문led간판,led주방조명,예림크림화이트,바닥찍힘,픽쳐레일,문손잡이도어사인,채양,로고테이프,로덴베르거트윈커터,시트지창문
412,미용배너,로마기둥,엘리베이터안내판,엔틱조명,욕실방수시트지,아크릴퍼티,현관노루발,문호수붙이는스티커,화물차안전망,비닐하우스테이프,로덴베르크강관파이프커터,윈도우단열필름
413,배민배너,인테리어용책,티타늄간판,테라스조명,인테리어필름무광화이트,원목스크래치,이케아린몬상판,미니명패품절,계단경사로,청소신방수테이프,마끼다sd100,유리윈도틴팅
414,산수연현수막,꽃곰돌이,미끄럼주의스티커,화장대led,청록색시트지,장판틈새,자동문만들기,박사명패제작,미끄럼방지제,하우스테이프,밀워키전산볼트카타기최저가격,은반사썬팅지
415,팥빙수현수막,뉴턴의요람,방문문패,장식장led,토리시트,찢어진가죽,화이트상판,방향표지판,토목용부직포,3m4910,밀워키전산커터,창문햇빛가리개시트지
416,회전깃대,창문패브릭포스터,사용중표지판,버블조명,투명시트지롤,타일갈라짐,마이텍스,방화문호실판,휠체어문턱,넓은양면테이프,블랙다이아몬드커터11112,통유리시트지
417,네일아트가격표,마크라메모빌,사인통,샤오미캔들라이트,투명시트지접착,가죽리폼스티커,방문고정장치,번호돌림판n7,제전비닐,다이소테프론테이프,수동강관파이프커터,거실썬팅필름
418,미용실오픈현수막,타로소품,원형포인트간판,붙이는등,하이그로시필름지,금간세면대,방문자석홀더,번호표,텅스텐논슬립,만능방수테이프,수동서스절단기,검은색시트지
419,병원놀이현수막,라탄바구니,나무명판,강아지무드등,현대l&cs115,바닥보수키트,슬라이딩도어롤러,법조인호두나무명패,안전모햇빛가리개,벽지양면테이프,수동파이프커터,반사거울
420,안내판거치대,물고기모빌,나무안내판,무토조명,ps041,바닥흠집,예림도어ym-8001,벤처기업인증명패,에어로겔,아세테이트테이프,슈퍼동커터,베란다반사필름
421,오픈현수막제작,대리석소품,미니led간판,자석조명,다크그린시트지,복구페인트,유리방문,벨금지자석,염소망,클리어겔,스테인레스커터,시트지그라데이션
422,입간판배너,지중해그물망,입체숫자,아고조명,물백묵칠판시트지,인조가죽수선,흡음타공판,벨라우모,3mh10a,내열실리콘테이프,스텐파이프컷팅기,썬팅필름30m
423,칠판배너,빈티지인테리어소품,포맥스표지판,led알전구,싱크대상부장시트지,찢어진쇼파,매트리스미끄럼방지,벽면부착명패,아트휀스,방수테잎,유압철근컷터기최저가,유리사생활보호필름
424,안내스탠드,페이퍼가든,뚝딱인테리어,이사선물,씽크대상판시트지,피스구멍스티커,이지폴딩,변호사명패자개,충격흡수,비닐하우스보수테이프,자동라쳇파이프커터,창문유리필름
425,커피입간판,포도모형,사용중팻말,화장대전구,씽크대필름,가죽보수제,화장실유리문,병원돌출표찰,미니차단봉,양면테이프종류,찬넬커팅기,창문한지
426,a자입간판,벽인테리어소품,원룸간판,바이브폴,아트월시트지,깨진변기보수,거실폴딩도어가격,병원장명패,1톤그물망,인포벨홈쇼핑,철근커터,해바라기유리문시트지
427,pop배너,lp거치대,출장중,주방간접조명,알루미늄시트지,매직앤타일,대문스토퍼,부서안내판,협착방지봉,일상공감붙여보게,철사절단기,가정어린이집썬팅
428,스카이댄서,돌오브제,강아지집문패,스테인드글라스,야광시트,명장대리석,파이프인테리어,부서장명패,pe휀스,고무발포테이프,철파이프커터날,글라스시트
429,스탠딩배너,매쉬보드,고정문스티커,벽난로무드등,엘지시트지카키그레이,쇼파가죽시트,앵글자재,부착용꽂이판,빗물받이,고무절연테이프,청일상사,무점착윈도우시트지
430,아크릴배너,외국잡지,나무표지판,싱크대등,오렌지시트지,쇼파가죽테이프,매트리스밀림방지,분리수거명패,안전벨트죔줄,끈끈이없는테이프,카터칼,베란다사생활보호
431,케이베너입간판,인테리어서핑보드,사용중표시등,조지넬슨,외부용인테리어필름,장판보수제,방문제작,사무실고급명패,차호로,다이소벨크로,크니펙스튜빅스,비산방지
432,미니x배너,야명주,현관문호실판,까르텔조명,지붕방수시트지,창틀보수,방음인테리어,사무실책상이름표,달비계,띠테이프,킹토니pvc커터,사생활시트지
433,생맥주배너,인테리어접시,갈매기표지판,도라에몽무드등,코인텍시트지,cx1,쇼파스폰지,사물함이름표꽂이,문턱슬로프,실리콘테이프단면,튜빙커터50,아키스타필름
434,수박주스배너,달조형물,스텐명판,원목식탁등,투명시트지a4,rj부속,유리주문제작,사장님푯말,발끝막이판,영진테이프,파이프집게,아파트유리썬팅
435,여름캠프현수막,모형물고기,신발벗고들어오세요,전구갓,풍선시트지,가구메꿈제,중심봉,사장자개명패,버튼커버,인덕션테두리,파이프컷팅,외부시선차단시트지
436,플라잉배너,아이방,cctv촬영중,카카오프렌즈무드등,하이그로시시트,방수메꾸미,스프링스토퍼,사파이어블랙명패,상체식벨트,천면테이프,65미리pvc커터기,윈도우썬팅지
437,광고배너,우드알파벳,주소문패,누마수유등,es92,보수용페인트,화장실미닫이문,삼각명패pc판,자동차간이리프트,택배종이테이프,ct105,차단필름
438,반영구pop,제프쿤스,휴가중,레일플러그,mc104,싱크대상판보수,abs도어가격,삼각명패마곡,고무스티커,한일카바링,frp탱크,창문단열썬팅지
439,개업현수막,패브릭풍선,cctv문구,diy무드등,s198,가구테이프,문자석,삼각우드명패,고무과속방지턱,12mm테이프,hcm-2s,창문프라이버시
440,메뉴현수막,깃털장식,나무표찰,마인크래프트횃불,smt시트지,강화마루시트지,문고정자석,삼각종이명패만들기,대광와이어로프,고려테이프,kdy타일컷터기,무점착필름
441,미니등신대제작,다거러,외출중입니다,허먼밀러조명,tg-80012,나무마루보수,원형테이블상판,삼각표찰,휴대용경사로,마스킹테이프비닐,rbn22,아카시아리빙
442,요금표,위크앤드,현관문숫자,스트립조명,단색띠벽지,데코덴투명,행거도어레일,상담실명패,접이식바리게이트,물도깨비방수테이프,tc103b,아파트사생활보호필름
443,입간판철제,골드소품,간판까치발,싸이키,모눈종이시트지,마루보수용품,abs문틀,상장투명케이스,침대추락방지,방수줄눈테이프,tcbc105,아파트필름
444,합격현수막,인형밀짚모자,간판스카시,플라워팟vp1,무광인테리어필름,목재빠데,아트보드흡음재,샌미포토,돔반사경,전도성테이프,ton-230,암막시트지재단
445,현수막큐방,달자개모빌,이쁜간판,부착형조명,셀프웨인스코팅,벽구멍보수패치,줄비오,세련된명패,루프코일,특수테이프,tubecutter,유리블럭
446,물통입간판,대형가리개,집문패,led접이등,시트지a4,벽지수선,노출슬라이딩도어,속눈썹간판,pvc판넬,파이프테이프,xl파이프커터,창문거울필름
447,미용실pop,장미꽃곰인형,카페안내판,거실간접등,시트지베이지,보수시트,슬라이딩롤러,속눈썹연장로고,소방포,epdm테이프,z-v63,창문미러필름
448,생일플래카드,귀멸의칼날태피스트리,현관간판,무브레일,옥외시트지,얀크로스,유리폴딩도어,수영금지표지판,염소투입기,tesa테이프,강철강관하우스파이프커터,투명칼라시트지
449,현수막디자인,아기방벽장식,호실표찰,여자친구100일선물,인테리어필름시공칼,인조대리석메꾸미,하부레일,숫자데칼,미니자동바,그라스테이프,대형파이프커터,강아지시트지
450,가격표인쇄,우드슬라이스,회사문패,오엘라센서바,인테리어필름오크,지붕재,단열폴딩도어,숫자스티커,유흡착제,동박테이프,디월트멀티커터dcs355,거실열차단필름
451,마스크포스터,인조얼음,101호,주방보조등,인테리어필름유광,찢어진가죽쇼파,epp,스탠드아크릴판,k2전체식안전벨트,스텐테이프,라쳇동파이프,다이소썬팅필름
452,미용가격표,감성모빌,도로명주소간판,무드미,천장몰딩,초강력고려풀,공업용쇼바,스텐삼각명패,고탄력바,청면테이프,레이저타일절단기,단열필름
453,에어풍선간판가격,곰인형꽃,문살짝,스포트라이트,천정방수,타일메꾸기,화장실문보호대,실리콘신분증,실내난간,쓰리엠양면테이프,렉스rb22,무점착자외선차단필름
454,유리부착현수막,벽장식천,아크릴문구,예쁜조명,체크시트지,화장실타일깨짐보수,문레일,실버색명패,실내경사로,크림하우스픽스테이프,렉스동관커터기,사생활보호단열필름
455,점포정리현수막,원소주기율표,이정표,led글씨,칼라접착시트지,b5본드,충진재,아크릴개인명패,실내계단난간,3m4421,로덴베르거52000,유리반투명시트지
456,추석현수막,가짜불,휴무안내판,렉슨미나m,투명무광시트지,다용도메꿈이,힐림,아크릴메탈명패,쪽문,vhb양면테이프,로덴베르거강관커터,창필름
457,칠순입간판,부엉이드림캐쳐,led간판가격,빈티지펜던트조명,페인트우드시트지,레자보수,갈바점검구,아크릴명판,홀로철망,강력붙여보게,로덴베르거동관,투명썬팅필름
458,환갑잔치현수막,모듈휴지케이스,공부방간판,꽃조명,필름헤라,리폼가죽,경신창호산업,아크릴삼각명패,동물방지망,댄스플로어테이프,로덴베르거파이프커터날,화장실유리시트지
459,교회현수막,신선혜,문을닫아주세요,조명브라켓,핑크인테리어필름,벽틈새,수평받침대,아크릴설명판,비받이,방식테이프,링크형파이프커터,3m창문썬팅지
460,끌림배너,하트보석,벽걸이메뉴판,싱크대간접조명,현대싱크대시트지,쇼파수선스티커,한샘유로501침대,아크릴쇼케이스팝업,벽손잡이,서경테이프,밀워키가위,그라데이션창문시트지
461,산악회현수막,모형얼음,사각간판,히트조명,es133,엠바,걸쇠,아크릴테이블명패,실외기진동,오성테이프,밀워키동관커터,불투명
462,세일배너,크리스탈모빌,샤워실표지판,스모그머신,ps044,차량보수페인트,공기창,아크릴표지판제작,오탁방지막,욕조수리,박판타일커터기,아파트창문썬팅지
463,수박밭그림,레몬모형,쉿!아기가자고있어요,astep2065,rs76,텍스,바닥레일,아크릴회의명패,폴리카보네이트재단,자국안남는양면테이프,반지늘림기,점착식스트라이프창문시트지
464,에브리즈포스터스탠드,마크라메자개모빌,쓰레기를버리지마세요,빅볼전구,계산동광고시트지,가구못자국스티커,슬라이딩도어클로저,아트사인1534,차량버팀목,방수마스킹테이프,베스토타일컷터b-tc600l,투과율20%창문시트지
465,윈드배너플라잉배너오픈행사대형거치대,서핑보드인테리어,아크릴팻말,고정형led등기구,무광매트시트지,가죽쇼파수리패치,고무스토퍼,아트사인계단형진열대,철망펜스,주차라인테이프,볼트커터,해바라기창문시트지
466,제작현수막,움브라,추가반찬셀프,무선led조명,방문,디커플링매트,보강대,아트시스스퀘어골드,출입문,보호비닐,블랙다이아몬드동관커터기,화장실창문시트지
467,카페메뉴배너,고래패브릭포스터,테이블번호판,이케아등,베이지색시트지,마끼다전동건,알루미늄철판,안전보건표지,화물고정,3m5068,블랙다이아몬드동커터11195,3mes45
468,카페에어간판,베어스마켓,호수번호,화장대등,베이지색필름,마루바닥보수제,갤러리도어,알루미늄회사명판,고무밧줄,3m아크릴폼양면테이프,블랙다이아몬드컷터기,가정용썬팅지가격
469,풍선간판가격,테이블모빌,간판비용,도자기식탁등,스티커벽지,마루보수본드,다이소와이어,알미늄삼각명패pc판,라쳇타이,3m양면폼테이프,블랙다이아몬드컷팅,강화유리안전필름
470,a형배너,빨강머리앤소품,우디브로,부착조명,스티커칠판,모학연성메꿈제,컨테이너자재,애견미용간판,접이식바리케이트,일상공감초강력붙여보게,소형엑셀카터,거실창썬팅지
471,네일입간판,이소품,직원외출입금지,이케아무드등,시트지2m,방수테이프,문틀세트,약국돌출간판,블랙야크안전벨트,전자파차단테이프,쇠파이프자르기,납유리
472,메뉴입간판,철제인테리어,포맥스실사,게이밍조명,씽크대문짝시트지,자동차보수페인트,여닫이창문,얇은회사명판제작,원형고무,테이프론,슈퍼동파이프캇타tc-205,무점착시트지망입
473,엑스레이티드,깃들,계좌안내판,드로잉무드등,아스테이지접착,줄눈프라이머,욕실도어,양면알미늄명패,계단마감재,테프론필름,슈퍼파이프커터tc-103b,무점착안개
474,주문제작현수막,디자인모빌,골드스텐,매립형led,알루미늄시트,타일홈,문만들기,어린이보호400*150,더존논슬립,물샘방지테이프,스마토24,무점착열차단필름
475,철제pop,호박모형,사각포인트간판,벙커침대조명,영림프라임인테리어필름,튜브보수패치,문받침,어린이보호차량표지판,마닐라로프,백색테이프,스테인레스파이프커터기,사생활보호썬팅
476,카페배너디자인,매미모형,스카시제작,크리스탈램프,욕실문시트지,frp자재,소파부직포,예쁜골드명패,화물차바,욕조테이프,스테인리스파이프커터,암막필름지
477,포인트배너,스누피패브릭,주차장표지판,라이트패널,원형테이블시트지,강마루수리,침대미끄럼방지,오목교명패제작,구리항균필름,젤리테이프,스프링파이프커터,열반사시트지
478,피부배너,에이미루시,흡연금지,레일조명레일,월넷,건축용주사기,가벽문,오픈시간,스텐자바라대문,흡입테이프,앵귤러커터,열차단창문시트지
479,pop손글씨,인테리어패브릭,금속명판,이케아솔빈덴,인테리어필름s176,깨진세면대보수,각도조절수대,온아데이,화물그물망,메탈테이프,에어컨배관절단기,유리문시트지제작
480,감성현수막,캠핑패브릭포스터,물셀프,책조명,칼라보드시트지,마루복원,계란판스펀지,왁싱로고,화물깔깔이,열수축테이프,엑셀커터기,유리창무점착시트지
481,실사출력시트지,감성패브릭포스터,아크릴로고,갓조명,투명시트지45m,벽메꿈,싱크대유압,외부차량주차금지표지판,고무방지턱,외벽방수테이프,용수타일절단기600,유리창장식
482,여행현수막,벽난로선반,오픈푯말,갤럭시로즈,필름s176,석고보드벽보수,우드도어스토퍼,용돈상장,계단안전바,초강력젤테이프,젠텐6050,인테리어창문시트지
483,음악학원현수막,영원한7일의도시,호수문패,네온글씨,현대슈퍼매트,석고보수,계란판흡음재,우드명패,미끄럼방지고무판,3m벨크로테이프,주철관절단,자외선차단필름3m
484,주차금지표지판,조각,개봉상회,석양무드등,형광시트,욕실타일수리,린몬상판,우드명패사무실,미끄럼방지고무패드,3m초강력,주철관파이프커터,타공시트지
485,현수막각목,진심디자인,금색간판,스마트led,sg1129,집본드,pvc폴딩도어,우편함호수명패,방진판,3m커버링,철밴드거치대,틴팅지
486,나무배너,춤추는선인장,당기시오미시오,캠핑라탄조명,smt04,천연가죽스티커,방문문콕방지,유리명패,스텐논슬립,hrs101,충전만능커터,거실창시트지
487,등신대주문제작,패션잡지,돌출간판가격,우메이아스테리아,거울시트지,칼라필러,충전재,은행명패,접착식항균필름,몬스터클리어,타스코컷터기,도트그라데이션필름
488,반영구현수막,대형태피스트리,문번호판,캠핑네온사인,닌텐도스위치,타일메꿈,케인도어,음각크리스탈,가이드라인,사포테이프,타일재단기,무점착투명시트지
489,요리현수막,크리스탈소품,박스간판,led광고판,다이소화이트시트지,템바보드,ㄱ선반,음악학원로고,문턱단차,이사테이프,타일커터,물방울시트지
490,금속입간판,인테리어그물,오픈전광판,led미러볼,단열문,mt200v,도어제작,음용불가표시,체크철판,정전기테이프,파이프리머,붙이는거울시트지
491,대형현수막가격,자개칩,음식물반입금지,루프탑조명,띠시트지,다이소못자국스티커,상가유리문,이름명패제작,클린가방,중포장박스테이프,파이프머신커터날,아크릴시트지
492,메뉴판인쇄,로에베책,cctv안내표지판,우드등,미색시트지,동전닦기,자석문고정,일식집메뉴판,포터갑바,차량테이프,파이프커터기날,유리창필름지
493,세일포스터,북유럽인테리어모빌,간판걸이,레트로조명,붙이는빔스크린,세라믹줄눈,강아지계단만들기,일요일쉽니다명패,그레이팅안전덮개,틈새방수테이프,파이프커터날4.8*18.7*3,전통문양시트지
494,속눈썹펌배너,마크라메조명,어린이집문패,구비조명,블랙인테리어필름,의자수선,쇼파부직포,입체대표명패,멧돼지철망,흰색절연테이프,파이프커터날스페인,한옥문양시트지
495,외부입간판,우드카메라,우드도어사인,뭉클조명,신발장필름지,자나무,찬넬브라켓,자개명패수정,장애인안전손잡이,3mm양면테이프,펜형열선커터기,홀로그램
496,은퇴문구,트레이오브제,입체문자,베르판펀,싱크대하부장시트지,타일홈메우기,칸스톤상판,자개명패순경,절연매트,매트연결테이프,플라스틱컷팅,거실창문썬팅지
497,철입간판,피라미드,방향표지판,네온사인무드등,아스테이지시트지,고려풀500g,전도방지,자개명패파는곳,이동식휀스,벽지에붙이는테이프,호주타일공구,건축용필름
498,치킨배너,행잉모빌,아기방문패,구름등,애쉬그레이시트지,마루시트,매미고리,자개명패협찬,자바라펜스,실리콘픽스테이프,22xa,단열필름암막
499,캐릭터에어간판,라탄스토리,안내사인,led전등,옐로우그린인테리어필름,콘크리트균열보수,슬라이딩도어하부가이드,자개이름판,가스통거치대,투명박스테이프80m,71-22-200sb,무점착망입시트지
500,포토존설치,썬캐쳐크리스탈,우드현판,루이스폴센식탁등,인테리어칠판,필름보수,abs도어세트,자격증케이스,계단안전망,호스방수테이프,arm볼트커터날900,물로붙이는썬팅지
